model,season,scope,axis,axis_title,bin,n,share,rate,pred_mean,bias,auc,brier,bss_local,deficit,shift_gain_self
sj_stdmlp,2022,all,a1_count,A1 볼카운트,0-0,64084,0.2589545483933536,0.5315991511141627,0.5134119759373049,-0.01818717517685775,0.5822225205542693,0.24320325729795983,2328.5950079805607,25275.99844153545,34.37711543144929
sj_stdmlp,2022,all,a1_count,A1 볼카운트,0-1,31161,0.12591727548975237,0.5402265652578544,0.5200292801661816,-0.020197285091672845,0.5779753918802083,0.2434963197699375,1966.9328495165116,12305.325577006957,20.615159471471465
sj_stdmlp,2022,all,a1_count,A1 볼카운트,0-2,15595,0.06301723023210706,0.5218339211285669,0.5137923224130967,-0.008041598715470166,0.5651487468102944,0.2452451163506091,1714.5348279567706,6202.61846733881,1.6355336921346455
sj_stdmlp,2022,all,a1_count,A1 볼카운트,1-0,25393,0.10260958815542769,0.5280195329421494,0.5125954931215496,-0.01542403982059981,0.5875582345871878,0.24274209778127495,2597.279633950311,9996.510680920603,9.797146655228097
sj_stdmlp,2022,all,a1_count,A1 볼카운트,1-1,25225,0.10193072347578716,0.5361744301288405,0.5143399183108169,-0.02183451181802354,0.5833808774507481,0.2430514346382782,2267.86118300516,9943.028509943933,19.503271584086818
sj_stdmlp,2022,all,a1_count,A1 볼카운트,1-2,23740,0.09593004461110752,0.5291491154170177,0.5130899839297208,-0.016059131487296874,0.5648171898658375,0.24537773141993313,1514.1852971047754,9447.245091569579,9.929197367850685
sj_stdmlp,2022,all,a1_count,A1 볼카운트,2-0,8700,0.03515549233852719,0.5264367816091954,0.5081006587995817,-0.01833612280961372,0.6022678806122016,0.2407814760645287,3417.4019410894816,3397.2823747476846,4.743769643691912
sj_stdmlp,2022,all,a1_count,A1 볼카운트,2-1,13114,0.052991853623844315,0.5273753240811346,0.5094979091897975,-0.017877414891337096,0.5980524651042305,0.24149763422796972,3110.5071216628535,5136.146241015367,6.797260880600762
sj_stdmlp,2022,all,a1_count,A1 볼카운트,2-2,20240,0.08178703045192992,0.5267786561264822,0.509096937719145,-0.017681718407337232,0.582454206415244,0.243272391098415,2411.1210160911555,7985.326036523867,10.262395995789046
sj_stdmlp,2022,all,a1_count,A1 볼카운트,3-0,2809,0.011350779078037112,0.5062299750800997,0.49514240252645847,-0.011087572553641234,0.5740510892281858,0.24408725330786632,2349.938469842716,1111.9523075213099,0.5600335041454861
sj_stdmlp,2022,all,a1_count,A1 볼카운트,3-1,5605,0.02264902696062585,0.5095450490633363,0.49392628098095565,-0.015618768082380663,0.6012637776099891,0.2403222860028199,3836.0403895057902,2184.534884440157,2.2174737648372758
sj_stdmlp,2022,all,a1_count,A1 볼카운트,3-2,11806,0.04770640718950023,0.5016940538709131,0.49154949403408116,-0.01014455983683199,0.5817610636863374,0.24343376162182886,2625.377561289999,4660.93353332105,1.9704186799421408
sj_stdmlp,2022,all,a1b_phase,A1b 카운트 국면,초구 0-0,64084,0.2589545483933536,0.5315991511141627,0.5134119759373049,-0.01818717517685775,0.5822225205542693,0.24320325729795983,2328.5950079805607,25275.99844153545,34.37711543144929
sj_stdmlp,2022,all,a1b_phase,A1b 카운트 국면,투수우위 0-1,31161,0.12591727548975237,0.5402265652578544,0.5200292801661816,-0.020197285091672845,0.5779753918802083,0.2434963197699375,1966.9328495165116,12305.325577006957,20.615159471471465
sj_stdmlp,2022,all,a1b_phase,A1b 카운트 국면,평행 1-1,25225,0.10193072347578716,0.5361744301288405,0.5143399183108169,-0.02183451181802354,0.5833808774507481,0.2430514346382782,2267.86118300516,9943.028509943933,19.503271584086818
sj_stdmlp,2022,all,a1b_phase,A1b 카운트 국면,타자우위 1-0/2-0/2-1,47207,0.19075693411779918,0.5275488804626433,0.5109066170166898,-0.01664226344595343,0.5932749124255848,0.2420350563684816,2891.178058835542,18529.939296683653,21.20413243219801
sj_stdmlp,2022,all,a1b_phase,A1b 카운트 국면,2스트라이크,59575,0.2407343052951445,0.5264288711707931,0.5119172388746841,-0.014511632296108967,0.570878834680706,0.24462774870715706,1874.7443495552018,23635.189595432257,20.346321506959576
sj_stdmlp,2022,all,a1b_phase,A1b 카운트 국면,3볼,8414,0.03399980603866296,0.5084383170905633,0.49433228114987854,-0.014106035940684769,0.5921074197255899,0.2415792141178514,3340.783799382918,3296.487191961467,2.71519984797235
sj_stdmlp,2022,all,a1b_phase,A1b 카운트 국면,풀카운트,11806,0.04770640718950023,0.5016940538709131,0.49154949403408116,-0.01014455983683199,0.5817610636863374,0.24343376162182886,2625.377561289999,4660.93353332105,1.9704186799421408
sj_stdmlp,2022,all,a2_li,A2 경기 중요도 li,li<0.10,23302,0.09416014741061615,0.5094841644494035,0.49821308219839,-0.011271082251013476,0.5806530301047275,0.24334882628496338,2625.4343606158745,9196.271295015515,4.8008015828285915
sj_stdmlp,2022,all,a2_li,A2 경기 중요도 li,0.10-0.35,28588,0.11552013965216267,0.5273891143136981,0.5068976610523793,-0.020491453261318737,0.5912245101744924,0.2421717820553236,2839.7428313423957,11227.850773806025,19.467877909102203
sj_stdmlp,2022,all,a2_li,A2 경기 중요도 li,0.35-0.70,54527,0.22033603801642207,0.5305261613512572,0.5130973134064353,-0.017428847944821912,0.5779541691578626,0.24366269291652712,2170.273670580869,21547.156429523948,26.861996421947964
sj_stdmlp,2022,all,a2_li,A2 경기 중요도 li,0.70-1.20,66871,0.2702164285252473,0.5329814119723049,0.5146837714829389,-0.018297640489365996,0.581275992617992,0.24331097582467445,2250.291485959488,26386.928432381817,36.30925343569615
sj_stdmlp,2022,all,a2_li,A2 경기 중요도 li,1.20-2.00,47904,0.1935734143660697,0.5329617568470274,0.5157936583541484,-0.017168098492879036,0.5821280684271526,0.2434012562640254,2214.5306788775797,18909.66848022545,22.898418681355025
sj_stdmlp,2022,all,a2_li,A2 경기 중요도 li,li>=2.00,26280,0.10619383202948213,0.5267884322678843,0.5119682855382379,-0.014820146729646377,0.5821263522805095,0.24352410105410172,2309.942180797153,10379.026734932011,9.360944895774564
sj_stdmlp,2022,all,a3_load,A3 전시즌 경기당 대비 등판 투구수,<0.25,47915,0.1936178638391414,0.5197328602734008,0.5030335388426856,-0.016699321430715175,0.5717432359962356,0.24497538085944234,1856.9856816272545,19036.331319059926,21.66997756356161
sj_stdmlp,2022,all,a3_load,A3 전시즌 경기당 대비 등판 투구수,0.25-0.50,44117,0.17827067304583952,0.5180089307976516,0.502476633293353,-0.015532297504298631,0.5735639163111294,0.24489568931487127,1914.4792664888778,17521.70781280076,17.261029468034636
sj_stdmlp,2022,all,a3_load,A3 전시즌 경기당 대비 등판 투구수,0.50-0.75,37037,0.1496613758324174,0.5198045198045198,0.5016701968694515,-0.018134322935068337,0.570914672922488,0.24500127245718972,1845.4987740182617,14716.124806049258,19.75276118891154
sj_stdmlp,2022,all,a3_load,A3 전시즌 경기당 대비 등판 투구수,0.75-1.00,27793,0.11230765500743518,0.521318317561976,0.5014008006777407,-0.019917516884235265,0.5737320522915615,0.2450837655993103,1787.9557886220643,11046.871259297317,17.88113723306405
sj_stdmlp,2022,all,a3_load,A3 전시즌 경기당 대비 등판 투구수,1.00-1.25,13206,0.05336361285317127,0.5218082689686506,0.5053480545148631,-0.016460214453787536,0.5828863149324517,0.2435693037730412,2386.5784852141414,5216.547527382568,5.8027196953619455
sj_stdmlp,2022,all,a3_load,A3 전시즌 경기당 대비 등판 투구수,1.25-1.50,6201,0.02505738022887438,0.5289469440412836,0.5136831379693328,-0.01526380607195077,0.5982363311094597,0.2408785175396125,3324.5657108875835,2422.418206537597,2.3430239694916715
sj_stdmlp,2022,all,a3_load,A3 전시즌 경기당 대비 등판 투구수,>=1.50,10824,0.04373828150255382,0.5385254988913526,0.5182024614888939,-0.020323037402458666,0.6071186987296097,0.23956377589635403,3602.1896979830494,4205.312306372924,7.250272626784608
sj_stdmlp,2022,all,a3_load,A3 전시즌 경기당 대비 등판 투구수,전시즌없음,60379,0.24398315769056703,0.5531062124248497,0.5366821088669116,-0.016424103557938108,0.5960366001373741,0.23980169238344096,2984.88788397806,23481.588908384423,26.414268385354198
sj_stdmlp,2022,all,a3b_gp,A3b 등판 내 투구수,1-10,73772,0.2981024115859572,0.5246028303421352,0.5086500190534233,-0.015952811288711843,0.585064740720856,0.2430578396557882,2540.89644430564,29079.73951471793,30.447759045486734
sj_stdmlp,2022,all,a3b_gp,A3b 등판 내 투구수,11-20,48944,0.19777591000193961,0.5324861065707748,0.5123108204754359,-0.020175286095338918,0.5900485761830702,0.24210593708432876,2747.082821997193,19217.381871449314,32.30934728083268
sj_stdmlp,2022,all,a3b_gp,A3b 등판 내 투구수,21-35,37097,0.14990382750371758,0.5352993503517804,0.5178467478608877,-0.017452602490892755,0.5851827866476614,0.24251546616730235,2507.895673760474,14590.411861092827,18.325190797666828
sj_stdmlp,2022,all,a3b_gp,A3b 등판 내 투구수,36-60,41816,0.16897265145147733,0.5312081499904343,0.515799299441846,-0.015408850548588315,0.5799191633665348,0.2434714857408906,2230.5158848372585,16511.248507579727,16.101720875409388
sj_stdmlp,2022,all,a3b_gp,A3b 등판 내 투구수,61-80,27608,0.11156009568759294,0.527926687916546,0.5103958415149131,-0.017530846401632827,0.5731408790905367,0.24473923516885612,1797.9548725490458,10957.913444497852,13.760367615289935
sj_stdmlp,2022,all,a3b_gp,A3b 등판 내 투구수,81+,18235,0.07368510376931532,0.5200987112695366,0.5039665760287593,-0.01613213524077728,0.5614961230435507,0.24651580476343773,1234.0888980398202,7290.206946547124,7.696243448279517
sj_stdmlp,2022,all,a4_prevp,A4 전시즌 투구수,없음,60379,0.24398315769056703,0.5531062124248497,0.5366821088669116,-0.016424103557938108,0.5960366001373741,0.23980169238344096,2984.88788397806,23481.588908384423,26.414268385354198
sj_stdmlp,2022,all,a4_prevp,A4 전시즌 투구수,1-200,16117,0.0651265597724187,0.5244772600359868,0.5147213550626015,-0.009755904973385299,0.5929523081946175,0.24112316541622214,3319.0335433242567,6302.4943226771165,2.487760968416258
sj_stdmlp,2022,all,a4_prevp,A4 전시즌 투구수,201-600,29513,0.11925793625137389,0.5317317792159387,0.5153056044342738,-0.01642617478166497,0.603049529028539,0.2398924830675055,3654.9652712142056,11482.046952463352,12.914439375729327
sj_stdmlp,2022,all,a4_prevp,A4 전시즌 투구수,601-1200,56169,0.22697113208767053,0.5266606135056704,0.5073529524515576,-0.019307661054112746,0.5784812303468803,0.24396236009572062,2136.8159318736034,22223.314838832623,33.95825343904991
sj_stdmlp,2022,all,a4_prevp,A4 전시즌 투구수,1201-2000,33289,0.13451622809853236,0.5052720117756616,0.4895300881967979,-0.015741923578863726,0.5704373019781553,0.24520737006235307,1906.1462503339067,13238.036964794104,13.378445984126442
sj_stdmlp,2022,all,a4_prevp,A4 전시즌 투구수,2001-2600,25838,0.1044077713842374,0.4974456227262172,0.48210069450205323,-0.015344928224163945,0.5412111527640787,0.24883996672046807,461.4154171631468,10427.215503400894,9.866836631544547
sj_stdmlp,2022,all,a4_prevp,A4 전시즌 투구수,2601+,26167,0.1057372147152001,0.5386937746015974,0.5159335402979283,-0.022760234303669136,0.5491819953188433,0.2472427114971062,507.06887468403573,10492.204655332262,21.983493655157123
sj_stdmlp,2022,all,a5_asofn,A5 투수 누적 이력,0-99,7598,0.03070246330898041,0.5627796788628586,0.5551286476621912,-0.0076510312006674575,0.615773165713848,0.23598061338565596,4095.810490717422,2907.802701935771,0.7213209668103997
sj_stdmlp,2022,all,a5_asofn,A5 투수 누적 이력,100-499,24668,0.09967996379388375,0.5625912112858764,0.5388866437640959,-0.023704567521780517,0.6187815881571449,0.23580748267697077,4175.37381249391,9433.673532545392,22.47953550272586
sj_stdmlp,2022,all,a5_asofn,A5 투수 누적 이력,500-1499,52007,0.21015306782181417,0.5395812102217009,0.5210205862820717,-0.018560623939629206,0.5940137995604667,0.24073674580290697,3098.0472961162686,20304.556546163152,29.056029402327553
sj_stdmlp,2022,all,a5_asofn,A5 투수 누적 이력,1500-3999,84781,0.3425882524083533,0.5200811502577228,0.5039580301314659,-0.01612312012625694,0.5778476960839367,0.24418236357533799,2169.2525584950386,33573.927547331914,35.74259129635243
sj_stdmlp,2022,all,a5_asofn,A5 투수 누적 이력,4000-7999,61682,0.24924839981896943,0.5162770338186181,0.499216997407324,-0.01706003641129411,0.5608985878804224,0.2467408867383284,1198.939169245572,24682.48541443945,29.114388666300147
sj_stdmlp,2022,all,a5_asofn,A5 투수 누적 이력,8000+,16736,0.06762785284799896,0.5221677820267686,0.5098066329772051,-0.012361149049563536,0.5413756114029659,0.24848831071157632,408.9152725071377,6744.4564034690975,4.147235279905922
sj_stdmlp,2022,all,a6_psucc,A6 투수 수준 5분위,Q1 최저,35954,0.14528512316544903,0.46845969850364355,0.45622672310842854,-0.012232975395215007,0.559357298820911,0.24542557918585578,1437.5724124624844,14310.551124966205,8.725709283577809
sj_stdmlp,2022,all,a6_psucc,A6 투수 수준 5분위,Q2,42717,0.17261346738216848,0.4863871526558513,0.4742541015823619,-0.012133051073489387,0.5454824518241171,0.24686567697600523,1180.4803819219112,17102.152610366265,10.198354803420603
sj_stdmlp,2022,all,a6_psucc,A6 투수 수준 5분위,Q3,47290,0.1910923255964311,0.5141679001903151,0.4952377562561487,-0.01893014393416642,0.5515092852090702,0.24682989575461675,1188.7043714733036,18930.251971883397,27.48314740001134
sj_stdmlp,2022,all,a6_psucc,A6 투수 수준 5분위,Q4,56287,0.22744795370789422,0.534297439906195,0.5141601562900344,-0.02013728361616063,0.5485679253094088,0.2464049550051647,972.0660654669811,22492.97289493589,37.01682762198135
sj_stdmlp,2022,all,a6_psucc,A6 투수 수준 5분위,Q5 최고,65136,0.26320553436348354,0.5962294276590518,0.5770140553796822,-0.019215372279369647,0.5944126382874735,0.2345409475913722,2574.9573426707916,24775.8795715481,39.003897975269254
sj_stdmlp,2022,all,a7_inning,A7 이닝,1-3회,83348,0.33679769832546713,0.534217977635936,0.518717809951877,-0.01550016768405904,0.5778236164717183,0.2437123746137782,2056.3329512885307,32942.919513766916,32.475608473832565
sj_stdmlp,2022,all,a7_inning,A7 이닝,4-6회,82551,0.33357713195836297,0.5319014911993798,0.5138620328304045,-0.018039458368975247,0.5830632171448865,0.24302264722692996,2393.602981165699,32535.569030752216,43.56709944939919
sj_stdmlp,2022,all,a7_inning,A7 이닝,7-8회,56423,0.22799751082950798,0.525370859401308,0.5032055060134766,-0.022165353387831432,0.588832930896841,0.24273921762574438,2653.6732178845336,22211.886340678982,44.956740308388966
sj_stdmlp,2022,all,a7_inning,A7 이닝,9회+,25150,0.10162765888666192,0.5095427435387674,0.501489155403279,-0.008053588135488399,0.577196567852105,0.24410719306790887,2321.5428266167514,9956.527260686666,2.645490107521019
sj_stdmlp,2022,all,a8_hand,A8 손 매치업,1v1,30719,0.12413121484450766,0.4951984114066213,0.4847955292949019,-0.010402882111719414,0.5831419474136361,0.2435440825255754,2573.382208473551,12133.16145213453,5.391427242530762
sj_stdmlp,2022,all,a8_hand,A8 손 매치업,1v2,31497,0.12727500484903342,0.5358605581483951,0.5164830576958817,-0.019377500452513408,0.5778639958399524,0.243260294357654,2192.7698340182046,12425.953934098497,19.18023936346982
sj_stdmlp,2022,all,a8_hand,A8 손 매치업,2v1,94115,0.38030565074028577,0.535398183073899,0.5153968878330236,-0.02000129524087535,0.5802118219878853,0.24321469064386525,2224.0584564943265,37122.56454997201,61.06106974653732
sj_stdmlp,2022,all,a8_hand,A8 손 매치업,2v2,91141,0.36828812956617313,0.5311989115765682,0.5155973095443359,-0.015601602032232265,0.5816126358334214,0.24332102522312898,2291.161688629961,35965.222209679734,35.978371476594454
sj_stdmlp,2022,all,a9_batn,A9 타자 누적 이력,0-99,7586,0.030653972974720372,0.626021618771421,0.5929109203072068,-0.03311069846421422,0.6314168287140279,0.2231854105593006,4669.916573508237,2745.794058781878,13.487729381931612
sj_stdmlp,2022,all,a9_batn,A9 타자 누적 이력,100-499,22595,0.09130325855046227,0.58220845319761,0.5537934342209506,-0.028415018976659434,0.6166624229364358,0.2334803937299251,4013.0346379192883,8555.631751720179,29.58677080053535
sj_stdmlp,2022,all,a9_batn,A9 타자 누적 이력,500-1499,44050,0.177999935346221,0.5511691259931896,0.5298965969624536,-0.021272529030735954,0.6020716957088978,0.2393776971714228,3235.495070546779,17100.89806895877,32.32760147818087
sj_stdmlp,2022,all,a9_batn,A9 타자 누적 이력,1500-3999,56362,0.22775101829701946,0.5261701146162308,0.5088235305724294,-0.017346584043801405,0.5764794936303589,0.2443168732423123,2004.7928727295327,22332.080164799965,27.50449311654953
sj_stdmlp,2022,all,a9_batn,A9 타자 누적 이력,4000+,116879,0.4722918148315769,0.5052575740723312,0.49305428183206934,-0.012203292240261843,0.5553700297694075,0.2474929041263175,991.8911871851121,46912.498101623976,28.22798198046191
sj_stdmlp,2022,all,a10_base,A10 주자 상황,___,131972,0.533280532747139,0.5251947382778165,0.5105088119594424,-0.014685926318374065,0.5808783215518327,0.24352061253375284,2343.7961831030975,52120.29278966239,46.16085126339796
sj_stdmlp,2022,all,a10_base,A10 주자 상황,1__,49178,0.19872147152001035,0.5336125909959738,0.5118941559163727,-0.02171843507960114,0.5849224404948952,0.2430951321482923,2320.511545304149,19388.153341505335,37.61986575620061
sj_stdmlp,2022,all,a10_base,A10 주자 상황,_2_,18519,0.07483270834680288,0.5323181597278471,0.5122728104290389,-0.02004534929880819,0.5782293593856689,0.24374533346943655,2092.824748761757,7320.5407486080785,12.067966874652653
sj_stdmlp,2022,all,a10_base,A10 주자 상황,__3,6094,0.024625008081722376,0.5336396455530029,0.5162313435431761,-0.017408302009826793,0.5793937883080449,0.243357371527415,2214.424687880268,2405.117380504594,2.995053577537051
sj_stdmlp,2022,all,a10_base,A10 주자 상황,12_,20472,0.08272451024762398,0.5308714341539664,0.5136519348464865,-0.017219499307479902,0.5852527766080782,0.24278631019435976,2513.8409622986414,8060.719127964702,9.844431294900758
sj_stdmlp,2022,all,a10_base,A10 주자 상황,1_3,8071,0.032613790651063554,0.5389666707966795,0.5163747528549858,-0.022591917941693684,0.5858580841264399,0.24231352557104946,2482.3057447893925,3171.716230966549,6.680713876337946
sj_stdmlp,2022,all,a10_base,A10 주자 상황,_23,5375,0.021719628887308464,0.5382325581395349,0.5128975156129411,-0.0253350425265938,0.5769781625769836,0.24402129222723212,1817.4179950830483,2127.1372458688843,5.595141377455864
sj_stdmlp,2022,all,a10_base,A10 주자 상황,123,7791,0.031482349518329344,0.5286869464767039,0.5184536411113854,-0.010233305365318524,0.5980084718195767,0.24164417156832255,3023.1063648766267,3053.225280804247,1.323166183163828
sj_stdmlp,2022,all,a11_typemo,A11 game_type x 월블록,R|early,75061,0.3033110816577229,0.5135822864070556,0.4912728796604118,-0.022309406746643834,0.5540651888894703,0.2480449924633694,708.7345982287108,30194.937207705883,60.58703647982869
sj_stdmlp,2022,all,a11_typemo,A11 game_type x 월블록,R|mid,64405,0.2602516648348096,0.5053179101001475,0.49236961505781485,-0.012948295042332636,0.5474642672075952,0.24831663181021987,662.1101071185742,25936.699732131245,17.511932677516423
sj_stdmlp,2022,all,a11_typemo,A11 game_type x 월블록,R|late,77558,0.31340111204499904,0.4927667036282524,0.4853166525910575,-0.007450051037194927,0.5435047760548927,0.24857863849764678,547.7310007873881,31266.533013351476,6.981269733834748
sj_stdmlp,2022,all,a11_typemo,A11 game_type x 월블록,F|early,11199,0.045253604448179996,0.7355120992945798,0.6725119437431692,-0.06300015555141059,0.5262446371615633,0.19831942437213254,-1945.8666825387106,3601.917976264288,72.08614632102645
sj_stdmlp,2022,all,a11_typemo,A11 game_type x 월블록,F|mid,9014,0.03642432275166484,0.6954737075660085,0.6719073803304755,-0.02356632723553298,0.5304485221030072,0.21194234590854355,-71.91852156418489,3098.308166167228,8.118778302238377
sj_stdmlp,2022,all,a11_typemo,A11 game_type x 월블록,F|late,10235,0.04135821426262365,0.6911577918905716,0.6686869776568621,-0.022470814233709446,0.5235835842846138,0.21378064456286894,-150.8235389142021,3548.5060502646525,8.381365629183122
sj_stdmlp,2022,all,a12_role,A12 투수 역할(전시즌),불펜(<30구/경기),74570,0.30132701881424967,0.5214831701756739,0.5025434204460325,-0.01893974972964141,0.5882479727994545,0.24270092651944594,2740.0772260150143,29351.134884559913,43.38123742198417
sj_stdmlp,2022,all,a12_role,A12 투수 역할(전시즌),스윙(30-70),40554,0.16387308463179673,0.5338067761503181,0.5177546623832314,-0.016052113767086706,0.5934131328651361,0.24132919671961428,3024.9910931401723,15872.044960384714,16.94679109364373
sj_stdmlp,2022,all,a12_role,A12 투수 역할(전시즌),선발(>=70),71969,0.29081673886338655,0.5135822367963985,0.4971962751742717,-0.0163859616221268,0.5512438759243135,0.24796806421587977,739.5291560338135,28942.13339255572,31.338532507368193
sj_stdmlp,2022,all,a12_role,A12 투수 역할(전시즌),전시즌없음,60379,0.24398315769056703,0.5531062124248497,0.5366821088669116,-0.016424103557938108,0.5960366001373741,0.23980169238344096,2984.88788397806,23481.588908384423,26.414268385354198
sj_stdmlp,2022,all,a13_tens,A13 이닝 x 점수차,초반|0-1점,60246,0.24344572315251828,0.5335457955714902,0.519242963812169,-0.014302831759321233,0.5785775762901191,0.24370669694982836,2076.540151840467,23811.403906482265,19.987643680951745
sj_stdmlp,2022,all,a13_tens,A13 이닝 x 점수차,초반|2-3점,16623,0.06717123553371694,0.532334716958431,0.5166247356083792,-0.01570998135005186,0.5760430416120589,0.2438228155988605,2061.2807479118533,6573.142807682189,6.653498521457122
sj_stdmlp,2022,all,a13_tens,A13 이닝 x 점수차,초반|4점+,6479,0.026180739639231912,0.5453002006482481,0.5192047300544894,-0.02609547059375872,0.5760295374289816,0.24348181373205216,1801.216399289396,2558.3727996024645,7.155295386180636
sj_stdmlp,2022,all,a13_tens,A13 이닝 x 점수차,중반|0-1점,34313,0.1386540699553889,0.5306735056684055,0.5166083643363603,-0.014065141332045283,0.5831732021693142,0.2430983953383139,2393.303376150591,13527.891248284905,11.008704442739452
sj_stdmlp,2022,all,a13_tens,A13 이닝 x 점수차,중반|2-3점,27832,0.1124652485937803,0.536540672607071,0.5121891359987767,-0.024351536608294255,0.5811738772694224,0.2434516732506246,2096.439234626424,10988.704642052633,26.766185185201138
sj_stdmlp,2022,all,a13_tens,A13 이닝 x 점수차,중반|4점+,20406,0.08245781340919377,0.527638929726551,0.5115257195722454,-0.01611321015430567,0.5849535945216829,0.2423101216345851,2778.878428526743,8018.973140414677,8.592337865850288
sj_stdmlp,2022,all,a13_tens,A13 이닝 x 점수차,후반|0-1점,27707,0.11196014094523825,0.5245605803587541,0.5045626419723316,-0.019997938386422498,0.5740956914144549,0.24454517385815394,1945.3354912145726,10988.487587856389,17.9700496718331
sj_stdmlp,2022,all,a13_tens,A13 이닝 x 점수차,후반|2-3점,24107,0.097413040667227,0.5210104948770067,0.5046449949070868,-0.016365499969919872,0.5929244657255117,0.24224135853470322,2932.0575485614618,9470.671702309375,10.471069545847328
sj_stdmlp,2022,all,a13_tens,A13 이닝 x 점수차,후반|4점+,29759,0.12025198810370466,0.5162807890050068,0.499325330516426,-0.01695545848858082,0.588033397541869,0.2426171988128404,2850.1166929712163,11709.254311199878,13.874799951786617
sj_grid_w060,2022,all,a1_count,A1 볼카운트,0-0,64084,0.2589545483933536,0.5315991511141627,0.5293047737623883,-0.0022943773517744015,0.582139876414236,0.2428651163425276,2464.3937738743293,25240.85561344391,0.5471024084709301
sj_grid_w060,2022,all,a1_count,A1 볼카운트,0-1,31161,0.12591727548975237,0.5402265652578544,0.5352613574673399,-0.004965207790514459,0.5776638951709232,0.24306145459201958,2142.012157608364,12283.349238303197,1.2458781333090205
sj_grid_w060,2022,all,a1_count,A1 볼카운트,0-2,15595,0.06301723023210706,0.5218339211285669,0.5269611099301479,0.0051271888015810285,0.5645547456436811,0.24523217232838562,1719.7223287900742,6202.29109351592,0.6648647683987837
sj_grid_w060,2022,all,a1_count,A1 볼카운트,1-0,25393,0.10260958815542769,0.5280195329421494,0.5291662622235092,0.0011467292813597263,0.5877018732644127,0.242451236951413,2713.9904819467265,9984.53256332603,0.05415332632681202
sj_grid_w060,2022,all,a1_count,A1 볼카운트,1-1,25225,0.10193072347578716,0.5361744301288405,0.5303092294753833,-0.005865200653457192,0.5832158174952999,0.24252462542182296,2479.693676605943,9921.477190708516,1.407298563510084
sj_grid_w060,2022,all,a1_count,A1 볼카운트,1-2,23740,0.09593004461110752,0.5291491154170177,0.5268754010688341,-0.0022737143481835753,0.5645226479310678,0.2451800346827108,1593.5336720236282,9439.633604090519,0.19904067704612768
sj_grid_w060,2022,all,a1_count,A1 볼카운트,2-0,8700,0.03515549233852719,0.5264367816091954,0.5233989093063709,-0.0030378723028244847,0.6024492305083309,0.24023023212308314,3638.5176718310763,3389.5046529849124,0.1302109783817369
sj_grid_w060,2022,all,a1_count,A1 볼카운트,2-1,13114,0.052991853623844315,0.5273753240811346,0.5263635665111634,-0.0010117575699711834,0.598587862350791,0.2409521260642952,3329.3664471729544,5124.54443086407,0.021770952243988315
sj_grid_w060,2022,all,a1_count,A1 볼카운트,2-2,20240,0.08178703045192992,0.5267786561264822,0.5236115530503312,-0.003167103076150979,0.5825292451175098,0.24289180732986387,2563.792444051716,7972.83351543519,0.3292488185472078
sj_grid_w060,2022,all,a1_count,A1 볼카운트,3-0,2809,0.011350779078037112,0.5062299750800997,0.5102901748210247,0.004060199740924975,0.572633465056781,0.24419058669336904,2308.5986976271843,1112.423048188414,0.07509929471346054
sj_grid_w060,2022,all,a1_count,A1 볼카운트,3-1,5605,0.02264902696062585,0.5095450490633363,0.5092207606967307,-0.00032428836660558513,0.6012856215603739,0.23963941715045647,4109.2875104039695,2178.3275914990936,0.000955933488745371
sj_grid_w060,2022,all,a1_count,A1 볼카운트,3-2,11806,0.04770640718950023,0.5016940538709131,0.506291435970522,0.004597382099608804,0.5817010120445083,0.24338865977628532,2643.418506604367,4660.069985459373,0.4046814531500343
sj_grid_w060,2022,all,a1b_phase,A1b 카운트 국면,초구 0-0,64084,0.2589545483933536,0.5315991511141627,0.5293047737623883,-0.0022943773517744015,0.582139876414236,0.2428651163425276,2464.3937738743293,25240.85561344391,0.5471024084709301
sj_grid_w060,2022,all,a1b_phase,A1b 카운트 국면,투수우위 0-1,31161,0.12591727548975237,0.5402265652578544,0.5352613574673399,-0.004965207790514459,0.5776638951709232,0.24306145459201958,2142.012157608364,12283.349238303197,1.2458781333090205
sj_grid_w060,2022,all,a1b_phase,A1b 카운트 국면,평행 1-1,25225,0.10193072347578716,0.5361744301288405,0.5303092294753833,-0.005865200653457192,0.5832158174952999,0.24252462542182296,2479.693676605943,9921.477190708516,1.407298563510084
sj_grid_w060,2022,all,a1b_phase,A1b 카운트 국면,타자우위 1-0/2-0/2-1,47207,0.19075693411779918,0.5275488804626433,0.5273247869772363,-0.00022409348540697316,0.5935334193278425,0.24162546784555725,3055.5123480025204,18498.58164717501,0.003844626770227218
sj_grid_w060,2022,all,a1b_phase,A1b 카운트 국면,2스트라이크,59575,0.2407343052951445,0.5264288711707931,0.5257889780020728,-0.0006398931687202625,0.5706852328702977,0.24441628084238642,1959.5684890983955,23614.758213041627,0.039561096432911766
sj_grid_w060,2022,all,a1b_phase,A1b 카운트 국면,3볼,8414,0.03399980603866296,0.5084383170905633,0.509577782835445,0.0011394657448816625,0.591675686771327,0.2411588175837868,3508.990321721872,3290.750639687508,0.017717170968788706
sj_grid_w060,2022,all,a1b_phase,A1b 카운트 국면,풀카운트,11806,0.04770640718950023,0.5016940538709131,0.506291435970522,0.004597382099608804,0.5817010120445083,0.24338865977628532,2643.418506604367,4660.069985459373,0.4046814531500343
sj_grid_w060,2022,all,a2_li,A2 경기 중요도 li,li<0.10,23302,0.09416014741061615,0.5094841644494035,0.5130565371142982,0.0035723726648947407,0.5807788914357404,0.24311951632496517,2717.1913585537277,9187.605559351257,0.4822764261268129
sj_grid_w060,2022,all,a2_li,A2 경기 중요도 li,0.10-0.35,28588,0.11552013965216267,0.5273891143136981,0.5221928620112062,-0.005196252302491877,0.5908771187042037,0.2416938372916204,3031.4961221663884,11205.691740910293,1.2518536335222834
sj_grid_w060,2022,all,a2_li,A2 경기 중요도 li,0.35-0.70,54527,0.22033603801642207,0.5305261613512572,0.5284367861396974,-0.0020893752115598296,0.5778132541377187,0.24335915740645417,2292.1421253954577,21520.314704025586,0.38604132784332096
sj_grid_w060,2022,all,a2_li,A2 경기 중요도 li,0.70-1.20,66871,0.2702164285252473,0.5329814119723049,0.5300479826679393,-0.0029334293043655757,0.5812623258931169,0.24293230166217272,2402.4230898909814,26345.861448078052,0.9332078664482423
sj_grid_w060,2022,all,a2_li,A2 경기 중요도 li,1.20-2.00,47904,0.1935734143660697,0.5329617568470274,0.5312483383948634,-0.001713418452163995,0.582269634924437,0.2430570691212458,2352.8064700858663,18882.92882873385,0.22808040671699284
sj_grid_w060,2022,all,a2_li,A2 경기 중요도 li,li>=2.00,26280,0.10619383202948213,0.5267884322678843,0.5276611750452885,0.000872742777404234,0.5818671372056539,0.2432522461684523,2418.9971752825777,10367.440246720113,0.032462892122356535
sj_grid_w060,2022,all,a3_load,A3 전시즌 경기당 대비 등판 투구수,<0.25,47915,0.1936178638391414,0.5197328602734008,0.5173805560199592,-0.002352304253441573,0.5717957646815132,0.24467476810065272,1977.418364236705,19012.9715673372,0.4299795502517917
sj_grid_w060,2022,all,a3_load,A3 전시즌 경기당 대비 등판 투구수,0.25-0.50,44117,0.17827067304583952,0.5180089307976516,0.5168126164966749,-0.0011963143009767752,0.5730172827447529,0.24469654564110435,1994.2402087776534,17507.459553575485,0.10239668147196714
sj_grid_w060,2022,all,a3_load,A3 전시즌 경기당 대비 등판 투구수,0.50-0.75,37037,0.1496613758324174,0.5198045198045198,0.515801811033531,-0.00400270877098885,0.5706465410514034,0.24463945355070757,1990.453753001442,14694.39197122935,0.9623501274354268
sj_grid_w060,2022,all,a3_load,A3 전시즌 경기당 대비 등판 투구수,0.75-1.00,27793,0.11230765500743518,0.521318317561976,0.5155548547284399,-0.005763462833536126,0.5738454799330008,0.24472039922911823,1933.5670408686779,11030.492934516586,1.4972411065545486
sj_grid_w060,2022,all,a3_load,A3 전시즌 경기당 대비 등판 투구수,1.00-1.25,13206,0.05336361285317127,0.5218082689686506,0.5204202198818241,-0.0013880490868265483,0.5831874754188998,0.24319488299978956,2536.6322571679366,5208.5285211750925,0.041263899142792625
sj_grid_w060,2022,all,a3_load,A3 전시즌 경기당 대비 등판 투구수,1.25-1.50,6201,0.02505738022887438,0.5289469440412836,0.5301470299019594,0.0012000858606757703,0.597903689431451,0.2404829288689759,3483.3333209022708,2418.4399306504897,0.014483572250533795
sj_grid_w060,2022,all,a3_load,A3 전시즌 경기당 대비 등판 투구수,>=1.50,10824,0.04373828150255382,0.5385254988913526,0.5351118280780418,-0.0034136708133107874,0.6067463758148267,0.23904829322288332,3809.6142169249392,4196.263502469423,0.2045598433327269
sj_grid_w060,2022,all,a3_load,A3 전시즌 경기당 대비 등판 투구수,전시즌없음,60379,0.24398315769056703,0.5531062124248497,0.554550745404922,0.0014445329800722995,0.5963379753301683,0.23939019313935478,3151.3656302520344,23441.29454686552,0.20432907084920263
sj_grid_w060,2022,all,a3b_gp,A3b 등판 내 투구수,1-10,73772,0.2981024115859572,0.5246028303421352,0.5238930156403956,-0.0007098147017395862,0.5848328181570942,0.24279334376753134,2646.951579989343,29048.094900645345,0.060279669007499065
sj_grid_w060,2022,all,a3b_gp,A3b 등판 내 투구수,11-20,48944,0.19777591000193961,0.5324861065707748,0.5278024015294931,-0.004683705041281683,0.5901332931144924,0.24162972192318818,2938.3764110064603,19179.58185417248,1.7412769663956047
sj_grid_w060,2022,all,a3b_gp,A3b 등판 내 투구수,21-35,37097,0.14990382750371758,0.5352993503517804,0.5338535452726988,-0.0014458050790816523,0.5851855807184079,0.2421281383572657,2663.602869929538,14567.109131732916,0.12576146941606486
sj_grid_w060,2022,all,a3b_gp,A3b 등판 내 투구수,36-60,41816,0.16897265145147733,0.5312081499904343,0.5313047844544722,9.663446403784803e-05,0.5798377115412757,0.2431712015693967,2351.0993217254363,16490.884453188137,0.0006332801749792771
sj_grid_w060,2022,all,a3b_gp,A3b 등판 내 투구수,61-80,27608,0.11156009568759294,0.527926687916546,0.5254980817846209,-0.002428606131925082,0.5733804609199579,0.24436618881270783,1947.6403738371007,10941.210729550501,0.264081781815718
sj_grid_w060,2022,all,a3b_gp,A3b 등판 내 투구수,81+,18235,0.07368510376931532,0.5200987112695366,0.5181084271223686,-0.0019902841471679533,0.5611305264576378,0.2462708011136652,1332.2489682077833,7282.961458529773,0.11714540445850687
sj_grid_w060,2022,all,a4_prevp,A4 전시즌 투구수,없음,60379,0.24398315769056703,0.5531062124248497,0.554550745404922,0.0014445329800722995,0.5963379753301683,0.23939019313935478,3151.3656302520344,23441.29454686552,0.20432907084920263
sj_grid_w060,2022,all,a4_prevp,A4 전시즌 투구수,1-200,16117,0.0651265597724187,0.5244772600359868,0.5307683280217287,0.0062910679857418605,0.5920332048485214,0.24109246966724163,3331.341339103333,6301.691995022923,1.0344804409136759
sj_grid_w060,2022,all,a4_prevp,A4 전시즌 투구수,201-600,29513,0.11925793625137389,0.5317317792159387,0.5316087862027529,-0.00012299301318585698,0.6030017462411689,0.23943698012288686,3837.903254335573,11460.245076346939,0.0007240416700140893
sj_grid_w060,2022,all,a4_prevp,A4 전시즌 투구수,601-1200,56169,0.22697113208767053,0.5266606135056704,0.5222866420324087,-0.004373971473261684,0.5781551711001982,0.24365543837250003,2259.934666592589,22195.356353419822,1.7427612923000873
sj_grid_w060,2022,all,a4_prevp,A4 전시즌 투구수,1201-2000,33289,0.13451622809853236,0.5052720117756616,0.5034024020973356,-0.0018696096783260563,0.5701610650471548,0.24485553575034094,2046.895623151923,13219.042447513832,0.18870871842218018
sj_grid_w060,2022,all,a4_prevp,A4 전시즌 투구수,2001-2600,25838,0.1044077713842374,0.4974456227262172,0.4943320338257896,-0.0031135889004275663,0.5414082573057908,0.2486241410073496,547.7479556356468,10418.171694034092,0.4062288426929203
sj_grid_w060,2022,all,a4_prevp,A4 전시즌 투구수,2601+,26167,0.1057372147152001,0.5386937746015974,0.529859960256787,-0.008833814344810342,0.5492064791922103,0.2468146817098025,679.3123268364676,10474.040414616025,3.311614615857266
sj_grid_w060,2022,all,a5_asofn,A5 투수 누적 이력,0-99,7598,0.03070246330898041,0.5627796788628586,0.5743864247694341,0.01160674590657551,0.616876026760396,0.2360481964815833,4068.344242764055,2908.635475044219,1.6600056421369145
sj_grid_w060,2022,all,a5_asofn,A5 투수 누적 이력,100-499,24668,0.09967996379388375,0.5625912112858764,0.5574858245988211,-0.005105386687055291,0.6190858815888116,0.23505860719056917,4479.692881298547,9403.714148835264,1.0427508289463463
sj_grid_w060,2022,all,a5_asofn,A5 투수 누적 이력,500-1499,52007,0.21015306782181417,0.5395812102217009,0.5383790750858233,-0.0012021351358776355,0.5937086806517782,0.24035481997212516,3251.781029898271,20272.343621619017,0.1218870889955586
sj_grid_w060,2022,all,a5_asofn,A5 투수 누적 이력,1500-3999,84781,0.3425882524083533,0.5200811502577228,0.5182676802102847,-0.0018134700474381482,0.5777432425430934,0.2438948846934794,2284.429893475648,33534.400551976534,0.4521771678818158
sj_grid_w060,2022,all,a5_asofn,A5 투수 누적 이력,4000-7999,61682,0.24924839981896943,0.5162770338186181,0.5127371722301601,-0.003539861588457982,0.5608488341162469,0.24641923255390144,1327.7373391076153,24650.30904991162,1.2534884310726904
sj_grid_w060,2022,all,a5_asofn,A5 투수 누적 이력,8000+,16736,0.06762785284799896,0.5221677820267686,0.5244278769418815,0.00226009491511292,0.541817768572472,0.24834032121290506,468.227658907705,6740.439680432502,0.13864184987320474
sj_grid_w060,2022,all,a6_psucc,A6 투수 수준 5분위,Q1 최저,35954,0.14528512316544903,0.46845969850364355,0.4676407894324865,-0.000818909071157059,0.5586149115328274,0.24531847007020346,1480.5872216378968,14304.30568600024,0.039102803787321824
sj_grid_w060,2022,all,a6_psucc,A6 투수 수준 5분위,Q2,42717,0.17261346738216848,0.4863871526558513,0.4866837221411712,0.00029656948531991967,0.5451627132309064,0.24669885996578048,1247.2566831739252,17090.5960019231,0.00609316575518558
sj_grid_w060,2022,all,a6_psucc,A6 투수 수준 5분위,Q3,47290,0.1910923255964311,0.5141679001903151,0.5092701965092212,-0.004897703681093879,0.5517213155140737,0.2465003840400042,1320.6149706578185,18904.980560710803,1.8396857613276505
sj_grid_w060,2022,all,a6_psucc,A6 투수 수준 5분위,Q4,56287,0.22744795370789422,0.534297439906195,0.5289144798476915,-0.005382960058503583,0.5486340372368181,0.24599800394977805,1135.616032335851,22455.824538653098,2.6450856399277822
sj_grid_w060,2022,all,a6_psucc,A6 투수 수준 5분위,Q5 최고,65136,0.26320553436348354,0.5962294276590518,0.5979369187155577,0.0017074910565058055,0.5944179971779545,0.23399971268726222,2799.778782858797,24718.70588421607,0.3079833801822242
sj_grid_w060,2022,all,a7_inning,A7 이닝,1-3회,83348,0.33679769832546713,0.534217977635936,0.534036842350113,-0.00018113528582308636,0.577821503475901,0.24345360956935339,2160.326018506209,32907.941905243875,0.004434969376693753
sj_grid_w060,2022,all,a7_inning,A7 이닝,4-6회,82551,0.33357713195836297,0.5319014911993798,0.5295240826698577,-0.0023774085295220626,0.583085059433013,0.24262882980339526,2551.7738357468734,32482.845245067496,0.7566922612964684
sj_grid_w060,2022,all,a7_inning,A7 이닝,7-8회,56423,0.22799751082950798,0.525370859401308,0.5185448333079512,-0.006826026093356807,0.588616085437115,0.2422442607652596,2852.1670284647803,22166.595243359974,4.263648392867988
sj_grid_w060,2022,all,a7_inning,A7 이닝,9회+,25150,0.10162765888666192,0.5095427435387674,0.5159825018722594,0.006439758333491974,0.5772038208290124,0.24400747809528275,2361.4433496648267,9952.460134147816,1.6914783749746374
sj_grid_w060,2022,all,a8_hand,A8 손 매치업,1v1,30719,0.12413121484450766,0.4951984114066213,0.4975543453877275,0.0023559339811062285,0.5827184557520705,0.24354067272133542,2574.7462559633896,12132.9915785538,0.2765175036254675
sj_grid_w060,2022,all,a8_hand,A8 손 매치업,1v2,31497,0.12727500484903342,0.5358605581483951,0.5320381597848831,-0.0038223983635119474,0.5777224599182712,0.24283451394136793,2363.962602183778,12404.204688695409,0.7463291495053402
sj_grid_w060,2022,all,a8_hand,A8 손 매치업,2v1,94115,0.38030565074028577,0.535398183073899,0.5316233615838045,-0.003774821490094449,0.5800542746648474,0.24276516684253002,2404.773744725519,37053.9524267173,2.174908572726733
sj_grid_w060,2022,all,a8_hand,A8 손 매치업,2v2,91141,0.36828812956617313,0.5311989115765682,0.5308560341265586,-0.00034287745000960435,0.581641919377798,0.2430062396771866,2417.5680687733793,35918.69383385265,0.01737724634849942
sj_grid_w060,2022,all,a9_batn,A9 타자 누적 이력,0-99,7586,0.030653972974720372,0.626021618771421,0.6213720739145893,-0.004649544856831778,0.6315269014206505,0.2219239399503067,5208.73359606403,2730.274502665628,0.2659641146460967
sj_grid_w060,2022,all,a9_batn,A9 타자 누적 이력,100-499,22595,0.09130325855046227,0.58220845319761,0.5750176706060431,-0.007190782591566913,0.6165028965270665,0.23265392882649766,4352.805600229847,8525.34685603157,1.8947590202376425
sj_grid_w060,2022,all,a9_batn,A9 타자 누적 이력,500-1499,44050,0.177999935346221,0.5511691259931896,0.5474017016947493,-0.003767424298440236,0.6020421115316233,0.23890237169073672,3427.6375941086344,17066.94130234751,1.0139681245901895
sj_grid_w060,2022,all,a9_batn,A9 타자 누적 이력,1500-3999,56362,0.22775101829701946,0.5261701146162308,0.5235348957943234,-0.0026352188219073147,0.5764233119565824,0.24398325640632865,2138.606188647907,22301.58551321639,0.6347593167734356
sj_grid_w060,2022,all,a9_batn,A9 타자 누적 이력,4000+,116879,0.4722918148315769,0.5052575740723312,0.5059222679867683,0.0006646939144371311,0.5552968800449093,0.24735149751360774,1048.4600869983929,46885.694353558065,0.08374699126934476
sj_grid_w060,2022,all,a10_base,A10 주자 상황,___,131972,0.533280532747139,0.5251947382778165,0.5256396338629613,0.0004448955851448222,0.5807790442290859,0.2432337970466827,2458.8144206631137,52058.90617024168,0.04236305889001348
sj_grid_w060,2022,all,a10_base,A10 주자 상황,1__,49178,0.19872147152001035,0.5336125909959738,0.5273665062576567,-0.006246084738317115,0.5849532519512582,0.24263466495744215,2505.5345823963626,19351.428589240495,3.111543860425602
sj_grid_w060,2022,all,a10_base,A10 주자 상황,_2_,18519,0.07483270834680288,0.5323181597278471,0.5277751542817,-0.004543005446147164,0.5781333241696096,0.2434696174844752,2203.573836241468,7312.260015294244,0.6198596510789128
sj_grid_w060,2022,all,a10_base,A10 주자 상황,__3,6094,0.024625008081722376,0.5336396455530029,0.5315403209671689,-0.0020993245858340615,0.5784309206568491,0.24307007881889264,2329.8643090822525,2402.2780472137124,0.04355629742056071
sj_grid_w060,2022,all,a10_base,A10 주자 상황,12_,20472,0.08272451024762398,0.5308714341539664,0.5292674263139385,-0.001604007840027899,0.5850902444570927,0.24236471271594448,2683.1252963197107,8046.721720714503,0.08542059007131822
sj_grid_w060,2022,all,a10_base,A10 주자 상황,1_3,8071,0.032613790651063554,0.5389666707966795,0.5322441661792683,-0.006722504617411196,0.5864900363577953,0.24155444534170326,2787.793247173387,3161.7803964795994,0.5915328758431945
sj_grid_w060,2022,all,a10_base,A10 주자 상황,_23,5375,0.021719628887308464,0.5382325581395349,0.5277266574455772,-0.010505900693957626,0.577327515108435,0.24366944258676407,1958.9855847935712,2124.07016730228,0.962131363951851
sj_grid_w060,2022,all,a10_base,A10 주자 상황,123,7791,0.031482349518329344,0.5286869464767039,0.5356700722600676,0.006983125783363686,0.5980857942972176,0.2415786515369482,3049.400932928148,3052.397421332641,0.6161440442713403
sj_grid_w060,2022,all,a11_typemo,A11 game_type x 월블록,R|early,75061,0.3033110816577229,0.5135822864070556,0.5031550265983254,-0.01042725980873016,0.5540844418331934,0.2476638960261875,861.2857427291787,30148.545692696818,13.235612879671784
sj_grid_w060,2022,all,a11_typemo,A11 game_type x 월블록,R|mid,64405,0.2602516648348096,0.5053179101001475,0.5049892666385957,-0.0003286434615518141,0.5473519392772787,0.24816182652141788,724.0392281031017,25920.5303025472,0.011281293495990897
sj_grid_w060,2022,all,a11_typemo,A11 game_type x 월블록,R|late,77558,0.31340111204499904,0.4927667036282524,0.49822594547507676,0.0054592418468243364,0.5434639967677469,0.24856785086421798,552.0469574122556,31265.176131284796,3.748699174378103
sj_grid_w060,2022,all,a11_typemo,A11 game_type x 월블록,F|early,11199,0.045253604448179996,0.7355120992945798,0.7101100052450098,-0.025402094049570056,0.5302733700155841,0.19504380111615305,-262.03640311179834,3542.425436254476,11.719460100970004
sj_grid_w060,2022,all,a11_typemo,A11 game_type x 월블록,F|mid,9014,0.03642432275166484,0.6954737075660085,0.7099314296184938,0.0144577220524853,0.5341785598374748,0.21147741799810027,147.60451793428552,3091.5115539308654,3.0556711730375183
sj_grid_w060,2022,all,a11_typemo,A11 game_type x 월블록,F|late,10235,0.04135821426262365,0.6911577918905716,0.7009336035824982,0.00977581169192665,0.5274308554650315,0.2133678055833782,42.58107855948934,3541.653411104997,1.5862908622643543
sj_grid_w060,2022,all,a12_role,A12 투수 역할(전시즌),불펜(<30구/경기),74570,0.30132701881424967,0.5214831701756739,0.5173096753857738,-0.004173494789900145,0.587869024130466,0.24229450025408591,2902.948409694106,29301.983559485536,2.106459993632695
sj_grid_w060,2022,all,a12_role,A12 투수 역할(전시즌),스윙(30-70),40554,0.16387308463179673,0.5338067761503181,0.5346031574940253,0.0007963813437071865,0.5934053349695452,0.24104356382521694,3139.7689685683795,15853.259093595016,0.0417123994532043
sj_grid_w060,2022,all,a12_role,A12 투수 역할(전시즌),선발(>=70),71969,0.29081673886338655,0.5135822367963985,0.510208033141559,-0.003374203654839425,0.5512490732739227,0.2477210734603095,838.3984147407264,28913.305327873084,1.328854318630047
sj_grid_w060,2022,all,a12_role,A12 투수 역할(전시즌),전시즌없음,60379,0.24398315769056703,0.5531062124248497,0.554550745404922,0.0014445329800722995,0.5963379753301683,0.23939019313935478,3151.3656302520344,23441.29454686552,0.20432907084920263
sj_grid_w060,2022,all,a13_tens,A13 이닝 x 점수차,초반|0-1점,60246,0.24344572315251828,0.5335457955714902,0.5343894595545634,0.0008436639830732284,0.5786326868967591,0.24346954304596286,2171.8306427201182,23788.232744328674,0.06954350195153076
sj_grid_w060,2022,all,a13_tens,A13 이닝 x 점수차,초반|2-3점,16623,0.06717123553371694,0.532334716958431,0.5322851811975172,-4.953576091382139e-05,0.5757953243079011,0.24361019946977785,2146.684369076446,6567.4109561479345,6.615099833327776e-05
sj_grid_w060,2022,all,a13_tens,A13 이닝 x 점수차,초반|4점+,6479,0.026180739639231912,0.5453002006482481,0.5352521668199812,-0.010048033828266911,0.5762185227096511,0.24290369104078827,2034.379378420803,2552.2982047672617,1.0608634279383504
sj_grid_w060,2022,all,a13_tens,A13 이닝 x 점수차,중반|0-1점,34313,0.1386540699553889,0.5306735056684055,0.532179639837803,0.0015061341693974883,0.5831481900405888,0.24277438929965503,2523.3953871474537,13509.861024561442,0.12623370641098747
sj_grid_w060,2022,all,a13_tens,A13 이닝 x 점수차,중반|2-3점,27832,0.1124652485937803,0.536540672607071,0.5278371938810141,-0.008703478726056812,0.5813581824227706,0.24289592859344955,2319.9307394794587,10963.619935044648,3.4191604464405176
sj_grid_w060,2022,all,a13_tens,A13 이닝 x 점수차,중반|4점+,20406,0.08245781340919377,0.527638929726551,0.5273594916509118,-0.00027943807563923784,0.584884874285858,0.2420197698935671,2895.3750970174165,8009.364285461406,0.002584153854110702
sj_grid_w060,2022,all,a13_tens,A13 이닝 x 점수차,후반|0-1점,27707,0.11196014094523825,0.5245605803587541,0.5196686490596506,-0.00489193129910348,0.5740776847020957,0.24411529855094127,2117.701514081982,10969.171404252731,1.075324458859081
sj_grid_w060,2022,all,a13_tens,A13 이닝 x 점수차,후반|2-3점,24107,0.097413040667227,0.5210104948770067,0.5197245568664111,-0.001285938010595622,0.5924705813239604,0.24194437050552953,3051.0628955384477,9459.060653969678,0.06465059945427737
sj_grid_w060,2022,all,a13_tens,A13 이닝 x 점수차,후반|4점+,29759,0.12025198810370466,0.5162807890050068,0.514377361468717,-0.0019034275362898034,0.5879412580972432,0.24223530637880542,3003.0358000414312,11690.823319285375,0.17485592377164075
sj_e2var,2022,all,a1_count,A1 볼카운트,0-0,64084,0.2589545483933536,0.5315991511141627,0.5300585208606682,-0.0015406302534944905,0.5821063086804407,0.2428626425374385,2465.3872639345154,25240.598512061835,0.24668104322510848
sj_e2var,2022,all,a1_count,A1 볼카운트,0-1,31161,0.12591727548975237,0.5402265652578544,0.5356807446095624,-0.004545820648292009,0.5777512404619345,0.2430589322974843,2143.027648396012,12283.221771672543,1.0443000557690956
sj_e2var,2022,all,a1_count,A1 볼카운트,0-2,15595,0.06301723023210706,0.5218339211285669,0.5275543316393138,0.005720410510746898,0.5647029616808854,0.24522515615606497,1722.5341595434206,6202.113643947692,0.8276164073338061
sj_e2var,2022,all,a1_count,A1 볼카운트,1-0,25393,0.10260958815542769,0.5280195329421494,0.5300333336798317,0.002013800737682314,0.5877205733001574,0.24247362810422904,2705.0058055500535,9985.454667074535,0.1670076345217355
sj_e2var,2022,all,a1_count,A1 볼카운트,1-1,25225,0.10193072347578716,0.5361744301288405,0.5310275110335357,-0.005146919095304736,0.583299511825205,0.24251893535507607,2481.981679530154,9921.244414893092,1.0837152355705129
sj_e2var,2022,all,a1_count,A1 볼카운트,1-2,23740,0.09593004461110752,0.5291491154170177,0.5277460821983545,-0.0014030332186631966,0.5646980313839456,0.24512724353053633,1614.722145814307,9437.601101180118,0.07578895916429751
sj_e2var,2022,all,a1_count,A1 볼카운트,2-0,8700,0.03515549233852719,0.5264367816091954,0.5245390636080545,-0.0018977180011409134,0.6023847352355111,0.24034869324098054,3591.000384693799,3391.176068388221,0.050812659699203906
sj_e2var,2022,all,a1_count,A1 볼카운트,2-1,13114,0.052991853623844315,0.5273753240811346,0.5273389577596225,-3.636632151216013e-05,0.598341136369108,0.2410466718592563,3291.4344228827554,5126.555220870133,2.8126989312905524e-05
sj_e2var,2022,all,a1_count,A1 볼카운트,2-2,20240,0.08178703045192992,0.5267786561264822,0.5247474623483469,-0.0020311937781353206,0.5823730572927494,0.24294055904432318,2544.2356618737394,7974.433772386007,0.13542615373678782
sj_e2var,2022,all,a1_count,A1 볼카운트,3-0,2809,0.011350779078037112,0.5062299750800997,0.5122666497818829,0.006036674701783151,0.5721659938529058,0.2441141604764016,2339.1739312301206,1112.0748845413561,0.1660109012917039
sj_e2var,2022,all,a1_count,A1 볼카운트,3-1,5605,0.02264902696062585,0.5095450490633363,0.5110499461183408,0.0015048970550044505,0.6012280503325376,0.23982586758059457,4034.680149050274,2180.022430024601,0.02058631066804512
sj_e2var,2022,all,a1_count,A1 볼카운트,3-2,11806,0.04770640718950023,0.5016940538709131,0.508410132412032,0.006716078541118886,0.5814895183410629,0.24343817921728228,2623.610502824081,4661.018115338961,0.8636218715347423
sj_e2var,2022,all,a1b_phase,A1b 카운트 국면,초구 0-0,64084,0.2589545483933536,0.5315991511141627,0.5300585208606682,-0.0015406302534944905,0.5821063086804407,0.2428626425374385,2465.3872639345154,25240.598512061835,0.24668104322510848
sj_e2var,2022,all,a1b_phase,A1b 카운트 국면,투수우위 0-1,31161,0.12591727548975237,0.5402265652578544,0.5356807446095624,-0.004545820648292009,0.5777512404619345,0.2430589322974843,2143.027648396012,12283.221771672543,1.0443000557690956
sj_e2var,2022,all,a1b_phase,A1b 카운트 국면,평행 1-1,25225,0.10193072347578716,0.5361744301288405,0.5310275110335357,-0.005146919095304736,0.583299511825205,0.24251893535507607,2481.981679530154,9921.244414893092,1.0837152355705129
sj_e2var,2022,all,a1b_phase,A1b 카운트 국면,타자우위 1-0/2-0/2-1,47207,0.19075693411779918,0.5275488804626433,0.528272277153425,0.0007233966907816969,0.5934618806638512,0.2416856085836742,3031.3828011639953,18503.18595633289,0.04006348811106919
sj_e2var,2022,all,a1b_phase,A1b 카운트 국면,2스트라이크,59575,0.2407343052951445,0.5264288711707931,0.5266771369070008,0.0002482657362077312,0.570761031106276,0.24440997040244847,1962.0997372313266,23614.14851751382,0.00595507099058097
sj_e2var,2022,all,a1b_phase,A1b 카운트 국면,3볼,8414,0.03399980603866296,0.5084383170905633,0.5114561406264093,0.0030178235358460093,0.5914908198393471,0.24125750707956317,3469.503276680308,3292.097314565957,0.12427378078013869
sj_e2var,2022,all,a1b_phase,A1b 카운트 국면,풀카운트,11806,0.04770640718950023,0.5016940538709131,0.508410132412032,0.006716078541118886,0.5814895183410629,0.24343817921728228,2623.610502824081,4661.018115338961,0.8636218715347423
sj_e2var,2022,all,a2_li,A2 경기 중요도 li,li<0.10,23302,0.09416014741061615,0.5094841644494035,0.5148895291796021,0.005405364730198592,0.5807877973095344,0.24314229594906467,2708.0762293132057,9188.466412499454,1.1041613115261268
sj_e2var,2022,all,a2_li,A2 경기 중요도 li,0.10-0.35,28588,0.11552013965216267,0.5273891143136981,0.5233596836076998,-0.00402943070599826,0.5908862888120457,0.24174726097392574,3010.062333854513,11208.168632014702,0.7527668360960761
sj_e2var,2022,all,a2_li,A2 경기 중요도 li,0.35-0.70,54527,0.22033603801642207,0.5305261613512572,0.5292212355658016,-0.0013049257854556018,0.5777979177804667,0.24334972746673783,2295.9282134941695,21519.480811960468,0.15058182307079507
sj_e2var,2022,all,a2_li,A2 경기 중요도 li,0.70-1.20,66871,0.2702164285252473,0.5329814119723049,0.5307213098736362,-0.0022601020986686704,0.581236661702821,0.24295361859497988,2393.8590538410185,26348.17325657117,0.5539661853602884
sj_e2var,2022,all,a2_li,A2 경기 중요도 li,1.20-2.00,47904,0.1935734143660697,0.5329617568470274,0.5319147589102639,-0.0010469979367635496,0.5823452618801455,0.24305838495454948,2352.27783938311,18883.031054876516,0.08516335287513511
sj_e2var,2022,all,a2_li,A2 경기 중요도 li,li>=2.00,26280,0.10619383202948213,0.5267884322678843,0.5285042096546522,0.0017157773867678694,0.5817182558925913,0.24326994174774816,2411.8985671486294,10368.194434456795,0.12546903598228676
sj_e2var,2022,all,a3_load,A3 전시즌 경기당 대비 등판 투구수,<0.25,47915,0.1936178638391414,0.5197328602734008,0.5187764279212611,-0.0009564323521397133,0.5717605925801775,0.24468111192439643,1974.8768762621771,19013.46452761015,0.07108358611316715
sj_e2var,2022,all,a3_load,A3 전시즌 경기당 대비 등판 투구수,0.25-0.50,44117,0.17827067304583952,0.5180089307976516,0.5182860545364728,0.00027712373882116115,0.5730967750849254,0.24469977697323134,1992.9459969635354,17507.690747752622,0.0054946843971941835
sj_e2var,2022,all,a3_load,A3 전시즌 경기당 대비 등판 투구수,0.50-0.75,37037,0.1496613758324174,0.5198045198045198,0.5173397892653974,-0.0024647305391224394,0.5706420097593196,0.24465492781433973,1984.2543214090292,14695.32144066683,0.36489172526095337
sj_e2var,2022,all,a3_load,A3 전시즌 경기당 대비 등판 투구수,0.75-1.00,27793,0.11230765500743518,0.521318317561976,0.5171177436744256,-0.004200573887550352,0.5737063832861033,0.24474500365495477,1923.7073467671783,11031.601950954133,0.795320185061858
sj_e2var,2022,all,a3_load,A3 전시즌 경기당 대비 등판 투구수,1.00-1.25,13206,0.05336361285317127,0.5218082689686506,0.5217075159596207,-0.00010075300902989692,0.5830213436622499,0.2432378532909173,2519.411379678493,5209.448820089861,0.00021740857256014048
sj_e2var,2022,all,a3_load,A3 전시즌 경기당 대비 등판 투구수,1.25-1.50,6201,0.02505738022887438,0.5289469440412836,0.5308946018226386,0.0019476577813549723,0.5979932949791669,0.24052539424193167,3466.290047742504,2418.8669877979937,0.03814840220924651
sj_e2var,2022,all,a3_load,A3 전시즌 경기당 대비 등판 투구수,>=1.50,10824,0.04373828150255382,0.5385254988913526,0.5356426737158172,-0.0028828251755353973,0.6066619888030078,0.2390955733119163,3790.5892327151582,4197.093459083326,0.14588603357155414
sj_e2var,2022,all,a3_load,A3 전시즌 경기당 대비 등판 투구수,전시즌없음,60379,0.24398315769056703,0.5531062124248497,0.5538597838648266,0.0007535714399768967,0.5964224509155046,0.23939766980498764,3148.340841113073,23442.02666842418,0.055606312734619016
sj_e2var,2022,all,a3b_gp,A3b 등판 내 투구수,1-10,73772,0.2981024115859572,0.5246028303421352,0.5249594797400801,0.0003566493979448859,0.5848222912423604,0.24279291045128149,2647.1253271654336,29048.04305815513,0.015218220378524706
sj_e2var,2022,all,a3b_gp,A3b 등판 내 투구수,11-20,48944,0.19777591000193961,0.5324861065707748,0.5286318150708331,-0.0038542914999416533,0.5900844938076737,0.24167072764079067,2921.9045900100605,19182.836720796444,1.179174000774647
sj_e2var,2022,all,a3b_gp,A3b 등판 내 투구수,21-35,37097,0.14990382750371758,0.5352993503517804,0.5343429554890434,-0.00095639486273702,0.5852440181311442,0.24213662631552085,2660.190679668828,14567.619791150888,0.055030388675528695
sj_e2var,2022,all,a3b_gp,A3b 등판 내 투구수,36-60,41816,0.16897265145147733,0.5312081499904343,0.5319604177867205,0.0007522677962862323,0.5798190603536013,0.24319279233218719,2342.4292397515424,16492.348651136483,0.038377506075710534
sj_e2var,2022,all,a3b_gp,A3b 등판 내 투구수,61-80,27608,0.11156009568759294,0.527926687916546,0.5265146989274958,-0.0014119889890501502,0.5732959939796577,0.2443811138599608,1941.6516725859312,10941.878981111555,0.08926616704213519
sj_e2var,2022,all,a3b_gp,A3b 등판 내 투구수,81+,18235,0.07368510376931532,0.5200987112695366,0.5194816097937501,-0.000617101475786419,0.5612556371818638,0.24626491538616704,1334.607069504412,7282.7874000286,0.011261811622544837
sj_e2var,2022,all,a4_prevp,A4 전시즌 투구수,없음,60379,0.24398315769056703,0.5531062124248497,0.5538597838648266,0.0007535714399768967,0.5964224509155046,0.23939766980498764,3148.340841113073,23442.02666842418,0.055606312734619016
sj_e2var,2022,all,a4_prevp,A4 전시즌 투구수,1-200,16117,0.0651265597724187,0.5244772600359868,0.531927375159625,0.007450115123638135,0.5922153800444407,0.24107180943036496,3339.6252867075036,6301.15197629268,1.450773099957448
sj_e2var,2022,all,a4_prevp,A4 전시즌 투구수,201-600,29513,0.11925793625137389,0.5317317792159387,0.5324355143064194,0.0007037350904807171,0.6029384270162764,0.2394876904161092,3817.537109889768,11462.672238550218,0.023703970198957244
sj_e2var,2022,all,a4_prevp,A4 전시즌 투구수,601-1200,56169,0.22697113208767053,0.5266606135056704,0.5232663317558628,-0.003394281749807604,0.5781110202437306,0.2436612089105444,2257.61987005354,22195.88201026172,1.0494984245822085
sj_e2var,2022,all,a4_prevp,A4 전시즌 투구수,1201-2000,33289,0.13451622809853236,0.5052720117756616,0.5057257322436056,0.00045372046794400767,0.5699654718276236,0.2449270460123485,2018.2883378929816,13222.903079808762,0.011113908390975024
sj_e2var,2022,all,a4_prevp,A4 전시즌 투구수,2001-2600,25838,0.1044077713842374,0.4974456227262172,0.49729729567252684,-0.0001483270536903336,0.5415179901783866,0.24858419467376727,563.7269061091743,10416.497810878089,0.0009219109112722848
sj_e2var,2022,all,a4_prevp,A4 전시즌 투구수,2601+,26167,0.1057372147152001,0.5386937746015974,0.530150493558732,-0.008543281042865392,0.5492505395855453,0.2468227031217777,676.0844307163172,10474.38081816345,3.0973668211676655
sj_e2var,2022,all,a5_asofn,A5 투수 누적 이력,0-99,7598,0.03070246330898041,0.5627796788628586,0.5726285706138574,0.00984889175099879,0.6169735989173292,0.2359667287956653,4101.4532862446495,2907.6316131005024,1.1952626215995203
sj_e2var,2022,all,a5_asofn,A5 투수 누적 이력,100-499,24668,0.09967996379388375,0.5625912112858764,0.5568438285533437,-0.005747382732532724,0.6190712966602517,0.2351203174032748,4454.6158226855705,9406.182916974763,1.3214888353631171
sj_e2var,2022,all,a5_asofn,A5 투수 누적 이력,500-1499,52007,0.21015306782181417,0.5395812102217009,0.5387896636779361,-0.0007915465437647873,0.5937696514529569,0.2403469732068332,3254.9395293482107,20271.68179872595,0.052845016415053125
sj_e2var,2022,all,a5_asofn,A5 투수 누적 이력,1500-3999,84781,0.3425882524083533,0.5200811502577228,0.5196075397035183,-0.0004736105542045843,0.5776783120163769,0.24391689237777556,2275.612597367016,33537.426505150324,0.03084115254773135
sj_e2var,2022,all,a5_asofn,A5 투수 누적 이력,4000-7999,61682,0.24924839981896943,0.5162770338186181,0.5143916808823885,-0.0018853529362296007,0.5608377175588558,0.24644593520800603,1317.0449460170098,24652.98022402944,0.3555765330806478
sj_e2var,2022,all,a5_asofn,A5 투수 누적 이력,8000+,16736,0.06762785284799896,0.5221677820267686,0.5250337442501235,0.00286596222335489,0.5419171092352217,0.2483098099141567,480.45621537418094,6739.611544398127,0.22293687609373825
sj_e2var,2022,all,a6_psucc,A6 투수 수준 5분위,Q1 최저,35954,0.14528512316544903,0.46845969850364355,0.4725186969932781,0.0040589984896345355,0.5586259309424504,0.2453592699123522,1464.2020856601935,14306.68468915426,0.9606701896244775
sj_e2var,2022,all,a6_psucc,A6 투수 수준 5분위,Q2,42717,0.17261346738216848,0.4863871526558513,0.49018371654108006,0.003796563885228754,0.5453137440430172,0.2467257690903882,1236.485048981395,17092.46018961128,0.9985538489858131
sj_e2var,2022,all,a6_psucc,A6 투수 수준 5분위,Q3,47290,0.1910923255964311,0.5141679001903151,0.5110737990477803,-0.003094101142534833,0.5516948224663729,0.24649057540196248,1324.5415786170777,18904.228301795556,0.7342224291025177
sj_e2var,2022,all,a6_psucc,A6 투수 수준 5분위,Q4,56287,0.22744795370789422,0.534297439906195,0.529451309620739,-0.004846130285455996,0.5484912118540566,0.24600027296891366,1134.7041339649256,22456.031665112525,2.143816427340834
sj_e2var,2022,all,a6_psucc,A6 투수 수준 5분위,Q5 최고,65136,0.26320553436348354,0.5962294276590518,0.5945261933594121,-0.0017032342996396999,0.5944632743442543,0.23401936848064042,2791.614040079338,24720.78223623316,0.30644969577917675
sj_e2var,2022,all,a7_inning,A7 이닝,1-3회,83348,0.33679769832546713,0.534217977635936,0.5345244303517168,0.0003064527157807806,0.5778775260672643,0.2434381599748885,2166.5349356311813,32905.85356341148,0.012694378778545554
sj_e2var,2022,all,a7_inning,A7 이닝,4-6회,82551,0.33357713195836297,0.5319014911993798,0.5302873014569931,-0.0016141897423866958,0.5830092648867999,0.24265707753761712,2540.4285574660125,32486.627016508242,0.3488356207988764
sj_e2var,2022,all,a7_inning,A7 이닝,7-8회,56423,0.22799751082950798,0.525370859401308,0.5199287038988688,-0.005442155502439205,0.5886454477941474,0.24226056078086747,2845.630191683979,22168.08677858685,2.7101129328862092
sj_e2var,2022,all,a7_inning,A7 이닝,9회+,25150,0.10162765888666192,0.5095427435387674,0.5174227516946693,0.007880008155901952,0.577059830416986,0.24406845531734567,2337.0435730791005,9954.947243872524,2.53268188597353
sj_e2var,2022,all,a8_hand,A8 손 매치업,1v1,30719,0.12413121484450766,0.4951984114066213,0.500602791711625,0.005404380305003731,0.5827378332240547,0.24351956448539916,2583.19032905886,12131.939983984437,1.4550844516754968
sj_e2var,2022,all,a8_hand,A8 손 매치업,1v2,31497,0.12727500484903342,0.5358605581483951,0.5325524147832342,-0.0033081433651608316,0.5777287722440789,0.24284145189655282,2361.1730709886315,12404.559085666571,0.5590197555725435
sj_e2var,2022,all,a8_hand,A8 손 매치업,2v1,94115,0.38030565074028577,0.535398183073899,0.531990563648032,-0.003407619425866981,0.58017164152143,0.24278367673720314,2397.332490355797,37056.77764569563,1.772353463129647
sj_e2var,2022,all,a8_hand,A8 손 매치업,2v2,91141,0.36828812956617313,0.5311989115765682,0.5316629864055306,0.0004640748289623797,0.5815097807405619,0.24303021680287015,2407.939730677899,35922.23788703246,0.031833114898706515
sj_e2var,2022,all,a9_batn,A9 타자 누적 이력,0-99,7586,0.030653972974720372,0.626021618771421,0.6168466573041014,-0.009174961467319664,0.631486598332521,0.2220289353782561,5163.886475991386,2731.566235048763,1.0356443906119073
sj_e2var,2022,all,a9_batn,A9 타자 누적 이력,100-499,22595,0.09130325855046227,0.58220845319761,0.5732175879732418,-0.008990865224368205,0.6165822591139543,0.232668721192518,4346.72425737217,8525.888905984395,2.9621335940979314
sj_e2var,2022,all,a9_batn,A9 타자 누적 이력,500-1499,44050,0.177999935346221,0.5511691259931896,0.5471380219752289,-0.004031104017960696,0.6020663198924443,0.23890491288011773,3426.610360012505,17067.12284232008,1.1608690782228284
sj_e2var,2022,all,a9_batn,A9 타자 누적 이력,1500-3999,56362,0.22775101829701946,0.5261701146162308,0.5246979854376147,-0.001472129178616055,0.5763944051404001,0.24397594451754706,2141.538978537261,22300.917161152694,0.19809228339201918
sj_e2var,2022,all,a9_batn,A9 타자 누적 이력,4000+,116879,0.4722918148315769,0.5052575740723312,0.5079672211683021,0.0027096470959708796,0.5552610175967826,0.24737431515647287,1039.3320205771772,46890.01945787317,1.3917180897068
sj_e2var,2022,all,a10_base,A10 주자 상황,___,131972,0.533280532747139,0.5251947382778165,0.5266098072851546,0.0014150690073381211,0.5807771880649716,0.24326306086752683,2447.0790951681474,52065.16945487567,0.4285745301189348
sj_e2var,2022,all,a10_base,A10 주자 상황,1__,49178,0.19872147152001035,0.5336125909959738,0.5282018027115255,-0.005410788284448298,0.5850070685750804,0.24264164786859105,2502.7287376930162,19351.985514222615,2.3349697874036885
sj_e2var,2022,all,a10_base,A10 주자 상황,_2_,18519,0.07483270834680288,0.5323181597278471,0.5286055327609501,-0.0037126269668970036,0.5780781239777335,0.24343723233949316,2216.5822414493273,7311.287374012804,0.41397058426328887
sj_e2var,2022,all,a10_base,A10 주자 상황,__3,6094,0.024625008081722376,0.5336396455530029,0.5320114752127828,-0.0016281703402201142,0.5786367161701174,0.24304004636109844,2341.931916260176,2401.981234399838,0.02619940623962872
sj_e2var,2022,all,a10_base,A10 주자 상황,12_,20472,0.08272451024762398,0.5308714341539664,0.5300268279849895,-0.000844606168976969,0.5850991593185088,0.24237152488628852,2680.3900007380976,8046.947890764005,0.02368416576886958
sj_e2var,2022,all,a10_base,A10 주자 상황,1_3,8071,0.032613790651063554,0.5389666707966795,0.5330011731049434,-0.005965497691736044,0.5861674806241061,0.24160190856077665,2768.6919457703407,3162.4016571457314,0.46581131332102066
sj_e2var,2022,all,a10_base,A10 주자 상황,_23,5375,0.021719628887308464,0.5382325581395349,0.5287301526224215,-0.009502405517113344,0.5770831702742985,0.2435713527444674,1998.4522800857717,2123.2151166831877,0.7871090568826952
sj_e2var,2022,all,a10_base,A10 주자 상황,123,7791,0.031482349518329344,0.5286869464767039,0.5361238500607316,0.00743690358402771,0.5980115462062465,0.24158885626837243,3045.305559356848,3052.5263602752443,0.6988224161791343
sj_e2var,2022,all,a11_typemo,A11 game_type x 월블록,R|early,75061,0.3033110816577229,0.5135822864070556,0.5055962369425517,-0.007986049464503875,0.5539515639459934,0.24765995817537234,862.8620462316827,30148.066331444992,7.763680572369765
sj_e2var,2022,all,a11_typemo,A11 game_type x 월블록,R|mid,64405,0.2602516648348096,0.5053179101001475,0.5070596294472354,0.001741719347087889,0.5474207174825875,0.24815912572821883,725.1196676027694,25920.248204398027,0.31685842380577545
sj_e2var,2022,all,a11_typemo,A11 game_type x 월블록,R|late,77558,0.31340111204499904,0.4927667036282524,0.5006615538030342,0.007894850174781809,0.5434148725970773,0.24858967756598618,543.3144491455155,31267.92152121666,7.839776961144342
sj_e2var,2022,all,a11_typemo,A11 game_type x 월블록,F|early,11199,0.045253604448179996,0.7355120992945798,0.7005433804545202,-0.03496871884005959,0.5300575940792509,0.19557916178250517,-537.2379235468294,3552.1487662511395,22.208949059441494
sj_e2var,2022,all,a11_typemo,A11 game_type x 월블록,F|mid,9014,0.03642432275166484,0.6954737075660085,0.700268432269828,0.004794724703819586,0.5343532419187019,0.21124956093189068,255.19082243865566,3088.1805942496853,0.3360734681412764
sj_e2var,2022,all,a11_typemo,A11 game_type x 월블록,F|late,10235,0.04135821426262365,0.6911577918905716,0.6918183074741313,0.0006605155835597287,0.5282586391593832,0.213204888786743,118.90347614931241,3538.9491848186008,0.00724174627581725
sj_e2var,2022,all,a12_role,A12 투수 역할(전시즌),불펜(<30구/경기),74570,0.30132701881424967,0.5214831701756739,0.5187918839407366,-0.002691286234937307,0.5877997490036105,0.24232545648658324,2890.5430150166335,29305.727264005236,0.8759377516768583
sj_e2var,2022,all,a12_role,A12 투수 역할(전시즌),스윙(30-70),40554,0.16387308463179673,0.5338067761503181,0.5350982176870022,0.0012914415366840348,0.5933164037758204,0.24105947983462497,3133.3733265363153,15854.305877906025,0.1096913846704741
sj_e2var,2022,all,a12_role,A12 투수 역할(전시즌),선발(>=70),71969,0.29081673886338655,0.5135822367963985,0.5120013465967869,-0.0015808901996116065,0.5513110790072308,0.24772235402731346,837.8858096834474,28913.45479204366,0.29170119175271003
sj_e2var,2022,all,a12_role,A12 투수 역할(전시즌),전시즌없음,60379,0.24398315769056703,0.5531062124248497,0.5538597838648266,0.0007535714399768967,0.5964224509155046,0.23939766980498764,3148.340841113073,23442.02666842418,0.055606312734619016
sj_e2var,2022,all,a13_tens,A13 이닝 x 점수차,초반|0-1점,60246,0.24344572315251828,0.5335457955714902,0.5348509202134831,0.0013051246419929496,0.5786509375387796,0.24347499297292033,2169.6408149054714,23788.765230360732,0.16642613123306435
sj_e2var,2022,all,a13_tens,A13 이닝 x 점수차,초반|2-3점,16623,0.06717123553371694,0.532334716958431,0.5329013262179714,0.0005666092595403294,0.5759815156752097,0.24355897580915445,2167.259882916439,6566.030033548123,0.00865497984266899
sj_e2var,2022,all,a13_tens,A13 이닝 x 점수차,초반|4점+,6479,0.026180739639231912,0.5453002006482481,0.5356528686606026,-0.009647331987645558,0.5763356897405493,0.2427856885421938,2081.9710307344085,2551.058299502627,0.9779389607253784
sj_e2var,2022,all,a13_tens,A13 이닝 x 점수차,중반|0-1점,34313,0.1386540699553889,0.5306735056684055,0.5327920284480031,0.0021185227795975647,0.5831965774009386,0.24282946830021568,2501.280558743968,13512.926049851352,0.24975505523928646
sj_e2var,2022,all,a13_tens,A13 이닝 x 점수차,중반|2-3점,27832,0.1124652485937803,0.536540672607071,0.5286755483407289,-0.007865124266342005,0.5812174551251786,0.24288130959296278,2325.8097387213847,10962.96007563039,2.7921896572982137
sj_e2var,2022,all,a13_tens,A13 이닝 x 점수차,중반|4점+,20406,0.08245781340919377,0.527638929726551,0.5282738551906666,0.0006349254641155877,0.5846861618036068,0.2420613669230221,2878.6852871556803,8010.7408910265,0.013341132374878554
sj_e2var,2022,all,a13_tens,A13 이닝 x 점수차,후반|0-1점,27707,0.11196014094523825,0.5245605803587541,0.5209137695207747,-0.003646810837979353,0.5740460482534345,0.24410391840027137,2122.2645845298316,10968.660044153443,0.597592721433344
sj_e2var,2022,all,a13_tens,A13 이닝 x 점수차,후반|2-3점,24107,0.097413040667227,0.5210104948770067,0.5209893674059208,-2.1127471085846672e-05,0.5924356231166007,0.24202181138752601,3020.0317490715834,9462.088283826786,1.745128940784945e-05
sj_e2var,2022,all,a13_tens,A13 이닝 x 점수차,후반|4점+,29759,0.12025198810370466,0.5162807890050068,0.5160345096622927,-0.00024627934271415075,0.5879407652520442,0.24226560697384728,2990.9026978258703,11692.285694479146,0.002927275689247568
sj3way_nv,2022,all,a1_count,A1 볼카운트,0-0,63988,0.25874332296818076,0.5315371632181034,0.5306964493526165,-0.0008407138654868973,0.5744649259334552,0.24356299940395046,2185.6585326506806,25292.344561144175,0.07339630490962296
sj3way_nv,2022,all,a1_count,A1 볼카운트,0-1,31158,0.12599119298997585,0.5402143911675974,0.544394872093679,0.004180480926081587,0.5699303202611222,0.24386996147290566,1816.8895834478783,12331.25056581558,0.8836927772817318
sj3way_nv,2022,all,a1_count,A1 볼카운트,0-2,15592,0.06304816358879593,0.5217419189327861,0.5241669886279998,0.002425069695213722,0.5576906614518198,0.24616619039067936,1346.9863694806184,6228.87292099461,0.14880910854531443
sj3way_nv,2022,all,a1_count,A1 볼카운트,1-0,25385,0.10264735971662292,0.5279101831790427,0.5286001481277783,0.000689964948735633,0.5813652838015296,0.24302962304269138,2484.3003172890676,10011.879660535506,0.01961148429945894
sj3way_nv,2022,all,a1_count,A1 볼카운트,1-1,25220,0.10198016198752138,0.536122125297383,0.5317334298488685,-0.004388695448514501,0.576720415515328,0.24317280726454094,2220.543450650259,9952.663723844564,0.7883066869776902
sj3way_nv,2022,all,a1_count,A1 볼카운트,1-2,23724,0.09593090257700068,0.5290001686056315,0.5287622343363095,-0.00023793426932194883,0.5564550888980323,0.24585025910485567,1327.9597549566868,9465.37502233109,0.002179621834952235
sj3way_nv,2022,all,a1_count,A1 볼카운트,2-0,8695,0.03515929851235124,0.526279470960322,0.5226904472926795,-0.003589023667642466,0.5935352884551719,0.24113169576803373,3280.1386492078645,3402.539115734957,0.1817613211585808
sj3way_nv,2022,all,a1_count,A1 볼카운트,2-1,13108,0.05300380504886718,0.5273115654562099,0.5223100109174396,-0.005001554538770381,0.5948067226765177,0.24146783022542487,3123.819765408442,5136.590595018863,0.5321397366300383
sj3way_nv,2022,all,a1_count,A1 볼카운트,2-2,20232,0.08181057245565157,0.5267398181099249,0.5259808198850418,-0.0007589982248831229,0.5752260064665327,0.24370611467898515,2237.947669711915,8001.740854602264,0.018914705187627036
sj3way_nv,2022,all,a1_count,A1 볼카운트,3-0,2808,0.011354492262528154,0.5060541310541311,0.5113448993508387,0.005290768296707604,0.5649082893481088,0.24463470099522258,2131.771139773586,1114.7934396491116,0.12755979962083394
sj3way_nv,2022,all,a1_count,A1 볼카운트,3-1,5602,0.02265237380864769,0.5096394144948233,0.5113162363712208,0.0016768218763975051,0.5939205769452681,0.2406743400601884,3694.469786785826,2188.0242651420226,0.0255620810163217
sj3way_nv,2022,all,a1_count,A1 볼카운트,3-2,11791,0.04767835408385664,0.5016538037486218,0.5075630844713981,0.0059092807227763,0.5807523706329801,0.24371267730868704,2513.862552118018,4663.457249746927,0.6681886938759986
sj3way_nv,2022,all,a1b_phase,A1b 카운트 국면,초구 0-0,63988,0.25874332296818076,0.5315371632181034,0.5306964493526165,-0.0008407138654868973,0.5744649259334552,0.24356299940395046,2185.6585326506806,25292.344561144175,0.07339630490962296
sj3way_nv,2022,all,a1b_phase,A1b 카운트 국면,투수우위 0-1,31158,0.12599119298997585,0.5402143911675974,0.544394872093679,0.004180480926081587,0.5699303202611222,0.24386996147290566,1816.8895834478783,12331.25056581558,0.8836927772817318
sj3way_nv,2022,all,a1b_phase,A1b 카운트 국면,평행 1-1,25220,0.10198016198752138,0.536122125297383,0.5317334298488685,-0.004388695448514501,0.576720415515328,0.24317280726454094,2220.543450650259,9952.663723844564,0.7883066869776902
sj3way_nv,2022,all,a1b_phase,A1b 카운트 국면,타자우위 1-0/2-0/2-1,47188,0.19081046327784135,0.5274434178180893,0.5257639192705625,-0.0016794985475268032,0.5873833621900099,0.24224606667450713,2808.778484568053,18551.009371289325,0.2160081193563947
sj3way_nv,2022,all,a1b_phase,A1b 카운트 국면,2스트라이크,59548,0.24078963862144817,0.5263316987976087,0.5266140068851438,0.0002823080875351547,0.5633521211504122,0.24520448881171988,1645.424606321344,23695.988797927963,0.007701814591427201
sj3way_nv,2022,all,a1b_phase,A1b 카운트 국면,3볼,8410,0.03400686607117585,0.5084423305588585,0.5113258066027033,0.002883476043844868,0.5840600975822573,0.24199665795621408,3173.7324444435444,3302.8177047911345,0.11347702223501319
sj3way_nv,2022,all,a1b_phase,A1b 카운트 국면,풀카운트,11791,0.04767835408385664,0.5016538037486218,0.5075630844713981,0.0059092807227763,0.5807523706329801,0.24371267730868704,2513.862552118018,4663.457249746927,0.6681886938759986
sj3way_nv,2022,all,a2_li,A2 경기 중요도 li,li<0.10,23265,0.09407487980331819,0.5093058241994413,0.5146673916193277,0.0053615674198864705,0.5737122078906597,0.24377390485800776,2456.6496785571767,9203.849548447568,1.0853400763100673
sj3way_nv,2022,all,a2_li,A2 경기 중요도 li,0.10-0.35,28564,0.11550203596397941,0.5272720907435934,0.5245082203256886,-0.0027638704179048235,0.5810044927123809,0.24275941403021148,2606.482075226224,11253.156139161385,0.3541062722727225
sj3way_nv,2022,all,a2_li,A2 경기 중요도 li,0.35-0.70,54502,0.22038551897874267,0.530494293787384,0.5304878259486101,-6.467838773893675e-06,0.5730341536480787,0.2438509957091576,2095.4351317911455,21568.314745967178,3.7000709373588682e-06
sj3way_nv,2022,all,a2_li,A2 경기 중요도 li,0.70-1.20,66820,0.27019486217312366,0.5328943430110745,0.5316497980303084,-0.0012445449807660935,0.5730603669060454,0.243789071922353,2060.4741539060665,26436.2557842703,0.16796040241047605
sj3way_nv,2022,all,a2_li,A2 경기 중요도 li,1.20-2.00,47881,0.19361269374006784,0.5329253774983814,0.5327639604882586,-0.00016141701012284404,0.5764203891847833,0.24364367985318255,2118.0805444848907,18932.04823155468,0.002024608470437064
sj3way_nv,2022,all,a2_li,A2 경기 중요도 li,li>=2.00,26271,0.1062300093407682,0.5267785771382894,0.5284044815935472,0.0016259044552578983,0.5755070514446192,0.2438409060285886,2183.062539564662,10395.907525158558,0.11270570151027684
sj3way_nv,2022,all,a3_load,A3 전시즌 경기당 대비 등판 투구수,<0.25,47913,0.19374208966328754,0.5197128128065452,0.5185516982144309,-0.0011611145921143207,0.5635237686205216,0.24536721448887858,1700.3191509555315,19078.71572115533,0.10482932040244823
sj3way_nv,2022,all,a3_load,A3 전시즌 경기당 대비 등판 투구수,0.25-0.50,44110,0.17836419291314703,0.5180231240081614,0.5181336187195398,0.00011049471137836164,0.5640374698172671,0.2454792516947263,1680.5497145190861,17572.4003179735,0.0008739755463170859
sj3way_nv,2022,all,a3_load,A3 전시즌 경기당 대비 등판 투구수,0.50-0.75,37029,0.1497313012781891,0.5198087985092765,0.5169783064116267,-0.0028304920976498504,0.5671467219766231,0.24510040535314148,1805.7166291373994,14728.72837649548,0.4814432665512443
sj3way_nv,2022,all,a3_load,A3 전시즌 경기당 대비 등판 투구수,0.75-1.00,27788,0.11236418482590182,0.5213041600690945,0.5168629306245287,-0.00444122944456582,0.5668427796554818,0.2453469880003438,1682.712818227483,11064.129767418372,0.8894938526261313
sj3way_nv,2022,all,a3_load,A3 전시즌 경기당 대비 등판 투구수,1.00-1.25,13203,0.05338794919592565,0.5216996137241536,0.520166279588051,-0.001533334136102682,0.5746729483752252,0.24394242051487647,2238.899451054821,5226.839830728971,0.05037620781027365
sj3way_nv,2022,all,a3_load,A3 전시즌 경기당 대비 등판 투구수,1.25-1.50,6198,0.025062372878614493,0.5288802839625686,0.5294735436352349,0.0005932596726663242,0.5887586504467308,0.2416803808513082,3004.242342048924,2430.9286295545153,0.003540140246305125
sj3way_nv,2022,all,a3_load,A3 전시즌 경기당 대비 등판 투구수,>=1.50,10814,0.04372773480305536,0.5381912335860921,0.5339706288715625,-0.004220604714529563,0.597867819390141,0.24027211986084052,3327.1353701766925,4216.663893727511,0.31261870848843265
sj3way_nv,2022,all,a3_load,A3 전시즌 경기당 대비 등판 투구수,전시즌없음,60248,0.243620174441879,0.5529810118178197,0.5585986744402902,0.005617662622470543,0.5918753178654237,0.24005570965036907,2887.3400050742125,23471.125437505994,3.0855542127000413
sj3way_nv,2022,all,a3b_gp,A3b 등판 내 투구수,1-10,73674,0.2979098514777419,0.5245405434753101,0.5252784073146954,0.0007378638393853443,0.5780447582198689,0.24345649694466961,2382.244628079566,29108.167031220073,0.06509474713341022
sj3way_nv,2022,all,a3b_gp,A3b 등판 내 투구수,11-20,48924,0.19783019211250977,0.5323767476085357,0.5284554149929521,-0.003921332615583584,0.5832451377809065,0.24243533213330945,2617.5410215337533,19248.50972710124,1.2208675782639533
sj3way_nv,2022,all,a3b_gp,A3b 등판 내 투구수,21-35,37077,0.14992539516301864,0.5351835369636163,0.5352056157933812,2.2078829764904384e-05,0.578323638578391,0.24290743718744032,2353.526159552055,14615.868897814582,2.9331611812199953e-05
sj3way_nv,2022,all,a3b_gp,A3b 등판 내 투구수,36-60,41801,0.169027468328326,0.5312313102557356,0.5331094688782643,0.001878158622528714,0.5738072648608886,0.24387947013586134,2066.1151609828844,16544.024102916086,0.23929325002015395
sj3way_nv,2022,all,a3b_gp,A3b 등판 내 투구수,61-80,27603,0.11161611464478798,0.5278774046299315,0.528680903365002,0.0008034987350704625,0.5653087579376259,0.24506254650830747,1669.3107384007533,10977.728037836636,0.02892050819069906
sj3way_nv,2022,all,a3b_gp,A3b 등판 내 투구수,81+,18224,0.07369097827361577,0.5199736611062336,0.5217977057271527,0.0018240446209191186,0.5550046245871697,0.24666997552631928,1174.3048765561314,7295.23417767107,0.09839972004450243
sj3way_nv,2022,all,a4_prevp,A4 전시즌 투구수,없음,60248,0.243620174441879,0.5529810118178197,0.5585986744402902,0.005617662622470543,0.5918753178654237,0.24005570965036907,2887.3400050742125,23471.125437505994,3.0855542127000413
sj3way_nv,2022,all,a4_prevp,A4 전시즌 투구수,1-200,16109,0.06513871647331411,0.5243031845552176,0.5340383357248993,0.00973515116968171,0.585666216606369,0.2420194693466492,2962.9545641113755,6327.00424387533,2.4776115724762353
sj3way_nv,2022,all,a4_prevp,A4 전시즌 투구수,201-600,29496,0.119270692227753,0.5316653105505831,0.5318698854716336,0.00020457492105052655,0.5966590593888188,0.24033923728335438,3477.1744683418815,11504.481315338438,0.0020033053413474537
sj3way_nv,2022,all,a4_prevp,A4 전시즌 투구수,601-1200,56164,0.22710601974096553,0.5266540844669183,0.5208864682771482,-0.005767616189770064,0.570742811367979,0.2443213339714135,1992.9538221242992,22268.89468966788,3.032005431967443
sj3way_nv,2022,all,a4_prevp,A4 전시즌 투구수,1201-2000,33288,0.13460410912928675,0.5052571497236241,0.5066894779306877,0.0014323282070636267,0.5584902650891743,0.24585482197123162,1647.1982608002866,13281.455553223432,0.11082864714216593
sj3way_nv,2022,all,a4_prevp,A4 전시즌 투구수,2001-2600,25835,0.10446698988689987,0.49742597251790205,0.4960125497668204,-0.0014134227510816388,0.5367644413027595,0.24889061104521756,441.11702561224763,10435.090494964037,0.08375907278161279
sj3way_nv,2022,all,a4_prevp,A4 전시즌 투구수,2601+,26163,0.10579329809990173,0.5386996904024768,0.5313886096809528,-0.007311080721523977,0.5418666998987881,0.24733395288260066,470.1690569743011,10501.480239984558,2.269498703773729
sj3way_nv,2022,all,a5_asofn,A5 투수 누적 이력,0-99,7488,0.03027864603340841,0.5620993589743589,0.5806660345599058,0.01856667558554692,0.6098711926714788,0.23727377735699554,3603.5427081479556,2883.3331147462804,4.189029065981362
sj3way_nv,2022,all,a5_asofn,A5 투수 누적 이력,100-499,24650,0.09967529710517058,0.562474645030426,0.5604752831705265,-0.0019993618598994622,0.6107778748014039,0.23614007015871966,4045.905418504825,9446.38955860638,0.15991123224406162
sj3way_nv,2022,all,a5_asofn,A5 투수 누적 이력,500-1499,51990,0.2102279390059967,0.5395460665512598,0.5394550266586975,-9.103989256231682e-05,0.5893183831353087,0.2409370884308452,3018.490440509458,20328.377414653478,0.0006992983932544417
sj3way_nv,2022,all,a5_asofn,A5 투수 누적 이력,1500-3999,84762,0.3427455388733659,0.5200561572402728,0.5182149864621529,-0.0018411707781198494,0.5700291205705988,0.24463621859700901,1987.8111676396304,33651.24918712189,0.4663034002358327
sj3way_nv,2022,all,a5_asofn,A5 투수 누적 이력,4000-7999,61679,0.24940659838335968,0.5162697190291672,0.5154079432015215,-0.0008617758276456833,0.5544222405284723,0.24704479977273122,1077.3392910251257,24728.18722879396,0.07433702563527715
sj3way_nv,2022,all,a5_asofn,A5 투수 누적 이력,8000+,16734,0.06766598059869876,0.5221704314569141,0.5294291233160022,0.007258691859088118,0.5336805648189167,0.24862977545815104,352.1710120417687,6751.995470637682,1.4308553292690542
sj3way_nv,2022,all,a6_psucc,A6 투수 수준 5분위,Q1 최저,35944,0.14534397075652136,0.46842310260405073,0.47159051844093514,0.003167415836884402,0.5524243409929419,0.24555383903097316,1385.148737662889,14323.60624652993,0.5852154903294979
sj3way_nv,2022,all,a6_psucc,A6 투수 수준 5분위,Q2,42711,0.17270716489488602,0.48633841399171174,0.49062168148843827,0.004283267496726528,0.5345239823754795,0.2474711414592092,937.5878049588504,17153.136402165714,1.2716552098308305
sj3way_nv,2022,all,a6_psucc,A6 투수 수준 5분위,Q3,47280,0.19118247655709797,0.5142131979695431,0.5116060233654911,-0.0026071746040520205,0.5408540411074813,0.2471035640942228,1078.6399695010607,18959.885804111967,0.5215511915804867
sj3way_nv,2022,all,a6_psucc,A6 투수 수준 5분위,Q4,56273,0.22754677460443262,0.5342704316457271,0.5318429515955905,-0.002427480050136599,0.5395426203898472,0.24656084029933775,910.1546561887552,22516.630965630655,0.5381342666399067
sj3way_nv,2022,all,a6_psucc,A6 투수 수준 5분위,Q5 최고,65095,0.26321961318706205,0.5960672862739074,0.5954580007830498,-0.0006092854908575918,0.5838566063583872,0.23510374438385223,2353.825968763057,24836.272556121407,0.03921647404787356
sj3way_nv,2022,all,a7_inning,A7 이닝,1-3회,83311,0.33687824247987286,0.534179160014884,0.5354791553057421,0.0012999952908581136,0.5714878147460943,0.24409321930664668,1904.3249292434728,33001.77527016987,0.22848892033802753
sj3way_nv,2022,all,a7_inning,A7 이닝,4-6회,82500,0.33359886455077375,0.5318545454545455,0.5315204665359358,-0.00033407891860970373,0.5756829564352748,0.24340740554510307,2240.2457731809377,32588.695452705273,0.014942777536183257
sj3way_nv,2022,all,a7_inning,A7 이닝,7-8회,56360,0.22789856977068615,0.525195173882186,0.5199179257345996,-0.005277248147586344,0.5824128420039996,0.24286746093147205,2605.7133063681736,22213.631177338044,2.5472129649544226
sj3way_nv,2022,all,a7_inning,A7 이닝,9회+,25132,0.10162432319866722,0.5095495782269617,0.5180624424013992,0.008512864174437529,0.5693443836121662,0.24482766118793267,2033.1994130644016,9985.430074346483,2.955681948528043
sj3way_nv,2022,all,a8_hand,A8 손 매치업,1v1,30687,0.12408664674508599,0.49522599146218266,0.49898420907805235,0.0037582176158696967,0.579201311903113,0.24413893956699612,2335.5206270678996,12158.240422483399,0.7033921561343206
sj3way_nv,2022,all,a8_hand,A8 손 매치업,1v2,31481,0.12729728308997465,0.5358787840284616,0.5386544091052228,0.0027756250767612123,0.5729925711872611,0.2433675296228805,2149.13953226008,12433.413947595918,0.39359481105883776
sj3way_nv,2022,all,a8_hand,A8 손 매치업,2v1,94048,0.38029461834268086,0.5352692242259272,0.5331138098237407,-0.002155414402186473,0.5722045739801869,0.2434887727236778,2117.459424602908,37162.741542159536,0.7090720472487938
sj3way_nv,2022,all,a8_hand,A8 손 매치업,2v2,91087,0.3683214518222585,0.5311295794130886,0.5310995699759845,-3.0009437104072667e-05,0.5741981871608831,0.2437757648680182,2110.2535378122343,36035.136062320824,0.000133122460810109
sj3way_nv,2022,all,a9_batn,A9 타자 누적 이력,0-99,7574,0.03062639757706134,0.6259572220755215,0.6100368765505497,-0.01592034552497179,0.6263026241855469,0.22305966872515545,4730.228275642967,2741.735741258138,3.115369178656589
sj3way_nv,2022,all,a9_batn,A9 타자 누적 이력,100-499,22576,0.09128882383149416,0.5822554925584692,0.5728320130880076,-0.009423479470461626,0.6111836772128723,0.23360586849509551,3958.395662297098,8558.742985397153,3.2534850376645723
sj3way_nv,2022,all,a9_batn,A9 타자 누적 이력,500-1499,44004,0.1779355689174818,0.5509953640578129,0.5475328005533436,-0.0034625635044692737,0.5967970579372947,0.23952292318917312,3183.7374448995593,17104.81885125797,0.8561835716143426
sj3way_nv,2022,all,a9_batn,A9 타자 누적 이력,1500-3999,56319,0.22773278124406093,0.5260746817237522,0.5246745135030182,-0.001400168220733966,0.5674637127521501,0.24469945433645246,1853.302815613167,22364.911072055536,0.1791820939279473
sj3way_nv,2022,all,a9_batn,A9 타자 누적 이력,4000+,116830,0.4724164284299018,0.5052383805529401,0.5100471615315487,0.0048087809786085955,0.5480503105062428,0.2479949048304313,791.1486539730616,47019.32332459087,4.3843337912469735
sj3way_nv,2022,all,a10_base,A10 주자 상황,___,131880,0.5332729485691642,0.5251289050652108,0.5280820728471763,0.0029531677819655267,0.573216696523123,0.24401049956658272,2148.6425688724385,52223.586302884076,1.8665276247579816
sj3way_nv,2022,all,a10_base,A10 주자 상황,1__,49156,0.19876831255585253,0.5335055740906501,0.5299062998461701,-0.003599274244480033,0.5785488433635136,0.24331225002355103,2236.091749061142,19409.74144813657,1.0334409177205506
sj3way_nv,2022,all,a10_base,A10 주자 상황,_2_,18504,0.07482319260178809,0.532317336792045,0.5250847734130232,-0.007232563379021784,0.5732659525421183,0.24395021301198444,2010.550048648785,7325.648244339665,1.5708306107579766
sj3way_nv,2022,all,a10_base,A10 주자 상황,__3,6090,0.024625661637748025,0.5336617405582923,0.5296982960575246,-0.003963444500767688,0.5785374322860238,0.24335454762600162,2214.9751050063783,2405.1158420238926,0.15525374859685737
sj3way_nv,2022,all,a10_base,A10 주자 상황,12_,20454,0.0827082566729882,0.5308497115478635,0.530421222424799,-0.0004284891230644794,0.5767499568686559,0.2432015621280323,2347.630270827261,8072.793651952986,0.0060944861677211404
sj3way_nv,2022,all,a10_base,A10 주자 상황,1_3,8066,0.03261585989656413,0.5390528142821721,0.5326043647960134,-0.006448449486158747,0.5809990112498782,0.2424258772123407,2434.451539075333,3173.3387379321653,0.5443121916211071
sj3way_nv,2022,all,a10_base,A10 주자 상황,_23,5374,0.02173042785570737,0.5381466319315221,0.527533944032293,-0.01061268789922909,0.5753869771065363,0.2435757763062202,1999.2602850150809,2124.276268364106,0.9822627779412032
sj3way_nv,2022,all,a10_base,A10 주자 상황,123,7779,0.031455340210187505,0.5283455456999614,0.5361232775453757,0.007777731845414304,0.5938852780480106,0.24199850229516376,2888.4943713630264,3055.031478926216,0.7636756495566673
sj3way_nv,2022,all,a11_typemo,A11 game_type x 월블록,R|early,75030,0.30339300372417644,0.51359456217513,0.5111346267158615,-0.002459935459268481,0.5396268452642492,0.2486160287634572,480.01849927109544,30272.153114502704,0.7368203498115246
sj3way_nv,2022,all,a11_typemo,A11 game_type x 월블록,R|mid,64390,0.2603688592536281,0.505326914117099,0.508105045373929,0.0027781312568300187,0.5424987852378008,0.24852449922814712,578.9156124068828,25969.696390000452,0.8064977989802143
sj3way_nv,2022,all,a11_typemo,A11 game_type x 월블록,R|late,77534,0.31351823471611745,0.49275156705445355,0.5035519950699302,0.010800428015476649,0.5370994992497643,0.24909105755569233,342.6330731219895,31342.20640278039,14.677543061344137
sj3way_nv,2022,all,a11_typemo,A11 game_type x 월블록,F|early,11158,0.04511874097766707,0.7354364581466213,0.6801300555236647,-0.05530640262295661,0.5233021132002692,0.19781736283409104,-1669.1648749894705,3582.0364828824813,55.38809377323071
sj3way_nv,2022,all,a11_typemo,A11 game_type x 월블록,F|mid,9000,0.03639260340553895,0.6956666666666667,0.6821515389112662,-0.013515127755400425,0.5210016351506125,0.21188994868866903,-82.84415431580871,3094.796557688369,2.66785400705573
sj3way_nv,2022,all,a11_typemo,A11 game_type x 월블록,F|late,10191,0.041208557922871945,0.6910018643901482,0.6816104095889098,-0.009391454801238375,0.5249206119721358,0.21335935212967214,74.43656065869719,3528.6430267052833,1.4586859063028859
sj3way_nv,2022,all,a12_role,A12 투수 역할(전시즌),불펜(<30구/경기),74544,0.3014278031402773,0.5213967589611505,0.5175901239385478,-0.0038066350226027,0.581519696884385,0.24304855510878093,2602.2148363259666,29402.54860568803,1.7529697061809433
sj3way_nv,2022,all,a12_role,A12 투수 역할(전시즌),스윙(30-70),40549,0.16396485283235546,0.53382327554317,0.5344376000306592,0.0006143244874892151,0.5821608856614072,0.2421232678954575,2705.4676254483434,15932.93979432853,0.02483447835991276
sj3way_nv,2022,all,a12_role,A12 투수 역할(전시즌),선발(>=70),71962,0.29098716958548826,0.5135766098774354,0.5124324034008012,-0.0011442064766341575,0.5451020165583235,0.24817592275454578,656.3851148772782,28982.91813703712,0.15289429060360546
sj3way_nv,2022,all,a12_role,A12 투수 역할(전시즌),전시즌없음,60248,0.243620174441879,0.5529810118178197,0.5585986744402902,0.005617662622470543,0.5918753178654237,0.24005570965036907,2887.3400050742125,23471.125437505994,3.0855542127000413
sj3way_nv,2022,all,a13_tens,A13 이닝 x 점수차,초반|0-1점,60220,0.24350695300906175,0.533510461640651,0.5354878821897497,0.001977420549098774,0.5720766937146048,0.2441240980257871,1909.7586357170294,23857.813688828468,0.3821361088312828
sj3way_nv,2022,all,a13_tens,A13 이닝 x 점수차,초반|2-3점,16617,0.06719287675442676,0.5323463922489017,0.5354873630112754,0.0031409707623737404,0.5704099061849373,0.24424098175573927,1893.014221617051,6586.434795448076,0.26604778489314745
sj3way_nv,2022,all,a13_tens,A13 이닝 x 점수차,초반|4점+,6474,0.026178412716384353,0.5451034908866235,0.5353769124268747,-0.00972657845974878,0.5698168125273925,0.2434267248544982,1830.4752274005186,2557.5267858933257,0.9939673611615786
sj3way_nv,2022,all,a13_tens,A13 이닝 x 점수차,중반|0-1점,34291,0.13865986259770402,0.5306348604590125,0.5336076012309262,0.0029727407719136734,0.5768026742185519,0.24350695975257944,2230.1903157763813,13550.982006037018,0.4917829518616943
sj3way_nv,2022,all,a13_tens,A13 이닝 x 점수차,중반|2-3점,27822,0.11250166799432275,0.5364819207821149,0.5304009987741276,-0.006080922007987266,0.5723553089368262,0.24357469752951455,2048.655241955366,10997.64655421064,1.6695769981766038
sj3way_nv,2022,all,a13_tens,A13 이닝 x 점수차,중반|4점+,20387,0.08243733395874696,0.5275911119831265,0.529537629249582,0.0019465172664555608,0.5775300191031973,0.24301165281449677,2498.43903134872,8040.066892457611,0.12535714244814194
sj3way_nv,2022,all,a13_tens,A13 이닝 x 점수차,후반|0-1점,27689,0.1119638661884409,0.5244320849434794,0.5214193504983325,-0.003012734445146825,0.5663563006708431,0.2448105125377288,1841.421049145131,11000.605091878806,0.40785727838962127
sj3way_nv,2022,all,a13_tens,A13 이닝 x 점수차,후반|2-3점,24086,0.09739469395842347,0.5209665365772648,0.5202588858745385,-0.0007076507027262702,0.5871143869769242,0.24264656898412984,2770.4055769582124,9484.579402393136,0.019574100168914768
sj3way_nv,2022,all,a13_tens,A13 이닝 x 점수차,후반|4점+,29717,0.120164332822489,0.5161018945384797,0.5166734083424143,0.000571513803934609,0.5812517621035714,0.2428938094984004,2741.6110786171234,11713.876757412585,0.015752070727691653
cw_v17_base,2022,all,a1_count,A1 볼카운트,0-0,64084,0.2589545483933536,0.5315991511141627,0.5317729938662278,0.00017384275206511202,0.5822557949151071,0.24283403641900225,2476.8755959991395,25237.625491827457,0.0031408855374810696
cw_v17_base,2022,all,a1_count,A1 볼카운트,0-1,31161,0.12591727548975237,0.5402265652578544,0.5373521586495511,-0.0028744066083032926,0.5782225675271437,0.24297260435064558,2177.7837934473964,12278.859104124842,0.4175390632299971
cw_v17_base,2022,all,a1_count,A1 볼카운트,0-2,15595,0.06301723023210706,0.5218339211285669,0.5276231981285343,0.005789276999967452,0.5639070327450909,0.24528242527892874,1699.5827447938816,6203.562066343901,0.8476632589615639
cw_v17_base,2022,all,a1_count,A1 볼카운트,1-0,25393,0.10260958815542769,0.5280195329421494,0.531923305100198,0.0039037721580486018,0.5877417127415634,0.24240558534472048,2732.3086505774418,9982.652556610781,0.6275845712527509
cw_v17_base,2022,all,a1_count,A1 볼카운트,1-1,25225,0.10193072347578716,0.5361744301288405,0.532479428552124,-0.003695001576716428,0.5830491618876092,0.24250794227006883,2486.4020513397422,9920.794697088291,0.5585341756141121
cw_v17_base,2022,all,a1_count,A1 볼카운트,1-2,23740,0.09593004461110752,0.5291491154170177,0.5274531739558558,-0.0016959414611619206,0.5650004818469331,0.2452007950983243,1585.2011862946492,9440.432897218581,0.11073674425197752
cw_v17_base,2022,all,a1_count,A1 볼카운트,2-0,8700,0.03515549233852719,0.5264367816091954,0.5256496409355177,-0.0007871406736776887,0.603512899054564,0.24016423031592862,3664.9924078272056,3388.5734070277376,0.008742049913117169
cw_v17_base,2022,all,a1_count,A1 볼카운트,2-1,13114,0.052991853623844315,0.5273753240811346,0.5287188380050468,0.0013435139239121874,0.598431652330618,0.24097894430162498,3318.606899059451,5125.114798310081,0.038389180713953835
cw_v17_base,2022,all,a1_count,A1 볼카운트,2-2,20240,0.08178703045192992,0.5267786561264822,0.5252128562095959,-0.0015657999168863235,0.581313565262167,0.24299366994652333,2522.930188679129,7976.177118058104,0.08047710782962704
cw_v17_base,2022,all,a1_count,A1 볼카운트,3-0,2809,0.011350779078037112,0.5062299750800997,0.5131230371554388,0.006893062075339129,0.5745865009324073,0.2440444752011051,2367.0523694862554,1111.7574296082691,0.2164539119444037
cw_v17_base,2022,all,a1_count,A1 볼카운트,3-1,5605,0.02264902696062585,0.5095450490633363,0.5115342962994098,0.0019892472360735214,0.604253469303327,0.23945538339045952,4182.927851288166,2176.654720558513,0.03597016785283498
cw_v17_base,2022,all,a1_count,A1 볼카운트,3-2,11806,0.04770640718950023,0.5016940538709131,0.5082108463466455,0.006516792475732336,0.582574810068208,0.24334735107831257,2659.9421754731957,4659.2790635497895,0.8131298089470984
cw_v17_base,2022,all,a1b_phase,A1b 카운트 국면,초구 0-0,64084,0.2589545483933536,0.5315991511141627,0.5317729938662278,0.00017384275206511202,0.5822557949151071,0.24283403641900225,2476.8755959991395,25237.625491827457,0.0031408855374810696
cw_v17_base,2022,all,a1b_phase,A1b 카운트 국면,투수우위 0-1,31161,0.12591727548975237,0.5402265652578544,0.5373521586495511,-0.0028744066083032926,0.5782225675271437,0.24297260435064558,2177.7837934473964,12278.859104124842,0.4175390632299971
cw_v17_base,2022,all,a1b_phase,A1b 카운트 국면,평행 1-1,25225,0.10193072347578716,0.5361744301288405,0.532479428552124,-0.003695001576716428,0.5830491618876092,0.24250794227006883,2486.4020513397422,9920.794697088291,0.5585341756141121
cw_v17_base,2022,all,a1b_phase,A1b 카운트 국면,타자우위 1-0/2-0/2-1,47207,0.19075693411779918,0.5275488804626433,0.5298769081735022,0.0023280277108589376,0.5937576962351553,0.24159619776682645,3067.256030534804,18496.3407619486,0.414927303588535
cw_v17_base,2022,all,a1b_phase,A1b 카운트 국면,2스트라이크,59575,0.2407343052951445,0.5264288711707931,0.526736556176395,0.0003076850056019653,0.570323712552312,0.24447231519222404,1937.0919510438123,23620.172081620593,0.00914673372949764
cw_v17_base,2022,all,a1b_phase,A1b 카운트 국면,3볼,8414,0.03399980603866296,0.5084383170905633,0.5120646948095817,0.0036263777190184143,0.5943073418678444,0.24098744411022463,3577.559240999906,3288.4121501667823,0.1794477031570176
cw_v17_base,2022,all,a1b_phase,A1b 카운트 국면,풀카운트,11806,0.04770640718950023,0.5016940538709131,0.5082108463466455,0.006516792475732336,0.582574810068208,0.24334735107831257,2659.9421754731957,4659.2790635497895,0.8131298089470984
cw_v17_base,2022,all,a2_li,A2 경기 중요도 li,li<0.10,23302,0.09416014741061615,0.5094841644494035,0.5155622903711273,0.006078125921723854,0.5807716473530431,0.2432136836951648,2679.51085312218,9191.164190377815,1.3961172888044027
cw_v17_base,2022,all,a2_li,A2 경기 중요도 li,0.10-0.35,28588,0.11552013965216267,0.5273891143136981,0.5246256435730293,-0.0027634707406687387,0.5905437671206539,0.2417120090848005,3024.205528342405,11206.53424279217,0.3540648676233409
cw_v17_base,2022,all,a2_li,A2 경기 중요도 li,0.35-0.70,54527,0.22033603801642207,0.5305261613512572,0.5303792386141597,-0.00014692273709748793,0.5782353510118793,0.243320448583186,2307.683583718567,21516.891672538168,0.001908881398158781
cw_v17_base,2022,all,a2_li,A2 경기 중요도 li,0.70-1.20,66871,0.2702164285252473,0.5329814119723049,0.5318389964861853,-0.0011424154861195968,0.5819825974221549,0.24283719903348627,2440.6303849030974,26335.547625413972,0.14153873240540252
cw_v17_base,2022,all,a2_li,A2 경기 중요도 li,1.20-2.00,47904,0.1935734143660697,0.5329617568470274,0.5331097253090786,0.00014796846205122893,0.5817132498000985,0.2430915893130178,2338.938122792622,18885.610677596513,0.0017009808305672492
cw_v17_base,2022,all,a2_li,A2 경기 중요도 li,li>=2.00,26280,0.10619383202948213,0.5267884322678843,0.5297842817518659,0.002995849483981572,0.5818935596889998,0.2432122344308275,2435.0479437490026,10365.734941607718,0.38252045324508765
cw_v17_base,2022,all,a3_load,A3 전시즌 경기당 대비 등판 투구수,<0.25,47915,0.1936178638391414,0.5197328602734008,0.5188187973363038,-0.0009140629370970599,0.5716318251021159,0.24465742414546077,1984.3667687529876,19011.623818529715,0.06492515766016914
cw_v17_base,2022,all,a3_load,A3 전시즌 경기당 대비 등판 투구수,0.25-0.50,44117,0.17827067304583952,0.5180089307976516,0.5182832259467514,0.00027429514909971253,0.5730880529258268,0.24467502801373886,2002.858440037658,17505.920018189714,0.005383088843806308
cw_v17_base,2022,all,a3_load,A3 전시즌 경기당 대비 등판 투구수,0.50-0.75,37037,0.1496613758324174,0.5198045198045198,0.5174224060097294,-0.0023821137947903637,0.5704498014905629,0.24462027185412447,1998.138488031187,14693.23981296471,0.3408396656835783
cw_v17_base,2022,all,a3_load,A3 전시즌 경기당 대비 등판 투구수,0.75-1.00,27793,0.11230765500743518,0.521318317561976,0.5174055424379356,-0.003912775124040424,0.5741221713720908,0.24467691795254384,1950.9912266234885,11028.533065557773,0.6900721902419714
cw_v17_base,2022,all,a3_load,A3 전시즌 경기당 대비 등판 투구수,1.00-1.25,13206,0.05336361285317127,0.5218082689686506,0.522474853178177,0.0006665842095263663,0.5819816959778512,0.24322659031572777,2523.925156774598,5209.207599852065,0.009516355489655026
cw_v17_base,2022,all,a3_load,A3 전시즌 경기당 대비 등판 투구수,1.25-1.50,6201,0.02505738022887438,0.5289469440412836,0.5315894075485315,0.0026424635072478386,0.5979845275173054,0.24048372081838218,3483.0154758176745,2418.447894966611,0.07022132970172855
cw_v17_base,2022,all,a3_load,A3 전시즌 경기당 대비 등판 투구수,>=1.50,10824,0.04373828150255382,0.5385254988913526,0.5369069253202206,-0.0016185735711320426,0.6068567624065995,0.23906309745214935,3803.6571590220337,4196.523376514595,0.04598773222964408
cw_v17_base,2022,all,a3_load,A3 전시즌 경기당 대비 등판 투구수,전시즌없음,60379,0.24398315769056703,0.5531062124248497,0.5578271392290972,0.004720926804247516,0.5972821486592125,0.23935642318493386,3165.027735309489,23437.98776375117,2.1823769735730867
cw_v17_base,2022,all,a3b_gp,A3b 등판 내 투구수,1-10,73772,0.2981024115859572,0.5246028303421352,0.5259178727124735,0.001315042370338304,0.5846750131627508,0.24278247019036864,2651.3115672426648,29046.79397247149,0.20689994265215023
cw_v17_base,2022,all,a3b_gp,A3b 등판 내 투구수,11-20,48944,0.19777591000193961,0.5324861065707748,0.529885775958813,-0.002600330611961743,0.5904809442626547,0.24160038707764248,2950.160092723009,19177.253373773437,0.536717700099783
cw_v17_base,2022,all,a3b_gp,A3b 등판 내 투구수,21-35,37097,0.14990382750371758,0.5352993503517804,0.5358375200526962,0.0005381697009158026,0.584864078550726,0.2421602727562818,2650.684724003227,14569.042427468496,0.0174247516680755
cw_v17_base,2022,all,a3b_gp,A3b 등판 내 투구수,36-60,41816,0.16897265145147733,0.5312081499904343,0.5332511316111858,0.0020429816207514495,0.5802420885348948,0.24315551000295427,2357.4004963840102,16489.820314805707,0.2830484149414401
cw_v17_base,2022,all,a3b_gp,A3b 등판 내 투구수,61-80,27608,0.11156009568759294,0.527926687916546,0.5274360270091417,-0.000490660907404239,0.5739904417326173,0.24430478998582053,1972.2767602530334,10938.461668779102,0.010779216194791509
cw_v17_base,2022,all,a3b_gp,A3b 등판 내 투구수,81+,18235,0.07368510376931532,0.5200987112695366,0.5202332609537451,0.0001345496842085625,0.5619097770401223,0.24617443390588076,1370.8582374443502,7280.111593028112,0.0005353779175868045
cw_v17_base,2022,all,a4_prevp,A4 전시즌 투구수,없음,60379,0.24398315769056703,0.5531062124248497,0.5578271392290972,0.004720926804247516,0.5972821486592125,0.23935642318493386,3165.027735309489,23437.98776375117,2.1823769735730867
cw_v17_base,2022,all,a4_prevp,A4 전시즌 투구수,1-200,16117,0.0651265597724187,0.5244772600359868,0.5338680322612389,0.009390772225252086,0.5923777200321957,0.2411869149299656,3293.4724795864677,6304.160611968517,2.3050276554706373
cw_v17_base,2022,all,a4_prevp,A4 전시즌 투구수,201-600,29513,0.11925793625137389,0.5317317792159387,0.5337940873967895,0.002062308180850736,0.60214851709211,0.23956982091081475,3784.5520606563987,11466.603275422984,0.20356813967838996
cw_v17_base,2022,all,a4_prevp,A4 전시즌 투구수,601-1200,56169,0.22697113208767053,0.5266606135056704,0.5237877917484549,-0.0028728217572154824,0.5787730980931318,0.24354334912807266,2304.8982025870355,22185.145784182918,0.7518018245899672
cw_v17_base,2022,all,a4_prevp,A4 전시즌 투구수,1201-2000,33289,0.13451622809853236,0.5052720117756616,0.504872920521831,-0.00039909125383064126,0.5694626949822277,0.24487059603795566,2040.8708382919417,13219.855508899765,0.008598733528099199
cw_v17_base,2022,all,a4_prevp,A4 전시즌 투구수,2001-2600,25838,0.1044077713842374,0.4974456227262172,0.49676632501482326,-0.0006792977113939114,0.541958533448978,0.24852072519140123,589.1153616783718,10413.838230187566,0.019336083713051674
cw_v17_base,2022,all,a4_prevp,A4 전시즌 투구수,2601+,26167,0.1057372147152001,0.5386937746015974,0.5294830750092944,-0.009210699592303029,0.5489583257910936,0.24681118855083517,680.7180088177156,10473.892175913428,3.600215449597498
cw_v17_base,2022,all,a5_asofn,A5 투수 누적 이력,0-99,7598,0.03070246330898041,0.5627796788628586,0.578135311491911,0.015355632629052374,0.6169317822786435,0.23616015848985142,4022.842091105361,2910.015094435343,2.9055211221604478
cw_v17_base,2022,all,a5_asofn,A5 투수 누적 이력,100-499,24668,0.09967996379388375,0.5625912112858764,0.5615249391612819,-0.0010662721245945361,0.6191376500715022,0.23513320081715627,4449.380414948734,9406.698328611252,0.04548407552001893
cw_v17_base,2022,all,a5_asofn,A5 투수 누적 이력,500-1499,52007,0.21015306782181417,0.5395812102217009,0.5410113087852582,0.0014300985635572472,0.5940979166154161,0.2403248240657402,3263.8550566204017,20269.813664776262,0.17249760283775223
cw_v17_base,2022,all,a5_asofn,A5 투수 누적 이력,1500-3999,84781,0.3425882524083533,0.5200811502577228,0.5204890965132384,0.00040794625551554553,0.5776764397225187,0.2438726026695811,2293.3571027161647,33531.336878396614,0.022881988236369485
cw_v17_base,2022,all,a5_asofn,A5 투수 누적 이력,4000-7999,61682,0.24924839981896943,0.5162770338186181,0.5134745297261681,-0.0028025040924499756,0.561398545116539,0.24636850463097157,1348.0500350108616,24645.23453131694,0.7856701961515105
cw_v17_base,2022,all,a5_asofn,A5 투수 누적 이력,8000+,16736,0.06762785284799896,0.5221677820267686,0.5244130859393858,0.002245303912617236,0.5415960854298506,0.24826461449628393,498.5699877193217,6738.384852789952,0.13683312779381418
cw_v17_base,2022,all,a6_psucc,A6 투수 수준 5분위,Q1 최저,35954,0.14528512316544903,0.46845969850364355,0.4717212345435801,0.0032615360399365634,0.5601442592636506,0.24521946222558186,1520.3485763772396,14298.532625071013,0.6202701743400055
cw_v17_base,2022,all,a6_psucc,A6 투수 수준 5분위,Q2,42717,0.17261346738216848,0.4863871526558513,0.4900954218525758,0.003708269196724512,0.5473856436336214,0.2466045367412763,1285.0139601210842,17084.06155695719,0.9526482475469774
cw_v17_base,2022,all,a6_psucc,A6 투수 수준 5분위,Q3,47290,0.1910923255964311,0.5141679001903151,0.5115487996626368,-0.002619100527678331,0.551246430319145,0.2465057720443981,1318.4580370603437,18905.393785699176,0.5260935423921236
cw_v17_base,2022,all,a6_psucc,A6 투수 수준 5분위,Q4,56287,0.22744795370789422,0.534297439906195,0.5304157423231566,-0.003881697583038468,0.5482953058925613,0.24600070765672524,1134.5294368453551,22456.071345406956,1.375437362414837
cw_v17_base,2022,all,a6_psucc,A6 투수 수준 5분위,Q5 최고,65136,0.26320553436348354,0.5962294276590518,0.5981464997585451,0.0019170720994932111,0.5938162060641473,0.23403025349568254,2787.092556450588,24721.932081599556,0.38822839742754456
cw_v17_base,2022,all,a7_inning,A7 이닝,1-3회,83348,0.33679769832546713,0.534217977635936,0.5358034902999538,0.0015855126640177408,0.5781538920360156,0.24340922431662126,2178.163661844412,32901.942292747095,0.33980043805222054
cw_v17_base,2022,all,a7_inning,A7 이닝,4-6회,82551,0.33357713195836297,0.5319014911993798,0.531461648033325,-0.00043984316605483187,0.5832993228466925,0.24263189572550878,2550.5424541680145,32483.255706897726,0.025900452803883242
cw_v17_base,2022,all,a7_inning,A7 이닝,7-8회,56423,0.22799751082950798,0.525370859401308,0.5208491552769884,-0.004521704124319625,0.5880349213897811,0.24224873038423483,2850.3745657815325,22167.004236474622,1.870896561563901
cw_v17_base,2022,all,a7_inning,A7 이닝,9회+,25150,0.10162765888666192,0.5095427435387674,0.5184227502094573,0.008880006670689888,0.5783838830186239,0.24392953710098195,2392.6311077074324,9949.281114206911,3.216280327189561
cw_v17_base,2022,all,a8_hand,A8 손 매치업,1v1,30719,0.12413121484450766,0.4951984114066213,0.4969884904770925,0.0017900790704711844,0.583141315769942,0.2435019539299489,2590.2352009241845,12131.062640916505,0.15963967115611796
cw_v17_base,2022,all,a8_hand,A8 손 매치업,1v2,31497,0.12727500484903342,0.5358605581483951,0.5362975682045736,0.00043701005617857724,0.5795957028879554,0.24265433623302177,2436.4063301564265,12395.001049812323,0.00975531669611933
cw_v17_base,2022,all,a8_hand,A8 손 매치업,2v1,94115,0.38030565074028577,0.535398183073899,0.534378840865207,-0.0010193422086919313,0.5797874955205905,0.24277934486671032,2399.073967052612,37056.11645972217,0.15859452223719547
cw_v17_base,2022,all,a8_hand,A8 손 매치업,2v2,91141,0.36828812956617313,0.5311989115765682,0.5321998367315114,0.0010009251549432108,0.5815001006934702,0.24301036231445317,2415.912568194556,35919.30319987536,0.148083379830877
cw_v17_base,2022,all,a9_batn,A9 타자 누적 이력,0-99,7586,0.030653972974720372,0.626021618771421,0.6219358035864828,-0.004085815184938224,0.630738504731679,0.22202424883500696,5165.888258087281,2731.5085776840747,0.20538068383643204
cw_v17_base,2022,all,a9_batn,A9 타자 누적 이력,100-499,22595,0.09130325855046227,0.58220845319761,0.5772511174959679,-0.0049573357016421404,0.6170086211339376,0.23252855108014733,4404.350096981147,8520.752526672699,0.900530290789831
cw_v17_base,2022,all,a9_batn,A9 타자 누적 이력,500-1499,44050,0.177999935346221,0.5511691259931896,0.5501803731619441,-0.000988752831245443,0.6023269673062801,0.23886404037269018,3443.132400257631,17064.202952156542,0.06984104257333694
cw_v17_base,2022,all,a9_batn,A9 타자 누적 이력,1500-3999,56362,0.22775101829701946,0.5261701146162308,0.5259719000525573,-0.0001982145636734156,0.5760321393745008,0.24400504427555803,2129.8671002269566,22303.57705983285,0.0035912599154572598
cw_v17_base,2022,all,a9_batn,A9 타자 누적 이력,4000+,116879,0.4722918148315769,0.5052575740723312,0.5074972937645478,0.0022397196922165907,0.5556960285976543,0.24732906491109016,1057.4341202493897,46881.44223398018,0.9508524830949886
cw_v17_base,2022,all,a10_base,A10 주자 상황,___,131972,0.533280532747139,0.5251947382778165,0.5275312525915847,0.0023365143137682454,0.5810382591651564,0.243216154421955,2465.8894347177607,52055.13014998279,1.1684442912716848
cw_v17_base,2022,all,a10_base,A10 주자 상황,1__,49178,0.19872147152001035,0.5336125909959738,0.5292161749380001,-0.0043964160579736955,0.5848627614702221,0.24258529715248836,2525.371351201244,19347.491239429666,1.5415504928422794
cw_v17_base,2022,all,a10_base,A10 주자 상황,_2_,18519,0.07483270834680288,0.5323181597278471,0.5297621110782306,-0.00255604864961656,0.5789081940813916,0.24337707763742808,2240.745071044625,7309.480713998355,0.1962208188197865
cw_v17_base,2022,all,a10_base,A10 주자 상황,__3,6094,0.024625008081722376,0.5336396455530029,0.5338924138398091,0.0002527682868062042,0.5783935377179247,0.2431032987247814,2316.515925227025,2402.6063617929267,0.0006314470528588505
cw_v17_base,2022,all,a10_base,A10 주자 상황,12_,20472,0.08272451024762398,0.5308714341539664,0.5318479100356057,0.0009764758816392938,0.5849076406944291,0.2423812723921824,2676.476077794787,8047.271516536586,0.03165720989084761
cw_v17_base,2022,all,a10_base,A10 주자 상황,1_3,8071,0.032613790651063554,0.5389666707966795,0.5345651354354769,-0.00440153536120258,0.5871743475212139,0.24162038426901264,2761.2565025252334,3162.643491370843,0.25358587469645844
cw_v17_base,2022,all,a10_base,A10 주자 상황,_23,5375,0.021719628887308464,0.5382325581395349,0.5302114412688363,-0.008021116870698508,0.5765652344303805,0.24358981806347432,1991.0227124398605,2123.3760791445284,0.5608380594133245
cw_v17_base,2022,all,a10_base,A10 주자 상황,123,7791,0.031482349518329344,0.5286869464767039,0.538485345911579,0.009798399434875149,0.5977940581428007,0.24166463163429605,3014.895309634513,3053.4837980706548,1.213089390586205
cw_v17_base,2022,all,a11_typemo,A11 game_type x 월블록,R|early,75061,0.3033110816577229,0.5135822864070556,0.5054876721647005,-0.008094614242355136,0.5539165227145268,0.24761313106470229,881.6067224590274,30142.36598792159,7.976198995392016
cw_v17_base,2022,all,a11_typemo,A11 game_type x 월블록,R|mid,64405,0.2602516648348096,0.5053179101001475,0.5078603955037466,0.0025424854035991373,0.5472029331737012,0.24815040670939192,728.6076696986665,25919.337501914575,0.6751897521895011
cw_v17_base,2022,all,a11_typemo,A11 game_type x 월블록,R|late,77558,0.31340111204499904,0.4927667036282524,0.5005271740032621,0.007760470375009654,0.5443303402073296,0.248533802128868,565.6693024680304,31260.89343863543,7.575163534797229
cw_v17_base,2022,all,a11_typemo,A11 game_type x 월블록,F|early,11199,0.045253604448179996,0.7355120992945798,0.7086084789485697,-0.026903620346010126,0.532544704290033,0.19498048319230427,-229.48789888062038,3541.2754431620056,13.145890698587927
cw_v17_base,2022,all,a11_typemo,A11 game_type x 월블록,F|mid,9014,0.03642432275166484,0.6954737075660085,0.708258914250893,0.012785206684884587,0.5315365369422674,0.2115927791030718,93.1349542999782,3093.19797601919,2.3895844364617216
cw_v17_base,2022,all,a11_typemo,A11 game_type x 월블록,F|late,10235,0.04135821426262365,0.6911577918905716,0.7001510668646725,0.008993274974100962,0.5246801405345058,0.21353405787544208,-35.30391425392576,3544.413002673566,1.3424957288873691
cw_v17_base,2022,all,a12_role,A12 투수 역할(전시즌),불펜(<30구/경기),74570,0.30132701881424967,0.5214831701756739,0.5191188393863713,-0.002364330789302649,0.5883087606395683,0.24227590815520625,2910.3990038355287,29299.7351164745,0.6760361808682865
cw_v17_base,2022,all,a12_role,A12 투수 역할(전시즌),스윙(30-70),40554,0.16387308463179673,0.5338067761503181,0.5364955065522874,0.0026887304019692637,0.5932257243777106,0.24099838472041415,3157.9236060934268,15850.287696878635,0.4754638836567074
cw_v17_base,2022,all,a12_role,A12 투수 역할(전시즌),선발(>=70),71969,0.29081673886338655,0.5135822367963985,0.511446156081147,-0.0021360807152515093,0.550603120387927,0.24772250808499596,837.8241411046705,28913.472773222045,0.5325619173538485
cw_v17_base,2022,all,a12_role,A12 투수 역할(전시즌),전시즌없음,60379,0.24398315769056703,0.5531062124248497,0.5578271392290972,0.004720926804247516,0.5972821486592125,0.23935642318493386,3165.027735309489,23437.98776375117,2.1823769735730867
cw_v17_base,2022,all,a13_tens,A13 이닝 x 점수차,초반|0-1점,60246,0.24344572315251828,0.5335457955714902,0.535992760629729,0.002446965058238826,0.5786378185752187,0.2434554138082734,2177.5078926967726,23786.852244778496,0.5850231797432459
cw_v17_base,2022,all,a13_tens,A13 이닝 x 점수차,초반|2-3점,16623,0.06717123553371694,0.532334716958431,0.5343425607105554,0.002007843752124372,0.5768866192622103,0.24350747906295114,2187.945089739318,6564.641748919822,0.10868223298163604
cw_v17_base,2022,all,a13_tens,A13 이닝 x 점수차,초반|4점+,6479,0.026180739639231912,0.5453002006482481,0.5377917990323068,-0.007508401615941351,0.5775962801701502,0.24272763444745687,2105.38485946693,2550.448299048778,0.5923689549563819
cw_v17_base,2022,all,a13_tens,A13 이닝 x 점수차,중반|0-1점,34313,0.1386540699553889,0.5306735056684055,0.533839510545585,0.0031660048771794402,0.5827376647731314,0.2428411279982892,2496.5990609043697,13513.574886415276,0.5577905731261861
cw_v17_base,2022,all,a13_tens,A13 이닝 x 점수차,중반|2-3점,27832,0.1124652485937803,0.536540672607071,0.5298479602490147,-0.006692712358056241,0.581944733923731,0.24281493357959658,2352.5027080946948,10959.964054299096,2.0217993700171815
cw_v17_base,2022,all,a13_tens,A13 이닝 x 점수차,중반|4점+,20406,0.08245781340919377,0.527638929726551,0.5296641650395848,0.0020252353130337797,0.5855966760218495,0.2420304208391573,2891.101660690909,8009.71676618335,0.13573698110546276
cw_v17_base,2022,all,a13_tens,A13 이닝 x 점수차,후반|0-1점,27707,0.11196014094523825,0.5245605803587541,0.5218090556692198,-0.0027515246895343237,0.5743388198989365,0.24404337646625313,2146.5399318418067,10965.939629434117,0.340193219892551
cw_v17_base,2022,all,a13_tens,A13 이닝 x 점수차,후반|2-3점,24107,0.097413040667227,0.5210104948770067,0.5223107743390824,0.0013002794620756708,0.5923018304034632,0.2418883675893853,3073.5036871286316,9456.871163139616,0.06610067503211438
cw_v17_base,2022,all,a13_tens,A13 이닝 x 점수차,후반|4점+,29759,0.12025198810370466,0.5162807890050068,0.5167208143264905,0.00044002532148368356,0.5876870584909586,0.24229024037540203,2981.03887902732,11693.474558107799,0.009344648975664322
hw_v12_honest,2022,all,a1_count,A1 볼카운트,0-0,64084,0.2589545483933536,0.5315991511141627,0.5291686480895049,-0.0024305030246577486,0.573184835087516,0.24358308268561893,2176.0556066728996,25315.473512770885,0.6139475411689674
hw_v12_honest,2022,all,a1_count,A1 볼카운트,0-1,31161,0.12591727548975237,0.5402265652578544,0.5307832749123887,-0.00944329034546565,0.5700034569098513,0.2437205615913967,1876.6517579508202,12316.657857608338,4.50658319442956
hw_v12_honest,2022,all,a1_count,A1 볼카운트,0-2,15595,0.06301723023210706,0.5218339211285669,0.5186431517314651,-0.0031907693971017226,0.5587936330167294,0.2455714794742376,1583.7401687270658,6210.872682418806,0.2574930645801296
hw_v12_honest,2022,all,a1_count,A1 볼카운트,1-0,25393,0.10260958815542769,0.5280195329421494,0.5306875116879487,0.002667978745799271,0.5810317976527939,0.24299517295732637,2495.730661481854,10006.932724412842,0.2931352623696876
hw_v12_honest,2022,all,a1_count,A1 볼카운트,1-1,25225,0.10193072347578716,0.5361744301288405,0.530504626106177,-0.005669804022663483,0.5749300156405517,0.24328165329769816,2175.289164188732,9952.446560479371,1.3150933789114525
hw_v12_honest,2022,all,a1_count,A1 볼카운트,1-2,23740,0.09593004461110752,0.5291491154170177,0.5219994912346828,-0.0071496241823348905,0.5570325559887478,0.24596354285541983,1279.061611869281,9469.799315118968,1.968051519666503
hw_v12_honest,2022,all,a1_count,A1 볼카운트,2-0,8700,0.03515549233852719,0.5264367816091954,0.5258203069271496,-0.0006164746820457312,0.5899717535082885,0.24129575710447101,3211.1128204232673,3404.538572114772,0.005362151301023093
hw_v12_honest,2022,all,a1_count,A1 볼카운트,2-1,13114,0.052991853623844315,0.5273753240811346,0.5274635356737949,8.821159266025891e-05,0.589402101948594,0.24188112135266548,2956.6510677270676,5144.302204779901,0.00016549155125236028
hw_v12_honest,2022,all,a1_count,A1 볼카운트,2-2,20240,0.08178703045192992,0.5267786561264822,0.5206888681577649,-0.006089787968717286,0.5726667869557726,0.24383383276055381,2185.898325692126,8003.755150910515,1.2173183613849623
hw_v12_honest,2022,all,a1_count,A1 볼카운트,3-0,2809,0.011350779078037112,0.5062299750800997,0.5130446992979674,0.006814724217867663,0.566595379843169,0.24456037544050582,2160.6602312726154,1114.1076402558072,0.21156198373891555
hw_v12_honest,2022,all,a1_count,A1 볼카운트,3-1,5605,0.02264902696062585,0.5095450490633363,0.5122426107030362,0.002697561639699919,0.5941369818207385,0.24031773885369184,3837.859912249042,2184.4935507542127,0.06614662531471825
hw_v12_honest,2022,all,a1_count,A1 볼카운트,3-2,11806,0.04770640718950023,0.5016940538709131,0.5067068964072653,0.005012842536352147,0.5778803357462183,0.24399665230661083,2400.2187027169607,4671.710986911773,0.4811275493066467
hw_v12_honest,2022,all,a1b_phase,A1b 카운트 국면,초구 0-0,64084,0.2589545483933536,0.5315991511141627,0.5291686480895049,-0.0024305030246577486,0.573184835087516,0.24358308268561893,2176.0556066728996,25315.473512770885,0.6139475411689674
hw_v12_honest,2022,all,a1b_phase,A1b 카운트 국면,투수우위 0-1,31161,0.12591727548975237,0.5402265652578544,0.5307832749123887,-0.00944329034546565,0.5700034569098513,0.2437205615913967,1876.6517579508202,12316.657857608338,4.50658319442956
hw_v12_honest,2022,all,a1b_phase,A1b 카운트 국면,평행 1-1,25225,0.10193072347578716,0.5361744301288405,0.530504626106177,-0.005669804022663483,0.5749300156405517,0.24328165329769816,2175.289164188732,9952.446560479371,1.3150933789114525
hw_v12_honest,2022,all,a1b_phase,A1b 카운트 국면,타자우위 1-0/2-0/2-1,47207,0.19075693411779918,0.5275488804626433,0.5288948982435746,0.0013460177809313523,0.5851889414343141,0.24237249855176435,2755.7901799740825,18555.773501307507,0.1387066608095139
hw_v12_honest,2022,all,a1b_phase,A1b 카운트 국면,2스트라이크,59575,0.2407343052951445,0.5264288711707931,0.5206756284461053,-0.0057532427246878015,0.5630162461125001,0.24513736474799847,1670.3268026685203,23684.427148448285,3.1980022561257275
hw_v12_honest,2022,all,a1b_phase,A1b 카운트 국면,3볼,8414,0.03399980603866296,0.5084383170905633,0.5125103866553967,0.004072069564833414,0.5848663555069661,0.24173413606932773,3278.7973637673717,3298.60119101002,0.22626751427182712
hw_v12_honest,2022,all,a1b_phase,A1b 카운트 국면,풀카운트,11806,0.04770640718950023,0.5016940538709131,0.5067068964072653,0.005012842536352147,0.5778803357462183,0.24399665230661083,2400.2187027169607,4671.710986911773,0.4811275493066467
hw_v12_honest,2022,all,a2_li,A2 경기 중요도 li,li<0.10,23302,0.09416014741061615,0.5094841644494035,0.513111626807816,0.003627462358412492,0.5700512119062947,0.24408001348436764,2332.8542112475147,9223.903217288647,0.49726552140498026
hw_v12_honest,2022,all,a2_li,A2 경기 중요도 li,0.10-0.35,28588,0.11552013965216267,0.5273891143136981,0.5198110453352373,-0.007578068978460806,0.5829403682761455,0.24234156784358438,2771.6241153177943,11235.722580661164,2.6625035925903195
hw_v12_honest,2022,all,a2_li,A2 경기 중요도 li,0.35-0.70,54527,0.22033603801642207,0.5305261613512572,0.5264033998622499,-0.004122761489007254,0.571248446540578,0.24395491130128213,2052.9490023404096,21572.997378634926,1.5030635607357252
hw_v12_honest,2022,all,a2_li,A2 경기 중요도 li,0.70-1.20,66871,0.2702164285252473,0.5329814119723049,0.526776890042764,-0.006204521929540907,0.5721549842178167,0.24373831837104207,2078.607454026704,26433.27347353294,4.174877976467138
hw_v12_honest,2022,all,a2_li,A2 경기 중요도 li,1.20-2.00,47904,0.1935734143660697,0.5329617568470274,0.5319329081772122,-0.00102884866981523,0.5741608360008532,0.24374125529815893,2077.937443362754,18936.08276056954,0.08223640191217643
hw_v12_honest,2022,all,a2_li,A2 경기 중요도 li,li>=2.00,26280,0.10619383202948213,0.5267884322678843,0.528398081507827,0.0016096492399426676,0.5754812313125839,0.24385456967961863,2177.3741967888395,10393.111347848968,0.11042748457164497
hw_v12_honest,2022,all,a3_load,A3 전시즌 경기당 대비 등판 투구수,<0.25,47915,0.1936178638391414,0.5197328602734008,0.5210488124239365,0.0013159521505357041,0.5648373005181188,0.24519219855428112,1770.123311807126,19053.179597692273,0.13456775578535465
hw_v12_honest,2022,all,a3_load,A3 전시즌 경기당 대비 등판 투구수,0.25-0.50,44117,0.17827067304583952,0.5180089307976516,0.5196217670011269,0.0016128362034752985,0.5671875838055749,0.24520206736095,1791.768857518361,17543.628437939842,0.18611261884042987
hw_v12_honest,2022,all,a3_load,A3 전시즌 경기당 대비 등판 투구수,0.50-0.75,37037,0.1496613758324174,0.5198045198045198,0.5178656496602997,-0.0019388701442201173,0.5635255184320929,0.24520192039647676,1765.113483749281,14728.176825563321,0.22579928834083524
hw_v12_honest,2022,all,a3_load,A3 전시즌 경기당 대비 등판 투구수,0.75-1.00,27793,0.11230765500743518,0.521318317561976,0.5172727609624904,-0.004045556599485578,0.564393569019764,0.24540277582552641,1660.119306411978,11061.250281468741,0.7377025954411297
hw_v12_honest,2022,all,a3_load,A3 전시즌 경기당 대비 등판 투구수,1.00-1.25,13206,0.05336361285317127,0.5218082689686506,0.5224714272201257,0.0006631582514751155,0.5750238787829903,0.24383254542032629,2281.08112787625,5222.18539940904,0.009418786863105384
hw_v12_honest,2022,all,a3_load,A3 전시즌 경기당 대비 등판 투구수,1.25-1.50,6201,0.02505738022887438,0.5289469440412836,0.5339970594989067,0.005050115457623128,0.5910246762301584,0.24143595540793186,3100.840703944574,2428.0241346005196,0.2564800954884054
hw_v12_honest,2022,all,a3_load,A3 전시즌 경기당 대비 등판 투구수,>=1.50,10824,0.04373828150255382,0.5385254988913526,0.540386753225842,0.0018612543344893595,0.5978554468003773,0.2399863289157743,3432.1590426545813,4212.729819333781,0.060811896652620295
hw_v12_honest,2022,all,a3_load,A3 전시즌 경기당 대비 등판 투구수,전시즌없음,60379,0.24398315769056703,0.5531062124248497,0.5400390467030933,-0.013067165721756369,0.5880920354927118,0.240458624435634,2719.1168793505803,23545.91626252867,16.72006782418674
hw_v12_honest,2022,all,a3b_gp,A3b 등판 내 투구수,1-10,73772,0.2981024115859572,0.5246028303421352,0.5243690839480485,-0.00023374639408668685,0.5785627584600055,0.24340142056141081,2403.1305236167477,29120.845957743528,0.006536883096899048
hw_v12_honest,2022,all,a3b_gp,A3b 등판 내 투구수,11-20,48944,0.19777591000193961,0.5324861065707748,0.5283903456436679,-0.00409576092710684,0.5827218226180487,0.24236035743809886,2644.8832564203162,19237.576721493682,1.3315515292012328
hw_v12_honest,2022,all,a3b_gp,A3b 등판 내 투구수,21-35,37097,0.14990382750371758,0.5352993503517804,0.532584344631537,-0.002715005720243413,0.5783168711787212,0.24280436671397518,2391.7565974316044,14607.792929729265,0.44347547627625433
hw_v12_honest,2022,all,a3b_gp,A3b 등판 내 투구수,36-60,41816,0.16897265145147733,0.5312081499904343,0.5284044547536906,-0.0028036952367437307,0.572070779648512,0.24384521077997556,2080.441209106476,16536.593023694455,0.5330812600333843
hw_v12_honest,2022,all,a3b_gp,A3b 등판 내 투구수,61-80,27608,0.11156009568759294,0.527926687916546,0.5210051590193506,-0.006921528897195328,0.5606382610496985,0.24532156216772957,1564.295148218986,10983.986455822118,2.1450051536729093
hw_v12_honest,2022,all,a3b_gp,A3b 등판 내 투구수,81+,18235,0.07368510376931532,0.5200987112695366,0.5117603961844333,-0.008338315085103298,0.5492091980474268,0.2471274686386778,989.0273694931451,7308.295670053133,2.0561353164529246
hw_v12_honest,2022,all,a4_prevp,A4 전시즌 투구수,없음,60379,0.24398315769056703,0.5531062124248497,0.5400390467030933,-0.013067165721756369,0.5880920354927118,0.240458624435634,2719.1168793505803,23545.91626252867,16.72006782418674
hw_v12_honest,2022,all,a4_prevp,A4 전시즌 투구수,1-200,16117,0.0651265597724187,0.5244772600359868,0.5324670636558068,0.007989803619819935,0.5870242282205401,0.24185465660069963,3025.7341643627033,6321.614090905522,1.6685750170535405
hw_v12_honest,2022,all,a4_prevp,A4 전시즌 투구수,201-600,29513,0.11925793625137389,0.5317317792159387,0.5400802028338484,0.008348423617909662,0.5962335355029845,0.24032393589340934,3481.6862381907285,11502.697710425646,3.3358893342004126
hw_v12_honest,2022,all,a4_prevp,A4 전시즌 투구수,601-1200,56169,0.22697113208767053,0.5266606135056704,0.524098863745453,-0.002561749760217391,0.5712793476494396,0.24418865827398478,2046.038566606856,22243.929066621884,0.5978048323867898
hw_v12_honest,2022,all,a4_prevp,A4 전시즌 투구수,1201-2000,33289,0.13451622809853236,0.5052720117756616,0.5080083968277268,0.0027363850520651933,0.5623902642293607,0.245461450389283,1804.5028192078648,13251.754027046638,0.4042448434625158
hw_v12_honest,2022,all,a4_prevp,A4 전시즌 투구수,2001-2600,25838,0.1044077713842374,0.4974456227262172,0.49979434384345867,0.0023487211172414924,0.5345588445225582,0.2489641459686526,411.74242145528564,10432.41902355457,0.2311591664915012
hw_v12_honest,2022,all,a4_prevp,A4 전시즌 투구수,2601+,26167,0.1057372147152001,0.5386937746015974,0.5244442755225678,-0.014249499079029615,0.5431839047553583,0.24735006915696595,463.86708243089106,10496.760577453264,8.616729319314835
hw_v12_honest,2022,all,a5_asofn,A5 투수 누적 이력,0-99,7598,0.03070246330898041,0.5627796788628586,0.5740688591153716,0.01128918025251302,0.6109339809608985,0.23697378470762723,3692.178644393451,2920.0407676483705,1.5704113481390696
hw_v12_honest,2022,all,a5_asofn,A5 투수 누적 이력,100-499,24668,0.09967996379388375,0.5625912112858764,0.5457471957941726,-0.01684401549170378,0.6078469787226995,0.23663785101342935,3837.9386533726633,9466.893105177207,11.35048776770601
hw_v12_honest,2022,all,a5_asofn,A5 투수 누적 이력,500-1499,52007,0.21015306782181417,0.5395812102217009,0.5347692731832443,-0.004811937038456615,0.583576868295048,0.24119979992173884,2911.6576023753614,20343.61210666098,1.9529494208492035
hw_v12_honest,2022,all,a5_asofn,A5 투수 누적 이력,1500-3999,84781,0.3425882524083533,0.5200811502577228,0.5194992489054735,-0.0005819013522493366,0.571178188773846,0.24446849325308573,2054.6157770772734,33613.26903346214,0.046557171597542364
hw_v12_honest,2022,all,a5_asofn,A5 투수 누적 이력,4000-7999,61682,0.24924839981896943,0.5162770338186181,0.5149719203891715,-0.0013051134294466138,0.5540977490757826,0.24691657018472868,1128.5912382471786,24700.059737692696,0.17039007141126777
hw_v12_honest,2022,all,a5_asofn,A5 투수 누적 이력,8000+,16736,0.06762785284799896,0.5221677820267686,0.5180461330577729,-0.004121648968995695,0.5346151734466508,0.24873735712604425,309.1005065999242,6751.216007894792,0.46108711962219767
hw_v12_honest,2022,all,a6_psucc,A6 투수 수준 5분위,Q1 최저,35954,0.14528512316544903,0.46845969850364355,0.47324354489631204,0.004783846392668489,0.5537678935741132,0.24564304137627171,1350.2400265433034,14323.231155320082,1.334415221757571
hw_v12_honest,2022,all,a6_psucc,A6 투수 수준 5분위,Q2,42717,0.17261346738216848,0.4863871526558513,0.4912115755949207,0.004824422939069373,0.5314128524770725,0.24772112452347128,838.0475385450059,17161.415585625276,1.6124297897104094
hw_v12_honest,2022,all,a6_psucc,A6 투수 수준 5분위,Q3,47290,0.1910923255964311,0.5141679001903151,0.5082420615383187,-0.005925838651996362,0.5394141805380371,0.2472322246561611,1027.6434922436572,18961.107988973712,2.6931359651624316
hw_v12_honest,2022,all,a6_psucc,A6 투수 수준 5분위,Q4,56287,0.22744795370789422,0.534297439906195,0.5257380287866977,-0.008559411119497318,0.5375778715049959,0.24671368795809256,847.9890700781923,22521.155452960484,6.68782955503075
hw_v12_honest,2022,all,a6_psucc,A6 투수 수준 5분위,Q5 최고,65136,0.26320553436348354,0.5962294276590518,0.5900772960764349,-0.00615213158261696,0.588008203160644,0.2347026376202074,2507.7935569084107,24792.959798789787,3.9981735081170995
hw_v12_honest,2022,all,a7_inning,A7 이닝,1-3회,83348,0.33679769832546713,0.534217977635936,0.5329595376907431,-0.001258439945192924,0.5698646782867518,0.24408414283672852,1906.9259172565412,32993.17190930423,0.2140668873428791
hw_v12_honest,2022,all,a7_inning,A7 이닝,4-6회,82551,0.33357713195836297,0.5319014911993798,0.5264522459042794,-0.00544924529510038,0.5743182891360086,0.24343342808310575,2228.6190185879627,32590.56385965036,3.975432421134595
hw_v12_honest,2022,all,a7_inning,A7 이닝,7-8회,56423,0.22799751082950798,0.525370859401308,0.5181533752642947,-0.007217484137013286,0.5810960877559714,0.24295205630675815,2568.3179794665502,22231.362174200316,4.766692876597709
hw_v12_honest,2022,all,a7_inning,A7 이닝,9회+,25150,0.10162765888666192,0.5095427435387674,0.5168253564204933,0.007282612881725936,0.5706560211649014,0.24468250517626844,2091.3341284154894,9979.992815381285,2.163225333233864
hw_v12_honest,2022,all,a8_hand,A8 손 매치업,1v1,30719,0.12413121484450766,0.4951984114066213,0.4978183576640781,0.0026199462574568178,0.5760493963003925,0.2442925204692836,2273.9794197620845,12170.448001303554,0.3419646078549042
hw_v12_honest,2022,all,a8_hand,A8 손 매치업,1v2,31497,0.12727500484903342,0.5358605581483951,0.5374945725679938,0.0016340144195987616,0.5673538072030159,0.24349479243683647,2098.485611989109,12437.932306225564,0.136386153373607
hw_v12_honest,2022,all,a8_hand,A8 손 매치업,2v1,94115,0.38030565074028577,0.535398183073899,0.5299441070819338,-0.005454075991965124,0.5706203559115733,0.2435010868268355,2108.922909499811,37166.27803109865,4.5403625918375035
hw_v12_honest,2022,all,a8_hand,A8 손 매치업,2v2,91141,0.36828812956617313,0.5311989115765682,0.5268381758630233,-0.004360735713544894,0.5752159191692632,0.2436945473128109,2141.1688574186514,36020.432419908444,2.8107527454268717
hw_v12_honest,2022,all,a9_batn,A9 타자 누적 이력,0-99,7586,0.030653972974720372,0.626021618771421,0.6123242807571686,-0.013697338014252436,0.626495992366313,0.22281100673082302,4829.837188903852,2741.1878625021,2.308205680682855
hw_v12_honest,2022,all,a9_batn,A9 타자 누적 이력,100-499,22595,0.09130325855046227,0.58220845319761,0.5705217392044171,-0.011686713993192988,0.6126596753828215,0.2333538854011178,4065.0439324953823,8550.995993412982,5.004797361340192
hw_v12_honest,2022,all,a9_batn,A9 타자 누적 이력,500-1499,44050,0.177999935346221,0.5511691259931896,0.545840401880779,-0.005328724112410588,0.5952621070297703,0.239527119698562,3175.0934665762175,17111.57266160465,2.0285312628024297
hw_v12_honest,2022,all,a9_batn,A9 타자 누적 이력,1500-3999,56362,0.22775101829701946,0.5261701146162308,0.5208029520441028,-0.0053671625721279925,0.5675181400814565,0.2447650354440716,1825.0355469043188,22373.044974490356,2.633087050035414
hw_v12_honest,2022,all,a9_batn,A9 타자 누적 이력,4000+,116879,0.4722918148315769,0.5052575740723312,0.5063390354854099,0.0010814614130787437,0.545834196817905,0.24805101899318763,768.6205537736467,47018.2892665261,0.22169089903589692
hw_v12_honest,2022,all,a10_base,A10 주자 상황,___,131972,0.533280532747139,0.5251947382778165,0.5228917368259819,-0.0023030014518345965,0.5723886012803099,0.24394865280857347,2172.14423181733,52211.90550456687,1.1351664388511058
hw_v12_honest,2022,all,a10_base,A10 주자 상황,1__,49178,0.19872147152001035,0.5336125909959738,0.5266391326870516,-0.006973458308922154,0.576369318938983,0.24340934262850186,2194.2567795145364,19413.213329000664,3.878435747910206
hw_v12_honest,2022,all,a10_base,A10 주자 상황,_2_,18519,0.07483270834680288,0.5323181597278471,0.5272765223794167,-0.005041637348430439,0.5711902339628451,0.24416050384415652,1926.05987963278,7333.009794076527,0.7633963141698644
hw_v12_honest,2022,all,a10_base,A10 주자 상황,__3,6094,0.024625008081722376,0.5336396455530029,0.5321380019713802,-0.001501643581622747,0.5745525624679189,0.24352837901469668,2145.7106587076,2406.807459080296,0.02228565993035895
hw_v12_honest,2022,all,a10_base,A10 주자 상황,12_,20472,0.08272451024762398,0.5308714341539664,0.5302692539115421,-0.0006021802424243106,0.5779451914128529,0.2429625502533901,2443.0751666090323,8066.570452999472,0.012039337745959458
hw_v12_honest,2022,all,a10_base,A10 주자 상황,1_3,8071,0.032613790651063554,0.5389666707966795,0.5340362110282247,-0.004930459768454742,0.5816284091225014,0.24217713014541772,2537.1973047352058,3169.9309093082293,0.31819364893382784
hw_v12_honest,2022,all,a10_base,A10 주자 상황,_23,5375,0.021719628887308464,0.5382325581395349,0.5309727977877807,-0.00725976035175413,0.5714841292146177,0.2440319123399293,1813.1449659704035,2127.229821549749,0.4594226037232138
hw_v12_honest,2022,all,a10_base,A10 주자 상황,123,7791,0.031482349518329344,0.5286869464767039,0.5366100411461158,0.007923094669411879,0.5865129103083061,0.24268872922118603,2603.9033866295135,3066.4234879543774,0.7931808411559593
hw_v12_honest,2022,all,a11_typemo,A11 game_type x 월블록,R|early,75061,0.3033110816577229,0.5135822864070556,0.5058698923228878,-0.007712394084167795,0.5404229587224233,0.24852689663117897,515.8305845293864,30253.600218567877,7.24072565177835
hw_v12_honest,2022,all,a11_typemo,A11 game_type x 월블록,R|mid,64405,0.2602516648348096,0.5053179101001475,0.5009320304531093,-0.004385879647038182,0.5404184577306018,0.2487279007083958,497.583936537338,25979.656814157497,2.0091960954306094
hw_v12_honest,2022,all,a11_typemo,A11 game_type x 월블록,R|late,77558,0.31340111204499904,0.4927667036282524,0.4992745789420714,0.006507875313818967,0.5337108844683949,0.24923214640825947,286.2731180337863,31348.732058229787,5.327143176336976
hw_v12_honest,2022,all,a11_typemo,A11 game_type x 월블록,F|early,11199,0.045253604448179996,0.7355120992945798,0.6929815755179076,-0.04253052377667221,0.5207839013322161,0.1966426028418786,-1083.8985484798113,3571.463200430149,32.85262133578826
hw_v12_honest,2022,all,a11_typemo,A11 game_type x 월블록,F|mid,9014,0.03642432275166484,0.6954737075660085,0.6941604871076057,-0.001313220458402764,0.5213228942484791,0.21186012392160963,-33.096114735298165,3097.106192807616,0.02521054036100568
hw_v12_honest,2022,all,a11_typemo,A11 game_type x 월블록,F|late,10235,0.04135821426262365,0.6911577918905716,0.6976031273104031,0.006445335419831499,0.5240834520449388,0.2135412434273521,-38.67016353642505,3544.5322743432694,0.689553892560271
hw_v12_honest,2022,all,a12_role,A12 투수 역할(전시즌),불펜(<30구/경기),74570,0.30132701881424967,0.5214831701756739,0.520160241432996,-0.0013229287426779202,0.5815313425608226,0.24295478939452947,2638.344266112913,29381.835894216594,0.21165394542297788
hw_v12_honest,2022,all,a12_role,A12 투수 역할(전시즌),스윙(30-70),40554,0.16387308463179673,0.5338067761503181,0.5381617362892046,0.004354960138886477,0.5867806250126565,0.24160757455860765,2913.1285676654015,15890.353667480818,1.2473587738938572
hw_v12_honest,2022,all,a12_role,A12 투수 역할(전시즌),선발(>=70),71969,0.29081673886338655,0.5135822367963985,0.5126404236211142,-0.0009418131752843006,0.5419155967209551,0.24826666242999756,620.0016700237732,28976.984934310116,0.10352954667652307
hw_v12_honest,2022,all,a12_role,A12 투수 역할(전시즌),전시즌없음,60379,0.24398315769056703,0.5531062124248497,0.5400390467030933,-0.013067165721756369,0.5880920354927118,0.240458624435634,2719.1168793505803,23545.91626252867,16.72006782418674
hw_v12_honest,2022,all,a13_tens,A13 이닝 x 점수차,초반|0-1점,60246,0.24344572315251828,0.5335457955714902,0.5333151285643432,-0.00023066700714702293,0.5716931310127485,0.2440249049475931,1948.6814245979645,23842.494472543356,0.005198625107138996
hw_v12_honest,2022,all,a13_tens,A13 이닝 x 점수차,초반|2-3점,16623,0.06717123553371694,0.532334716958431,0.5323988309685497,6.411401011863216e-05,0.564009440557194,0.2444173558779111,1822.4658801113126,6589.170832580189,0.0001108165457236513
hw_v12_honest,2022,all,a13_tens,A13 이닝 x 점수차,초반|4점+,6479,0.026180739639231912,0.5453002006482481,0.531091610552622,-0.014208590095626139,0.5698242004539106,0.2437800597197769,1680.9306466927244,2561.5066041806795,2.1212862247058406
hw_v12_honest,2022,all,a13_tens,A13 이닝 x 점수차,중반|0-1점,34313,0.1386540699553889,0.5306735056684055,0.5285511169255328,-0.0021223887428727384,0.5725863928372439,0.2437565008609342,2129.0667241419037,13564.51337377246,0.25066741253067115
hw_v12_honest,2022,all,a13_tens,A13 이닝 x 점수차,중반|2-3점,27832,0.1124652485937803,0.536540672607071,0.5250989228978596,-0.011441749709211302,0.5725005653206645,0.2436078306123681,2033.640891323707,10995.753133866097,5.909063038668158
hw_v12_honest,2022,all,a13_tens,A13 이닝 x 점수차,중반|4점+,20406,0.08245781340919377,0.527638929726551,0.5247687765600871,-0.0028701531664638846,0.5790773157864324,0.24265230648063305,2641.5849704857665,8030.297352011803,0.2726197720818599
hw_v12_honest,2022,all,a13_tens,A13 이닝 x 점수차,후반|0-1점,27707,0.11196014094523825,0.5245605803587541,0.5205773029769867,-0.003983277381767403,0.5659631732725421,0.24484667564873697,1824.4430750691488,11002.035386127229,0.7129513998502184
hw_v12_honest,2022,all,a13_tens,A13 이닝 x 점수차,후반|2-3점,24107,0.097413040667227,0.5210104948770067,0.5186795547649462,-0.0023309401120604756,0.5867959161918694,0.2425846530058861,2794.4968604351916,9484.09314798429,0.21241966508994514
hw_v12_honest,2022,all,a13_tens,A13 이닝 x 점수차,후반|4점+,29759,0.12025198810370466,0.5162807890050068,0.5143480038378568,-0.0019327851671500085,0.5795500915652122,0.24294814361930556,2717.5982668807496,11725.226455470081,0.18029132162891312
ye_hand,2022,all,a1_count,A1 볼카운트,0-0,64084,0.2589545483933536,0.5315991511141627,0.5305017362148233,-0.001097414899339344,0.5696010306442342,0.24462072959571143,1759.332439720429,25423.315660831548,0.12516434674817292
ye_hand,2022,all,a1_count,A1 볼카운트,0-1,31161,0.12591727548975237,0.5402265652578544,0.5311606112922171,-0.009065953965637252,0.5681850507634694,0.24432366494133778,1633.8387607797933,12347.136277506512,4.153629222439156
ye_hand,2022,all,a1_count,A1 볼카운트,0-2,15595,0.06301723023210706,0.5218339211285669,0.5250943003301631,0.003260379201596275,0.553253151277779,0.2466614250963642,1146.9289731483645,6238.439049263528,0.26885054926165675
ye_hand,2022,all,a1_count,A1 볼카운트,1-0,25393,0.10260958815542769,0.5280195329421494,0.5296545815614869,0.001635048619337498,0.5787090291862441,0.24392126958132565,2124.125030139634,10045.070875471069,0.11009425983580515
ye_hand,2022,all,a1_count,A1 볼카운트,1-1,25225,0.10193072347578716,0.5361744301288405,0.530803882070367,-0.005370548058473479,0.5716784555350175,0.24413696993541445,1831.3622727709533,9987.436840320752,1.1799339855335875
ye_hand,2022,all,a1_count,A1 볼카운트,1-2,23740,0.09593004461110752,0.5291491154170177,0.5243847560404139,-0.0047643593766037995,0.555633202276095,0.24609117341790254,1227.8352847924111,9474.713197067307,0.8739348567101631
ye_hand,2022,all,a1_count,A1 볼카운트,2-0,8700,0.03515549233852719,0.5264367816091954,0.5266429913890944,0.00020620977989904699,0.5893042247848391,0.2426809720222471,2655.4735004245877,3424.083124720376,0.0005999666233561455
ye_hand,2022,all,a1_count,A1 볼카운트,2-1,13114,0.052991853623844315,0.5273753240811346,0.5278988231826219,0.0005234991014873014,0.5871001270769447,0.2429878144203246,2512.6428668175495,5167.839236343735,0.0058284943717591756
ye_hand,2022,all,a1_count,A1 볼카운트,2-2,20240,0.08178703045192992,0.5267786561264822,0.5222347628033575,-0.00454389332312477,0.5693503857535709,0.2448917892067765,1761.4984045399297,8038.482178985447,0.6777290208654282
ye_hand,2022,all,a1_count,A1 볼카운트,3-0,2809,0.011350779078037112,0.5062299750800997,0.5159224054960981,0.009692430415998432,0.5706875274423849,0.24520652144255772,1902.1616984620903,1117.0511923186057,0.42796321722759273
ye_hand,2022,all,a1_count,A1 볼카운트,3-1,5605,0.02264902696062585,0.5095450490633363,0.5156792441941186,0.006134195130782283,0.5896801790923718,0.24206652020699027,3138.092353346078,2200.3900118568426,0.34204253119078454
ye_hand,2022,all,a1_count,A1 볼카운트,3-2,11806,0.04770640718950023,0.5016940538709131,0.5092212146158913,0.0075271607449781675,0.5727974700767046,0.245303568653922,1877.446162743235,4696.734016535293,1.0848120009926292
ye_hand,2022,all,a1b_phase,A1b 카운트 국면,초구 0-0,64084,0.2589545483933536,0.5315991511141627,0.5305017362148233,-0.001097414899339344,0.5696010306442342,0.24462072959571143,1759.332439720429,25423.315660831548,0.12516434674817292
ye_hand,2022,all,a1b_phase,A1b 카운트 국면,투수우위 0-1,31161,0.12591727548975237,0.5402265652578544,0.5311606112922171,-0.009065953965637252,0.5681850507634694,0.24432366494133778,1633.8387607797933,12347.136277506512,4.153629222439156
ye_hand,2022,all,a1b_phase,A1b 카운트 국면,평행 1-1,25225,0.10193072347578716,0.5361744301288405,0.530803882070367,-0.005370548058473479,0.5716784555350175,0.24413696993541445,1831.3622727709533,9987.436840320752,1.1799339855335875
ye_hand,2022,all,a1b_phase,A1b 카운트 국면,타자우위 1-0/2-0/2-1,47207,0.19075693411779918,0.5275488804626433,0.5286118156606618,0.0010629351980185886,0.5830258740125324,0.24343337753681216,2330.1464323043697,18636.993236535185,0.08649864411226305
ye_hand,2022,all,a1b_phase,A1b 카운트 국면,2스트라이크,59575,0.2407343052951445,0.5264288711707931,0.5238400557480197,-0.0025888154227733384,0.5596794273317625,0.24583297011941185,1391.3050839040152,23751.634425316282,0.6475235176862695
ye_hand,2022,all,a1b_phase,A1b 카운트 국면,3볼,8414,0.03399980603866296,0.5084383170905633,0.5157604231930798,0.00732210610251649,0.5831720339680413,0.24311480443217554,2726.372676597244,3317.4412041754485,0.7315834364939576
ye_hand,2022,all,a1b_phase,A1b 카운트 국면,풀카운트,11806,0.04770640718950023,0.5016940538709131,0.5092212146158913,0.0075271607449781675,0.5727974700767046,0.245303568653922,1877.446162743235,4696.734016535293,1.0848120009926292
ye_hand,2022,all,a2_li,A2 경기 중요도 li,li<0.10,23302,0.09416014741061615,0.5094841644494035,0.5168529270811665,0.007368762631763004,0.564379839459926,0.2458074181896871,1641.6436332809647,9289.182686883467,2.0519730503033964
ye_hand,2022,all,a2_li,A2 경기 중요도 li,0.10-0.35,28588,0.11552013965216267,0.5273891143136981,0.5234153310429324,-0.003973783270765696,0.5757418949832476,0.24395563123399916,2124.0556299713444,11310.55567117747,0.7321186134019835
ye_hand,2022,all,a2_li,A2 경기 중요도 li,0.35-0.70,54527,0.22033603801642207,0.5305261613512572,0.5284249207687622,-0.0021012405824949454,0.5688171133415488,0.24478779635803027,1718.5485400035393,21646.649624658952,0.39043836453937225
ye_hand,2022,all,a2_li,A2 경기 중요도 li,0.70-1.20,66871,0.2702164285252473,0.5329814119723049,0.528893453732973,-0.004087958239331835,0.5706436800116593,0.24443566133052014,1798.451284366609,26508.899896476687,1.8123415190495233
ye_hand,2022,all,a2_li,A2 경기 중요도 li,1.20-2.00,47904,0.1935734143660697,0.5329617568470274,0.530100241152248,-0.0028615156947794373,0.5725783246427562,0.24437877094256594,1821.818114133511,18985.610892312696,0.6361409660491284
ye_hand,2022,all,a2_li,A2 경기 중요도 li,li>=2.00,26280,0.10619383202948213,0.5267884322678843,0.5277410204977748,0.0009525882298905275,0.5730448361371563,0.24448060125876497,1926.24069132169,10419.792889711749,0.03867453529100756
ye_hand,2022,all,a3_load,A3 전시즌 경기당 대비 등판 투구수,<0.25,47915,0.1936178638391414,0.5197328602734008,0.5204605152130449,0.0007276549396441068,0.559335502472695,0.24620492692830917,1364.4000306996086,19131.875802986764,0.041144498872520016
ye_hand,2022,all,a3_load,A3 전시즌 경기당 대비 등판 투구수,0.25-0.50,44117,0.17827067304583952,0.5180089307976516,0.5192846220871654,0.0012756912895137695,0.5597137573618439,0.24639577654383862,1313.6649466836348,17629.035508903595,0.11643578446432389
ye_hand,2022,all,a3_load,A3 전시즌 경기당 대비 등판 투구수,0.50-0.75,37037,0.1496613758324174,0.5198045198045198,0.516754890083036,-0.0030496297214838153,0.5610525573806439,0.24616109339135506,1380.841410557654,14785.79003451385,0.5586236853289445
ye_hand,2022,all,a3_load,A3 전시즌 경기당 대비 등판 투구수,0.75-1.00,27793,0.11230765500743518,0.521318317561976,0.515550377344722,-0.0057679402172540195,0.5638830758955505,0.24607684336039753,1390.0012495332126,11091.633106947142,1.4995682931995946
ye_hand,2022,all,a3_load,A3 전시즌 경기당 대비 등판 투구수,1.00-1.25,13206,0.05336361285317127,0.5218082689686506,0.5202333639227011,-0.0015749050459494818,0.5658980071198011,0.24531072894700437,1688.6807332834653,5253.84380012564,0.05312138171731034
ye_hand,2022,all,a3_load,A3 전시즌 경기당 대비 등판 투구수,1.25-1.50,6201,0.02505738022887438,0.5289469440412836,0.5298128549765362,0.0008659109352525673,0.5839661909970691,0.24333577309799764,2338.358012946429,2447.1298357171027,0.00754045409982006
ye_hand,2022,all,a3_load,A3 전시즌 경기당 대비 등판 투구수,>=1.50,10824,0.04373828150255382,0.5385254988913526,0.53115148236059,-0.007374016530762639,0.5889450953784459,0.24188610111635994,2667.711748718393,4246.078498133553,0.9545206277333599
ye_hand,2022,all,a3_load,A3 전시즌 경기당 대비 등판 투구수,전시즌없음,60379,0.24398315769056703,0.5531062124248497,0.5503813815653115,-0.00272483085953823,0.5890481738751708,0.24075875262243987,2597.6958443163835,23575.305073893374,0.727033353617077
ye_hand,2022,all,a3b_gp,A3b 등판 내 투구수,1-10,73772,0.2981024115859572,0.5246028303421352,0.5258714093991552,0.0012685790570200473,0.5730369150909969,0.24458079540667774,1930.2356137523846,29261.947817856915,0.19253777696896218
ye_hand,2022,all,a3b_gp,A3b 등판 내 투구수,11-20,48944,0.19777591000193961,0.5324861065707748,0.5275897006886415,-0.004896405882133248,0.5772361837351393,0.24379410874062724,2068.9515037426554,19351.382052421104,1.9030210951366051
ye_hand,2022,all,a3b_gp,A3b 등판 내 투구수,21-35,37097,0.14990382750371758,0.5352993503517804,0.5338001787651715,-0.0014991715866089494,0.5747931594558034,0.24367148117475387,2043.1734129896295,14659.960972095449,0.13521684427367783
ye_hand,2022,all,a3b_gp,A3b 등판 내 투구수,36-60,41816,0.16897265145147733,0.5312081499904343,0.5291203800905667,-0.0020877698998675864,0.571306130329043,0.24454231387340372,1800.509414990392,16583.867727654015,0.2955949919163547
ye_hand,2022,all,a3b_gp,A3b 등판 내 투구수,61-80,27608,0.11156009568759294,0.527926687916546,0.524556297806025,-0.003370390110520982,0.5615502644757555,0.24568194245189548,1419.6919304133583,11000.12206218809,0.5086096674018543
ye_hand,2022,all,a3b_gp,A3b 등판 내 투구수,81+,18235,0.07368510376931532,0.5200987112695366,0.5168166120553135,-0.0032820992142230665,0.55245832361582,0.24696229620562068,1055.2032719082783,7303.411029005446,0.31856532252340053
ye_hand,2022,all,a4_prevp,A4 전시즌 투구수,없음,60379,0.24398315769056703,0.5531062124248497,0.5503813815653115,-0.00272483085953823,0.5890481738751708,0.24075875262243987,2597.6958443163835,23575.305073893374,0.727033353617077
ye_hand,2022,all,a4_prevp,A4 전시즌 투구수,1-200,16117,0.0651265597724187,0.5244772600359868,0.5312076044383244,0.006730344402337551,0.5742183940081803,0.24432148679701096,2036.6316571348907,6386.092272752644,1.183990188394289
ye_hand,2022,all,a4_prevp,A4 전시즌 투구수,201-600,29513,0.11925793625137389,0.5317317792159387,0.5336946291888945,0.0019628499729558158,0.5856913652450239,0.24258470406508117,2573.722031775116,11610.905545718535,0.18440678290280357
ye_hand,2022,all,a4_prevp,A4 전시즌 투구수,601-1200,56169,0.22697113208767053,0.5266606135056704,0.5231565227908122,-0.0035040907148582434,0.5681598740319593,0.24524149822973604,1623.70181620185,22339.83563926851,1.1185018183210984
ye_hand,2022,all,a4_prevp,A4 전시즌 투구수,1201-2000,33289,0.13451622809853236,0.5052720117756616,0.5100726651572552,0.004800653381593634,0.5582069407380811,0.246540945413952,1372.6567982401905,13310.032842386672,1.2442016418336228
ye_hand,2022,all,a4_prevp,A4 전시즌 투구수,2001-2600,25838,0.1044077713842374,0.4974456227262172,0.49739993231367813,-4.56904125390456e-05,0.5326131412035402,0.24913369532886379,343.9209072718108,10439.523701073564,8.747790496190185e-05
ye_hand,2022,all,a4_prevp,A4 전시즌 투구수,2601+,26167,0.1057372147152001,0.5386937746015974,0.5231945978209721,-0.01549917678062529,0.5428798486649788,0.247402759403274,442.66400220596137,10498.996586127721,10.19437297593589
ye_hand,2022,all,a5_asofn,A5 투수 누적 이력,0-99,7598,0.03070246330898041,0.5627796788628586,0.5671985133493309,0.0044188344864722895,0.6022754728096107,0.23850447013213238,3070.0972669248204,2938.902195073834,0.24060468503913215
ye_hand,2022,all,a5_asofn,A5 투수 누적 이력,100-499,24668,0.09967996379388375,0.5625912112858764,0.5534159832102412,-0.0091752280756352,0.6047878533990296,0.23793985273836527,3308.846755307737,9518.980761906412,3.367883017056995
ye_hand,2022,all,a5_asofn,A5 투수 누적 이력,500-1499,52007,0.21015306782181417,0.5395812102217009,0.539158236547544,-0.00042297367415689013,0.5829768835552348,0.24237529398755328,2438.494812086156,20442.75727724723,0.01508960247825354
ye_hand,2022,all,a5_asofn,A5 투수 누적 이력,1500-3999,84781,0.3425882524083533,0.5200811502577228,0.5190539158045434,-0.0010272344531794264,0.5662315385136834,0.24560200240236763,1600.4795909811853,33769.12121498338,0.1450865019271493
ye_hand,2022,all,a5_asofn,A5 투수 누적 이력,4000-7999,61682,0.24924839981896943,0.5162770338186181,0.5154095803768959,-0.0008674534417222324,0.5523215352744048,0.2473278535101778,963.9033772544936,24741.202066456255,0.0752731545479934
ye_hand,2022,all,a5_asofn,A5 투수 누적 이력,8000+,16736,0.06762785284799896,0.5221677820267686,0.5169977415067032,-0.005170040520065422,0.5348608171135465,0.2486825393056686,331.0708205272683,6749.728145553911,0.725485742298478
ye_hand,2022,all,a6_psucc,A6 투수 수준 5분위,Q1 최저,35954,0.14528512316544903,0.46845969850364355,0.47031152578007956,0.0018518272764360133,0.554153409809983,0.24629460564600295,1088.5731034497637,14361.223298698622,0.19995740338729853
ye_hand,2022,all,a6_psucc,A6 투수 수준 5분위,Q2,42717,0.17261346738216848,0.4863871526558513,0.49261906084080037,0.006231908184949064,0.5338804393259867,0.24829944732824663,606.5468194003332,17201.480146185004,2.69049480662341
ye_hand,2022,all,a6_psucc,A6 투수 수준 5분위,Q3,47290,0.1910923255964311,0.5141679001903151,0.512667501156916,-0.001500399033399158,0.5344665779239072,0.24820983042172504,636.2869589762176,19036.084010069997,0.17265222767705976
ye_hand,2022,all,a6_psucc,A6 투수 수준 5분위,Q4,56287,0.22744795370789422,0.534297439906195,0.5296584336932131,-0.0046390062129819665,0.5329842037601519,0.24724267173877945,635.3952491251813,22569.44351535193,1.964478731850265
ye_hand,2022,all,a6_psucc,A6 투수 수준 5분위,Q5 최고,65136,0.26320553436348354,0.5962294276590518,0.5893999366189029,-0.006829491040148961,0.5772573553917086,0.23625468913229758,1863.0929776509154,24956.911730199994,4.927051311143816
ye_hand,2022,all,a7_inning,A7 이닝,1-3회,83348,0.33679769832546713,0.534217977635936,0.5317662037569498,-0.0024517738789862076,0.5678644551243112,0.2447547537529085,1637.419322043021,33083.81926142076,0.8125410884162801
ye_hand,2022,all,a7_inning,A7 이닝,4-6회,82551,0.33357713195836297,0.5319014911993798,0.5286659163777471,-0.003235574821632725,0.5708292570010741,0.24440682519533238,1837.6686850403944,32720.881051486445,1.4015692280137808
ye_hand,2022,all,a7_inning,A7 이닝,7-8회,56423,0.22799751082950798,0.525370859401308,0.5215176183273954,-0.0038532410739126055,0.5788976617365268,0.2437782030955807,2237.0062282739077,22306.9588526173,1.3586195409619308
ye_hand,2022,all,a7_inning,A7 이닝,9회+,25150,0.10162765888666192,0.5095427435387674,0.519363100133406,0.009820356594638646,0.5622705075707889,0.24637517191948144,1414.020715779818,10049.032495696523,3.9335242003183266
ye_hand,2022,all,a8_hand,A8 손 매치업,1v1,30719,0.12413121484450766,0.4951984114066213,0.5069481917679614,0.011749780361340056,0.5741906702716311,0.24518763354295794,1915.9011679535597,12215.041782142662,6.877900545904922
ye_hand,2022,all,a8_hand,A8 손 매치업,1v2,31497,0.12727500484903342,0.5358605581483951,0.5342653511048848,-0.0015952070435102383,0.5649406587471072,0.24456805114049554,1666.9624103354486,12492.755323053087,0.1299848174080704
ye_hand,2022,all,a8_hand,A8 손 매치업,2v1,94115,0.38030565074028577,0.535398183073899,0.5278121827139023,-0.007586000359996681,0.5693138791717612,0.2443684103497961,1760.2458873355654,37298.660139192434,8.783627007874987
ye_hand,2022,all,a8_hand,A8 손 매치업,2v2,91141,0.36828812956617313,0.5311989115765682,0.5307751650528957,-0.0004237465236724969,0.5700227017698085,0.24459977845190234,1777.6610885244736,36154.23441683283,0.026540885412214936
ye_hand,2022,all,a9_batn,A9 타자 누적 이력,0-99,7586,0.030653972974720372,0.626021618771421,0.6176745641546781,-0.0083470546167429,0.6109881730847665,0.22566432140576922,3611.089398342593,2776.2914764106836,0.8571733688141912
ye_hand,2022,all,a9_batn,A9 타자 누적 이력,100-499,22595,0.09130325855046227,0.58220845319761,0.5749787270742488,-0.0072297261233612575,0.6039491493213253,0.23543642084940347,3208.885285739238,8627.308210129757,1.9153377035155486
ye_hand,2022,all,a9_batn,A9 타자 누적 이력,500-1499,44050,0.177999935346221,0.5511691259931896,0.5473280056281922,-0.003841120364997397,0.5887695581936547,0.24104042525271743,2563.364535747803,17219.681663966174,1.054025375104308
ye_hand,2022,all,a9_batn,A9 타자 누적 이력,1500-3999,56362,0.22775101829701946,0.5261701146162308,0.5222565837771872,-0.003913530839043555,0.5623649464305458,0.24586437672776917,1384.0910661984894,22473.53159807144,1.399952296812625
ye_hand,2022,all,a9_batn,A9 타자 누적 이력,4000+,116879,0.4722918148315769,0.5052575740723312,0.5067511901726034,0.0014936161002722104,0.5462616710615832,0.24829153196677792,672.4047259131116,47063.87871264295,0.4228669865373092
ye_hand,2022,all,a10_base,A10 주자 상황,___,131972,0.533280532747139,0.5251947382778165,0.5257592530381848,0.0005645147603683398,0.5690865060435241,0.24496092565081126,1766.2043732922905,52428.560498866966,0.0682058653075974
ye_hand,2022,all,a10_base,A10 주자 상황,1__,49178,0.19872147152001035,0.5336125909959738,0.5271312557455822,-0.006481335250391629,0.5733311357208151,0.24424442722426024,1858.706514031172,19479.815848156893,3.3503421085832574
ye_hand,2022,all,a10_base,A10 주자 상황,_2_,18519,0.07483270834680288,0.5323181597278471,0.529153886780458,-0.0031642729473890796,0.5666306372097922,0.2448782806618455,1637.7446135291796,7354.567189114645,0.30071474895222755
ye_hand,2022,all,a10_base,A10 주자 상황,__3,6094,0.024625008081722376,0.5336396455530029,0.5276357909509222,-0.006003854602080749,0.5754848637508191,0.24431642541404883,1829.0587732535669,2414.595775003623,0.3562477279182893
ye_hand,2022,all,a10_base,A10 주자 상황,12_,20472,0.08272451024762398,0.5308714341539664,0.5301380344603432,-0.0007333996936231824,0.5752486111019562,0.24388589818407053,2072.3226182244757,8097.226416758895,0.017857926952519313
ye_hand,2022,all,a10_base,A10 주자 상황,1_3,8071,0.032613790651063554,0.5389666707966795,0.5303502843181013,-0.008616386478578208,0.5758878931939566,0.24343821681953304,2029.6801761478523,3186.437660483266,0.9717778799980467
ye_hand,2022,all,a10_base,A10 주자 상황,_23,5375,0.021719628887308464,0.5382325581395349,0.527140872797212,-0.011091685342322855,0.5699338730041922,0.24445944356595417,1641.126699548956,2130.9566176270464,1.072414977607879
ye_hand,2022,all,a10_base,A10 주자 상황,123,7791,0.031482349518329344,0.5286869464767039,0.5340419210670135,0.005354974590309647,0.5884985343440066,0.24285557781016437,2536.9435350365397,3068.53165520968,0.3623242100926486
ye_hand,2022,all,a11_typemo,A11 game_type x 월블록,R|early,75061,0.3033110816577229,0.5135822864070556,0.5148606289820107,0.0012783425749550714,0.5393715821690963,0.24888244994222244,373.5042355041851,30296.882325553106,0.19892903386076072
ye_hand,2022,all,a11_typemo,A11 game_type x 월블록,R|mid,64405,0.2602516648348096,0.5053179101001475,0.5126737036445312,0.00735579354438376,0.5388987506506274,0.2488438702496232,451.1908720317703,25991.769845600298,5.651555126644415
ye_hand,2022,all,a11_typemo,A11 game_type x 월블록,R|late,77558,0.31340111204499904,0.4927667036282524,0.5046541429185247,0.011887439290272306,0.5384471471067048,0.24904913182697597,359.49427443962014,31325.712254588536,17.774301643012112
ye_hand,2022,all,a11_typemo,A11 game_type x 월블록,F|early,11199,0.045253604448179996,0.7355120992945798,0.6357508202238856,-0.09976127907069421,0.5180834948971624,0.2076974071823843,-6766.6077085468905,3772.2428194927543,180.75594208572753
ye_hand,2022,all,a11_typemo,A11 game_type x 월블록,F|mid,9014,0.03642432275166484,0.6954737075660085,0.6562423578447041,-0.039231349721304376,0.5120537028271941,0.21582605756259127,-1905.6741806283028,3155.0827360682674,22.49952628907716
ye_hand,2022,all,a11_typemo,A11 game_type x 월블록,F|late,10235,0.04135821426262365,0.6911577918905716,0.645951005359679,-0.045206786530892606,0.5093493271339445,0.2180276716026126,-2140.448261452077,3619.0016799180476,33.922233680916364
ye_hand,2022,all,a12_role,A12 투수 역할(전시즌),불펜(<30구/경기),74570,0.30132701881424967,0.5214831701756739,0.5197774025548024,-0.00170576762087149,0.5753823523217638,0.2444593619592565,2035.4021449114023,29563.79198694446,0.3518788764492492
ye_hand,2022,all,a12_role,A12 투수 역할(전시즌),스윙(30-70),40554,0.16387308463179673,0.5338067761503181,0.5362909857923055,0.002484209641987367,0.5752755294721018,0.24370113197577783,2071.8596622167906,16028.045409317918,0.4058817309925388
ye_hand,2022,all,a12_role,A12 투수 역할(전시즌),선발(>=70),71969,0.29081673886338655,0.5135822367963985,0.5100959743363216,-0.0034862624600768832,0.5428121619409064,0.24840858032620236,563.1925916328995,28993.549191065264,1.4185836435835781
ye_hand,2022,all,a12_role,A12 투수 역할(전시즌),전시즌없음,60379,0.24398315769056703,0.5531062124248497,0.5503813815653115,-0.00272483085953823,0.5890481738751708,0.24075875262243987,2597.6958443163835,23575.305073893374,0.727033353617077
ye_hand,2022,all,a13_tens,A13 이닝 x 점수차,초반|0-1점,60246,0.24344572315251828,0.5335457955714902,0.5319471530644292,-0.0015986425070609878,0.5684972427781126,0.2447955208943739,1639.0412683470413,23917.787633524284,0.24970098253772122
ye_hand,2022,all,a13_tens,A13 이닝 x 점수차,초반|2-3점,16623,0.06717123553371694,0.532334716958431,0.530917124012919,-0.001417592945512025,0.5650616394672844,0.24498688621009349,1593.697004761574,6604.524622165248,0.054175360810884685
ye_hand,2022,all,a13_tens,A13 이닝 x 점수차,초반|4점+,6479,0.026180739639231912,0.5453002006482481,0.5322620797573542,-0.013038120890893956,0.5685807118951582,0.24378009793557434,1680.9152338585375,2561.507005731231,1.7861885781501063
ye_hand,2022,all,a13_tens,A13 이닝 x 점수차,중반|0-1점,34313,0.1386540699553889,0.5306735056684055,0.5302838125252826,-0.0003896931431229822,0.5725161409648859,0.24436007259426704,1886.7259921754865,13598.10081377881,0.008450716637463586
ye_hand,2022,all,a13_tens,A13 이닝 x 점수차,중반|2-3점,27832,0.1124652485937803,0.536540672607071,0.5273694881329885,-0.009171184474082494,0.5703052724320218,0.24428397646957534,1761.7303058121593,11026.272402929199,3.79651040915207
ye_hand,2022,all,a13_tens,A13 이닝 x 점수차,중반|4점+,20406,0.08245781340919377,0.527638929726551,0.5277136141331975,7.468440664648579e-05,0.5686737687276735,0.24465299532841212,1838.8565809967395,8096.5078347784365,0.00018458953386826714
ye_hand,2022,all,a13_tens,A13 이닝 x 점수차,후반|0-1점,27707,0.11196014094523825,0.5245605803587541,0.5213053162866776,-0.003255264072076436,0.5626925484259908,0.24562834374259299,1511.0195816055993,11037.159163103266,0.47615820850196333
ye_hand,2022,all,a13_tens,A13 이닝 x 점수차,후반|2-3점,24107,0.097413040667227,0.5210104948770067,0.5217028136607075,0.000692318783700796,0.5862868640157451,0.24334025532599501,2491.721302338257,9513.63418736147,0.018738926963186235
ye_hand,2022,all,a13_tens,A13 이닝 x 점수차,후반|4점+,29759,0.12025198810370466,0.5162807890050068,0.5197444275670602,0.0034636385620533394,0.573453062915352,0.24460516387704967,2054.0866713923856,11805.197997849084,0.5789922980345008
sj_cb_ft_fonly,2022,all,a1_count,A1 볼카운트,0-0,64084,0.2589545483933536,0.5315991511141627,0.5301356456054812,-0.001463505508681462,0.5821849580587027,0.2429005253460497,2450.1733758344635,25244.535654278003,0.22260127912436356
sj_cb_ft_fonly,2022,all,a1_count,A1 볼카운트,0-1,31161,0.12591727548975237,0.5402265652578544,0.534297804417276,-0.005928760840578362,0.5777883910271798,0.2430401072860182,2150.6067100217074,12282.270431236268,1.7763501243940991
sj_cb_ft_fonly,2022,all,a1_count,A1 볼카운트,0-2,15595,0.06301723023210706,0.5218339211285669,0.5256824459074072,0.0038485247788403454,0.5643905866395531,0.24526870058292669,1705.0831117368825,6203.214948105024,0.3745961195718481
sj_cb_ft_fonly,2022,all,a1_count,A1 볼카운트,1-0,25393,0.10260958815542769,0.5280195329421494,0.5298601838090795,0.0018406508669300825,0.587591253685245,0.24245539733410912,2712.3210863368554,9984.703894588465,0.13952311795577066
sj_cb_ft_fonly,2022,all,a1_count,A1 볼카운트,1-1,25225,0.10193072347578716,0.5361744301288405,0.5305855939935081,-0.005588836135332342,0.5824293094459453,0.24259160491246923,2452.760904588058,9924.217264989784,1.2778010726659856
sj_cb_ft_fonly,2022,all,a1_count,A1 볼카운트,1-2,23740,0.09593004461110752,0.5291491154170177,0.5241211060072698,-0.005028009409747902,0.5652969252468394,0.24517143927756282,1596.9835591580495,9439.302673901278,0.973334683281693
sj_cb_ft_fonly,2022,all,a1_count,A1 볼카운트,2-0,8700,0.03515549233852719,0.5264367816091954,0.524898097601268,-0.0015386840079273378,0.6023284542332641,0.2403441966363502,3592.804068950328,3391.1126239908094,0.03340469059826611
sj_cb_ft_fonly,2022,all,a1_count,A1 볼카운트,2-1,13114,0.052991853623844315,0.5273753240811346,0.5277433324279303,0.000368008346795623,0.5984775401904866,0.24101596542815365,3303.7539246747683,5125.902159728615,0.00288031401927363
sj_cb_ft_fonly,2022,all,a1_count,A1 볼카운트,2-2,20240,0.08178703045192992,0.5267786561264822,0.5236485438885784,-0.003130112237903826,0.582528549861362,0.24291454475681315,2554.671310342549,7973.579863044148,0.321602673277975
sj_cb_ft_fonly,2022,all,a1_count,A1 볼카운트,3-0,2809,0.011350779078037112,0.5062299750800997,0.5124392802339561,0.006209305153856426,0.5735324091397211,0.2442220308709647,2296.019073597788,1112.5662937916225,0.17564147165429514
sj_cb_ft_fonly,2022,all,a1_count,A1 볼카운트,3-1,5605,0.02264902696062585,0.5095450490633363,0.5118351154297194,0.00229006636638307,0.6025859416156423,0.2396005935020115,4124.822631274749,2177.974683677767,0.04767174777918707
sj_cb_ft_fonly,2022,all,a1_count,A1 볼카운트,3-2,11806,0.04770640718950023,0.5016940538709131,0.5078112439700421,0.006117190099128922,0.5835084731933919,0.2433381655046405,2663.6164471199986,4659.10319086859,0.7164667719547341
sj_cb_ft_fonly,2022,all,a1b_phase,A1b 카운트 국면,초구 0-0,64084,0.2589545483933536,0.5315991511141627,0.5301356456054812,-0.001463505508681462,0.5821849580587027,0.2429005253460497,2450.1733758344635,25244.535654278003,0.22260127912436356
sj_cb_ft_fonly,2022,all,a1b_phase,A1b 카운트 국면,투수우위 0-1,31161,0.12591727548975237,0.5402265652578544,0.534297804417276,-0.005928760840578362,0.5777883910271798,0.2430401072860182,2150.6067100217074,12282.270431236268,1.7763501243940991
sj_cb_ft_fonly,2022,all,a1b_phase,A1b 카운트 국면,평행 1-1,25225,0.10193072347578716,0.5361744301288405,0.5305855939935081,-0.005588836135332342,0.5824293094459453,0.24259160491246923,2452.760904588058,9924.217264989784,1.2778010726659856
sj_cb_ft_fonly,2022,all,a1b_phase,A1b 카운트 국면,타자우위 1-0/2-0/2-1,47207,0.19075693411779918,0.5275488804626433,0.5283576409866093,0.0008087605239660567,0.5934166709648078,0.2416664432365134,3039.0722834761964,18501.71867830789,0.0500766897514212
sj_cb_ft_fonly,2022,all,a1b_phase,A1b 카운트 국면,2스트라이크,59575,0.2407343052951445,0.5264288711707931,0.5243692711513794,-0.002059600019413632,0.5709678277488317,0.24443014250806513,1954.0082879533793,23616.097485050446,0.4098445330764471
sj_cb_ft_fonly,2022,all,a1b_phase,A1b 카운트 국면,3볼,8414,0.03399980603866296,0.5084383170905633,0.5120368148515283,0.0035984977609649915,0.5927954570322002,0.2411434527329824,3515.1380130338694,3290.5409774693903,0.17669908563299289
sj_cb_ft_fonly,2022,all,a1b_phase,A1b 카운트 국면,풀카운트,11806,0.04770640718950023,0.5016940538709131,0.5078112439700421,0.006117190099128922,0.5835084731933919,0.2433381655046405,2663.6164471199986,4659.10319086859,0.7164667719547341
sj_cb_ft_fonly,2022,all,a2_li,A2 경기 중요도 li,li<0.10,23302,0.09416014741061615,0.5094841644494035,0.5146542776611771,0.00517011321177363,0.5804425316528831,0.2432517295262728,2664.2870431902056,9192.601960963582,1.010142456541368
sj_cb_ft_fonly,2022,all,a2_li,A2 경기 중요도 li,0.10-0.35,28588,0.11552013965216267,0.5273891143136981,0.5228311058373787,-0.004558008476319375,0.5904923644444149,0.24180951972857065,2985.0838802916614,11211.055145053435,0.9632152530821281
sj_cb_ft_fonly,2022,all,a2_li,A2 경기 중요도 li,0.35-0.70,54527,0.22033603801642207,0.5305261613512572,0.5283449943622828,-0.0021811669889744145,0.5779308472807895,0.24339691476629302,2276.9826763401115,21523.653597350105,0.42070604988690213
sj_cb_ft_fonly,2022,all,a2_li,A2 경기 중요도 li,0.70-1.20,66871,0.2702164285252473,0.5329814119723049,0.5298115007096063,-0.0031699112626986103,0.5815969499736867,0.24292124467021745,2406.8652147766657,26344.66232397602,1.0897361259297795
sj_cb_ft_fonly,2022,all,a2_li,A2 경기 중요도 li,1.20-2.00,47904,0.1935734143660697,0.5329617568470274,0.5311449783573815,-0.0018167784896458983,0.5826645754013563,0.24301098763352413,2371.3195212222595,18879.34879110682,0.2564277714794346
sj_cb_ft_fonly,2022,all,a2_li,A2 경기 중요도 li,li>=2.00,26280,0.10619383202948213,0.5267884322678843,0.5277866420003045,0.0009982097324201522,0.5815974902160721,0.2432457144420992,2421.6173870905022,10367.161863750414,0.04246765509204915
sj_cb_ft_fonly,2022,all,a3_load,A3 전시즌 경기당 대비 등판 투구수,<0.25,47915,0.1936178638391414,0.5197328602734008,0.5172794909737821,-0.0024533692996187018,0.5714463758527882,0.2447056914397715,1965.0297327617473,19015.3745309611,0.46772078097572406
sj_cb_ft_fonly,2022,all,a3_load,A3 전시즌 경기당 대비 등판 투구수,0.25-0.50,44117,0.17827067304583952,0.5180089307976516,0.5166168942534638,-0.0013920365441878468,0.5728849388740554,0.2447297211351048,1980.9527735691001,17509.833181768154,0.13864255923464436
sj_cb_ft_fonly,2022,all,a3_load,A3 전시즌 경기당 대비 등판 투구수,0.50-0.75,37037,0.1496613758324174,0.5198045198045198,0.5156305891223729,-0.004173930682146887,0.5702397995401943,0.24470097427708087,1965.8067944298807,14698.08724463911,1.04644302377712
sj_cb_ft_fonly,2022,all,a3_load,A3 전시즌 경기당 대비 등판 투구수,0.75-1.00,27793,0.11230765500743518,0.521318317561976,0.5153659603273321,-0.005952357234643935,0.574466464430042,0.24471762123139038,1934.6802636682426,11030.367719436823,1.5969919386036817
sj_cb_ft_fonly,2022,all,a3_load,A3 전시즌 경기당 대비 등판 투구수,1.00-1.25,13206,0.05336361285317127,0.5218082689686506,0.5206009157189385,-0.0012073532497121064,0.5825714125841215,0.24323618825868132,2520.0786620123818,5209.413159932119,0.03121974306975176
sj_cb_ft_fonly,2022,all,a3_load,A3 전시즌 경기당 대비 등판 투구수,1.25-1.50,6201,0.02505738022887438,0.5289469440412836,0.5304675977685569,0.00152065372727328,0.5984624585633053,0.24047943206086791,3484.736748015327,2418.4047646601302,0.023254752077619453
sj_cb_ft_fonly,2022,all,a3_load,A3 전시즌 경기당 대비 등판 투구수,>=1.50,10824,0.04373828150255382,0.5385254988913526,0.5352805649049426,-0.0032449339864100146,0.6073285500288417,0.23901296071162292,3823.8316281559605,4195.643274123704,0.18483696834875554
sj_cb_ft_fonly,2022,all,a3_load,A3 전시즌 경기당 대비 등판 투구수,전시즌없음,60379,0.24398315769056703,0.5531062124248497,0.5554098494263581,0.002303637001508374,0.5968987803355885,0.23939085959399,3151.0960067539063,23441.359806679226,0.5196409021879462
sj_cb_ft_fonly,2022,all,a3b_gp,A3b 등판 내 투구수,1-10,73772,0.2981024115859572,0.5246028303421352,0.5241159378926077,-0.00048689244952748734,0.5847165822456314,0.24283772028335138,2629.1578916356916,29053.404161693845,0.028362659947133488
sj_cb_ft_fonly,2022,all,a3b_gp,A3b 등판 내 투구수,11-20,48944,0.19777591000193961,0.5324861065707748,0.5278626136384781,-0.004623492932296691,0.5901560481818782,0.24168999991568285,2914.1629997934238,19184.366475376588,1.6967942222106007
sj_cb_ft_fonly,2022,all,a3b_gp,A3b 등판 내 투구수,21-35,37097,0.14990382750371758,0.5352993503517804,0.5339261856142065,-0.0013731647375739842,0.5850182198242361,0.24213555371327883,2660.621869692847,14567.555260386225,0.11344187489392164
sj_cb_ft_fonly,2022,all,a3b_gp,A3b 등판 내 투구수,36-60,41816,0.16897265145147733,0.5312081499904343,0.5312642035717106,5.605358127624971e-05,0.5802786055003828,0.2431576802586215,2356.528998942176,16489.9674927413,0.00021307796379886165
sj_cb_ft_fonly,2022,all,a3b_gp,A3b 등판 내 투구수,61-80,27608,0.11156009568759294,0.527926687916546,0.5257740419333798,-0.0021526459831661127,0.5734698895362464,0.2443660217262189,1947.7074175823118,10941.203248448086,0.20747677721305516
sj_cb_ft_fonly,2022,all,a3b_gp,A3b 등판 내 투구수,81+,18235,0.07368510376931532,0.5200987112695366,0.5183823346403763,-0.0017163766291602434,0.5613708496579122,0.24623785161118786,1345.4501000202179,7281.987043554328,0.08712048275779749
sj_cb_ft_fonly,2022,all,a4_prevp,A4 전시즌 투구수,없음,60379,0.24398315769056703,0.5531062124248497,0.5554098494263581,0.002303637001508374,0.5968987803355885,0.23939085959399,3151.0960067539063,23441.359806679226,0.5196409021879462
sj_cb_ft_fonly,2022,all,a4_prevp,A4 전시즌 투구수,1-200,16117,0.0651265597724187,0.5244772600359868,0.5314189599481283,0.006941699912141441,0.5927854300347223,0.24108137107893465,3335.7914392916355,6301.401899338116,1.259520375066699
sj_cb_ft_fonly,2022,all,a4_prevp,A4 전시즌 투구수,201-600,29513,0.11925793625137389,0.5317317792159387,0.5324917955025286,0.0007600162865898374,0.6032762724870279,0.23949436156591797,3814.8578589529025,11462.991541824547,0.027647029548957355
sj_cb_ft_fonly,2022,all,a4_prevp,A4 전시즌 투구수,601-1200,56169,0.22697113208767053,0.5266606135056704,0.5222821338817761,-0.00437847962389426,0.5783232544641761,0.24367368652075794,2252.614595204672,22197.018635846518,1.7463555906595791
sj_cb_ft_fonly,2022,all,a4_prevp,A4 전시즌 투구수,1201-2000,33289,0.13451622809853236,0.5052720117756616,0.5036718208988811,-0.0016001908767805384,0.5702863499751524,0.24484929663038726,2049.391548621482,13218.70561546611,0.1382399761147958
sj_cb_ft_fonly,2022,all,a4_prevp,A4 전시즌 투구수,2001-2600,25838,0.1044077713842374,0.4974456227262172,0.4949487699880927,-0.0024968527381245,0.541485257259145,0.24860303264810285,556.191519706084,10417.287184147317,0.2612366299036874
sj_cb_ft_fonly,2022,all,a4_prevp,A4 전시즌 투구수,2601+,26167,0.1057372147152001,0.5386937746015974,0.5268001765108394,-0.011893598090757962,0.5477491304052235,0.2469484942517416,625.4648263854579,10479.718998898545,6.003019756955143
sj_cb_ft_fonly,2022,all,a5_asofn,A5 투수 누적 이력,0-99,7598,0.03070246330898041,0.5627796788628586,0.5747826952009039,0.012003016338045236,0.6162108324524149,0.23619998453077198,4006.656506531048,2910.5058392797387,1.7752903999455942
sj_cb_ft_fonly,2022,all,a5_asofn,A5 투수 누적 이력,100-499,24668,0.09967996379388375,0.5625912112858764,0.5593621908327179,-0.0032290204531585376,0.6193629551629646,0.23505682471952197,4480.417220576715,9403.642839605593,0.41712368686762286
sj_cb_ft_fonly,2022,all,a5_asofn,A5 투수 누적 이력,500-1499,52007,0.21015306782181417,0.5395812102217009,0.5396972585880733,0.0001160483663723566,0.5939752978738917,0.24039865378749015,3234.136933692011,20276.040714805786,0.0011358714552196446
sj_cb_ft_fonly,2022,all,a5_asofn,A5 투수 누적 이력,1500-3999,84781,0.3425882524083533,0.5200811502577228,0.5183166240571414,-0.0017645262005814288,0.5779980698751707,0.24389580983327874,2284.059239687508,33534.52775435159,0.428098866990075
sj_cb_ft_fonly,2022,all,a5_asofn,A5 투수 누적 이력,4000-7999,61682,0.24924839981896943,0.5162770338186181,0.5124780265682425,-0.00379900725037563,0.5611462563594536,0.24643130180476264,1322.9045170963127,24651.516385721596,1.4437367539917239
sj_cb_ft_fonly,2022,all,a5_asofn,A5 투수 누적 이력,8000+,16736,0.06762785284799896,0.5221677820267686,0.5200652420127436,-0.0021025400140249895,0.5392195362538902,0.24840702490389077,441.4936329828145,6742.250148436069,0.11998571049531181
sj_cb_ft_fonly,2022,all,a6_psucc,A6 투수 수준 5분위,Q1 최저,35954,0.14528512316544903,0.46845969850364355,0.46745067729345435,-0.0010090212101891982,0.5595433488305211,0.2452648829807078,1502.1076908797947,14301.181069624026,0.05936590952398595
sj_cb_ft_fonly,2022,all,a6_psucc,A6 투수 수준 5분위,Q2,42717,0.17261346738216848,0.4863871526558513,0.4872539686404006,0.0008668159845492962,0.5462105825857768,0.2467057914557257,1244.4820305166027,17091.07619585007,0.05205277512634696
sj_cb_ft_fonly,2022,all,a6_psucc,A6 투수 수준 5분위,Q3,47290,0.1910923255964311,0.5141679001903151,0.5095783425201262,-0.004589557670188871,0.5517310176977587,0.24649220060190277,1323.8909762608887,18904.352944089314,1.615475208567862
sj_cb_ft_fonly,2022,all,a6_psucc,A6 투수 수준 5분위,Q4,56287,0.22744795370789422,0.534297439906195,0.5290520078129767,-0.005245432093218372,0.5485370613218076,0.24601514952825299,1128.7253786456674,22457.38966558773,2.511654864249708
sj_cb_ft_fonly,2022,all,a6_psucc,A6 투수 수준 5분위,Q5 최고,65136,0.26320553436348354,0.5962294276590518,0.5978303091764339,0.0016008815173820246,0.5936577058759718,0.23409800785843796,2758.948337927325,24729.08935605126,0.27072526476547165
sj_cb_ft_fonly,2022,all,a7_inning,A7 이닝,1-3회,83348,0.33679769832546713,0.534217977635936,0.533538948367755,-0.0006790292681810861,0.5778570631273459,0.24345137643609827,2161.2234750279067,32907.64004970944,0.06232488589622486
sj_cb_ft_fonly,2022,all,a7_inning,A7 이닝,4-6회,82551,0.33357713195836297,0.5319014911993798,0.5296570144772506,-0.0022444767221292405,0.5832218194267614,0.2426585660483363,2539.830719487202,32486.826296467578,0.6744377496912531
sj_cb_ft_fonly,2022,all,a7_inning,A7 이닝,7-8회,56423,0.22799751082950798,0.525370859401308,0.5192289915675713,-0.006141867833736714,0.588632518858912,0.24226468779226207,2843.9751257915314,22168.464421346518,3.451806387020476
sj_cb_ft_fonly,2022,all,a7_inning,A7 이닝,9회+,25150,0.10162765888666192,0.5095427435387674,0.5169736038329928,0.007430860294225461,0.5771456768161424,0.24408330473181455,2331.1016429089173,9955.55291467684,2.252192474135892
sj_cb_ft_fonly,2022,all,a8_hand,A8 손 매치업,1v1,30719,0.12413121484450766,0.4951984114066213,0.49775927895410754,0.0025608675474862452,0.5824321727859715,0.24356775219459767,2563.9134676477825,12134.340655146927,0.32671616899612127
sj_cb_ft_fonly,2022,all,a8_hand,A8 손 매치업,1v2,31497,0.12727500484903342,0.5358605581483951,0.5327135811104483,-0.003146977037946752,0.5794597700419911,0.24275310449620538,2396.6947517592876,12400.046221247765,0.5058778445888834
sj_cb_ft_fonly,2022,all,a8_hand,A8 손 매치업,2v1,94115,0.38030565074028577,0.535398183073899,0.5330562670991901,-0.002341915974708897,0.580303929568741,0.24276594567190432,2404.4606436740555,37054.071301706485,0.8371259128054457
sj_cb_ft_fonly,2022,all,a8_hand,A8 손 매치업,2v2,91141,0.36828812956617313,0.5311989115765682,0.5294359998882687,-0.001762911688299451,0.5811231142470377,0.24308290356114115,2386.78265253256,35930.0255040992,0.45937168735649947
sj_cb_ft_fonly,2022,all,a9_batn,A9 타자 누적 이력,0-99,7586,0.030653972974720372,0.626021618771421,0.6214496828166428,-0.004571935954778228,0.6320241955099094,0.22186773570268575,5232.740342746989,2729.583035921412,0.2571594186476359
sj_cb_ft_fonly,2022,all,a9_batn,A9 타자 누적 이력,100-499,22595,0.09130325855046227,0.58220845319761,0.5753900668076337,-0.006818386389976339,0.6162722654916285,0.23270065744195606,4333.594830872434,8527.059174653888,1.7035892214761832
sj_cb_ft_fonly,2022,all,a9_batn,A9 타자 누적 이력,500-1499,44050,0.177999935346221,0.5511691259931896,0.5479344975332344,-0.0032346284599551467,0.6018190792086171,0.23895129290755998,3407.8619952020217,17070.436184085404,0.7474532599895997
sj_cb_ft_fonly,2022,all,a9_batn,A9 타자 누적 이력,1500-3999,56362,0.22775101829701946,0.5261701146162308,0.5242569239493068,-0.0019131906669239696,0.576648978685088,0.24398187703576896,2139.1594525379865,22301.45943017715,0.3345740270400203
sj_cb_ft_fonly,2022,all,a9_batn,A9 타자 누적 이력,4000+,116879,0.4722918148315769,0.5052575740723312,0.5055786307287764,0.00032105665644521775,0.5553272310389236,0.24737392686753365,1039.4873533277616,46889.94585736252,0.019538407589420975
sj_cb_ft_fonly,2022,all,a10_base,A10 주자 상황,___,131972,0.533280532747139,0.5251947382778165,0.5257200252790479,0.0005252870012314448,0.5807563882741947,0.2432807201678242,2439.997393906146,52068.94904417771,0.05905605427513949
sj_cb_ft_fonly,2022,all,a10_base,A10 주자 상황,1__,49178,0.19872147152001035,0.5336125909959738,0.5275088314458934,-0.0061037595500803565,0.5853164898634579,0.2425988306207554,2519.933388517004,19348.57060681841,2.971358251555912
sj_cb_ft_fonly,2022,all,a10_base,A10 주자 상황,_2_,18519,0.07483270834680288,0.5323181597278471,0.5281779371795342,-0.004140222548312922,0.5782348231856922,0.24349190059835774,2194.623196223111,7312.929256591548,0.5148185950965577
sj_cb_ft_fonly,2022,all,a10_base,A10 주자 상황,__3,6094,0.024625008081722376,0.5336396455530029,0.5312949052603119,-0.00234474029269105,0.5783009730167674,0.24309655469976105,2319.2258014982704,2402.5397101370136,0.054335199233860765
sj_cb_ft_fonly,2022,all,a10_base,A10 주자 상황,12_,20472,0.08272451024762398,0.5308714341539664,0.5296541935086315,-0.001217240645334905,0.5852238619903957,0.2423630893600315,2683.7771235688756,8046.667823869789,0.04919290672021829
sj_cb_ft_fonly,2022,all,a10_base,A10 주자 상황,1_3,8071,0.032613790651063554,0.5389666707966795,0.5320614716612999,-0.006905199135379569,0.5865801122550791,0.24156804967734583,2782.3182600028917,3161.9584678112237,0.6241214131451118
sj_cb_ft_fonly,2022,all,a10_base,A10 주자 상황,_23,5375,0.021719628887308464,0.5382325581395349,0.5275540279168325,-0.010678530222702376,0.5775753416301485,0.24364391132160496,1969.2581536841503,2123.847610882886,0.9940099959526455
sj_cb_ft_fonly,2022,all,a10_base,A10 주자 상황,123,7791,0.031482349518329344,0.5286869464767039,0.5361726929389252,0.007485746462221332,0.5972720074515199,0.24162801680208956,3029.589612688921,3053.0211619117945,0.7080317820618605
sj_cb_ft_fonly,2022,all,a11_typemo,A11 game_type x 월블록,R|early,75061,0.3033110816577229,0.5135822864070556,0.5061793598401849,-0.007402926566870693,0.5534900943627635,0.24766653192531118,860.2306044783959,30148.86656516328,6.671301213204683
sj_cb_ft_fonly,2022,all,a11_typemo,A11 game_type x 월블록,R|mid,64405,0.2602516648348096,0.5053179101001475,0.5071152870607901,0.0017973769606426382,0.5480653037558599,0.24811920837246543,741.0884162997066,25916.07883216255,0.33743276167754876
sj_cb_ft_fonly,2022,all,a11_typemo,A11 game_type x 월블록,R|late,77558,0.31340111204499904,0.4927667036282524,0.49561778624787584,0.002851082619623413,0.5428883015674161,0.2485812345337182,546.6923689915637,31266.859546025487,1.0224345753438073
sj_cb_ft_fonly,2022,all,a11_typemo,A11 game_type x 월블록,F|early,11199,0.045253604448179996,0.7355120992945798,0.7044279680704699,-0.031084131224109912,0.5294251240491329,0.19549216443043765,-492.51703710977426,3550.5687025367984,17.548743772609896
sj_cb_ft_fonly,2022,all,a11_typemo,A11 game_type x 월블록,F|mid,9014,0.03642432275166484,0.6954737075660085,0.705351881576198,0.009878174010189533,0.5313650509736376,0.2115597340159722,108.73771291621814,3092.714901894604,1.4264620404298274
sj_cb_ft_fonly,2022,all,a11_typemo,A11 game_type x 월블록,F|late,10235,0.04135821426262365,0.6911577918905716,0.698614564280206,0.007456772389634381,0.5267055720530923,0.21347273614490303,-6.576234875499409,3543.3951344176467,0.9229516311392368
sj_cb_ft_fonly,2022,all,a12_role,A12 투수 역할(전시즌),불펜(<30구/경기),74570,0.30132701881424967,0.5214831701756739,0.5176453795848669,-0.003837790590807022,0.5882416619248687,0.2423093416771402,2897.0008606640563,29303.77841299595,1.7812136371551133
sj_cb_ft_fonly,2022,all,a12_role,A12 투수 역할(전시즌),스윙(30-70),40554,0.16387308463179673,0.5338067761503181,0.5354558626140009,0.0016490864636827807,0.5935227065532679,0.24106213234999732,3132.3074476233724,15854.480331904217,0.1788586182775068
sj_cb_ft_fonly,2022,all,a12_role,A12 투수 역할(전시즌),선발(>=70),71969,0.29081673886338655,0.5135822367963985,0.5091175324331062,-0.004464704363292271,0.5504152228680625,0.2477687082875739,819.3304133922941,28918.865130620983,2.326591851170915
sj_cb_ft_fonly,2022,all,a12_role,A12 투수 역할(전시즌),전시즌없음,60379,0.24398315769056703,0.5531062124248497,0.5554098494263581,0.002303637001508374,0.5968987803355885,0.23939085959399,3151.0960067539063,23441.359806679226,0.5196409021879462
sj_cb_ft_fonly,2022,all,a13_tens,A13 이닝 x 점수차,초반|0-1점,60246,0.24344572315251828,0.5335457955714902,0.533585285621218,3.949004972780834e-05,0.5784732749669402,0.24346898794046673,2172.05368891229,23788.1785076526,0.0001523676956821187
sj_cb_ft_fonly,2022,all,a13_tens,A13 이닝 x 점수차,초반|2-3점,16623,0.06717123553371694,0.532334716958431,0.5323875540498967,5.283709146564064e-05,0.5763974208327273,0.24359226560976188,2153.8880398112583,6566.927482840942,7.526213457562744e-05
sj_cb_ft_fonly,2022,all,a13_tens,A13 이닝 x 점수차,초반|4점+,6479,0.026180739639231912,0.5453002006482481,0.5360621762692261,-0.009238024379021992,0.5762087227611874,0.24292613744458796,2025.3265070151128,2552.5340592158955,0.8967172181149059
sj_cb_ft_fonly,2022,all,a13_tens,A13 이닝 x 점수차,중반|0-1점,34313,0.1386540699553889,0.5306735056684055,0.5316457461726689,0.0009722405042633664,0.5831953156260898,0.24281171179602323,2508.4099917268563,13511.93793943075,0.052601173298483905
sj_cb_ft_fonly,2022,all,a13_tens,A13 이닝 x 점수차,중반|2-3점,27832,0.1124652485937803,0.536540672607071,0.5279874468158274,-0.008553225791243513,0.5816209889767493,0.24286733393790738,2331.430017997682,10962.32925496881,3.3021257688496806
sj_cb_ft_fonly,2022,all,a13_tens,A13 이닝 x 점수차,중반|4점+,20406,0.08245781340919377,0.527638929726551,0.5285900761496919,0.0009511464231408695,0.5849145804674408,0.24211630798977893,2856.641502544455,8012.559102068023,0.02993932200859419
sj_cb_ft_fonly,2022,all,a13_tens,A13 이닝 x 점수차,후반|0-1점,27707,0.11196014094523825,0.5245605803587541,0.5197579285107915,-0.00480265184796258,0.5739603185439909,0.24412035581374225,2115.6737161113324,10969.398649258797,1.0364325305000228
sj_cb_ft_fonly,2022,all,a13_tens,A13 이닝 x 점수차,후반|2-3점,24107,0.097413040667227,0.5210104948770067,0.5204190187626425,-0.0005914761143641645,0.5934742335257897,0.24190100199567371,3068.440985078369,9457.365118072972,0.01367750590958514
sj_cb_ft_fonly,2022,all,a13_tens,A13 이닝 x 점수차,후반|4점+,29759,0.12025198810370466,0.5162807890050068,0.5158664376174377,-0.00041435138756917844,0.5873686262342495,0.24236854194250063,2949.6850090477533,11697.253568691587,0.008286006112862189
TEAM,2022,all,a1_count,A1 볼카운트,0-0,64084,0.2589545483933536,0.5315991511141627,0.5168777531513367,-0.01472139796282601,0.5815133823751671,0.24313990646134942,2354.036958421124,25269.414419326105,22.523560213007478
TEAM,2022,all,a1_count,A1 볼카운트,0-1,31161,0.12591727548975237,0.5402265652578544,0.5223636120902898,-0.017862953167564588,0.5777005357451502,0.24340721445883212,2002.8071779470636,12300.822552629306,16.125278587860723
TEAM,2022,all,a1_count,A1 볼카운트,0-2,15595,0.06301723023210706,0.5218339211285669,0.5152118158001326,-0.0066221053284342135,0.5647564427135994,0.24522499549283977,1722.5985476138517,6202.1095805326795,1.1090902012206552
TEAM,2022,all,a1_count,A1 볼카운트,1-0,25393,0.10260958815542769,0.5280195329421494,0.5164253386106495,-0.011594194331499885,0.5878133827288088,0.24262531587375563,2644.139554771163,9991.701413815614,5.5358521712430315
TEAM,2022,all,a1_count,A1 볼카운트,1-1,25225,0.10193072347578716,0.5361744301288405,0.5178330988880073,-0.018341331240833147,0.5830789073731772,0.24294615145894452,2310.1960505736097,9938.721464172779,13.762020619639745
TEAM,2022,all,a1_count,A1 볼카운트,1-2,23740,0.09593004461110752,0.5291491154170177,0.5151448942344808,-0.014004221182536858,0.5641673908613848,0.24534559504445347,1527.083684837016,9446.00781460172,7.550712914528986
TEAM,2022,all,a1_count,A1 볼카운트,2-0,8700,0.03515549233852719,0.5264367816091954,0.5119587268852792,-0.014478054723916167,0.6011393458260906,0.24074508309908219,3431.999937627017,3396.768891808311,2.9575289277017944
TEAM,2022,all,a1_count,A1 볼카운트,2-1,13114,0.052991853623844315,0.5273753240811346,0.5133862596909666,-0.013989064390168005,0.5979141949743672,0.24141426890228468,3143.953511955999,5134.373236051914,4.161997726040333
TEAM,2022,all,a1_count,A1 볼카운트,2-2,20240,0.08178703045192992,0.5267786561264822,0.5116796358858751,-0.015099020240607164,0.5817233453187659,0.24326198236707797,2415.296485482643,7984.98437377711,7.4833725000522575
TEAM,2022,all,a1_count,A1 볼카운트,3-0,2809,0.011350779078037112,0.5062299750800997,0.49915966969492837,-0.007070305385171338,0.5734168088854006,0.24396905424727255,2397.2254353985536,1111.4138454902416,0.22772851027407212
TEAM,2022,all,a1_count,A1 볼카운트,3-1,5605,0.02264902696062585,0.5095450490633363,0.4980651907020923,-0.011479858361243989,0.6011968446891307,0.24016752772969285,3897.9662665183155,2183.1281283214266,1.1979480842275312
TEAM,2022,all,a1_count,A1 볼카운트,3-2,11806,0.04770640718950023,0.5016940538709131,0.49495535073533864,-0.006738703135574509,0.5820437584045394,0.2434005884313214,2638.6469898163955,4660.298378874874,0.8694502743341683
TEAM,2022,all,a1b_phase,A1b 카운트 국면,초구 0-0,64084,0.2589545483933536,0.5315991511141627,0.5168777531513367,-0.01472139796282601,0.5815133823751671,0.24313990646134942,2354.036958421124,25269.414419326105,22.523560213007478
TEAM,2022,all,a1b_phase,A1b 카운트 국면,투수우위 0-1,31161,0.12591727548975237,0.5402265652578544,0.5223636120902898,-0.017862953167564588,0.5777005357451502,0.24340721445883212,2002.8071779470636,12300.822552629306,16.125278587860723
TEAM,2022,all,a1b_phase,A1b 카운트 국면,평행 1-1,25225,0.10193072347578716,0.5361744301288405,0.5178330988880073,-0.018341331240833147,0.5830789073731772,0.24294615145894452,2310.1960505736097,9938.721464172779,13.762020619639745
TEAM,2022,all,a1b_phase,A1b 카운트 국면,타자우위 1-0/2-0/2-1,47207,0.19075693411779918,0.5275488804626433,0.51475791634354,-0.012790964119103299,0.593197366746307,0.2419423727694802,2928.3643873258657,18522.843541675833,12.525708027858444
TEAM,2022,all,a1b_phase,A1b 카운트 국면,2스트라이크,59575,0.2407343052951445,0.5264288711707931,0.5139851260908058,-0.012443745079987245,0.5703307744716845,0.24460613939027814,1883.4122940315833,23633.10176891151,14.960826387945023
TEAM,2022,all,a1b_phase,A1b 카운트 국면,3볼,8414,0.03399980603866296,0.5084383170905633,0.498430580705762,-0.010007736384801291,0.5918320126453277,0.2414366610774325,3397.821261004863,3294.5419738116684,1.3666696266487173
TEAM,2022,all,a1b_phase,A1b 카운트 국면,풀카운트,11806,0.04770640718950023,0.5016940538709131,0.49495535073533864,-0.006738703135574509,0.5820437584045394,0.2434005884313214,2638.6469898163955,4660.298378874874,0.8694502743341683
TEAM,2022,all,a2_li,A2 경기 중요도 li,li<0.10,23302,0.09416014741061615,0.5094841644494035,0.5016348833602098,-0.007849281089193694,0.5796876510719179,0.24335436185057688,2623.2193374106537,9196.4804867504,2.3283179289930027
TEAM,2022,all,a2_li,A2 경기 중요도 li,0.10-0.35,28588,0.11552013965216267,0.5273891143136981,0.5098846195002816,-0.017504494813416427,0.5908420950776515,0.2420914509205003,2871.9719938477992,11224.126367987015,14.206014612522818
TEAM,2022,all,a2_li,A2 경기 중요도 li,0.35-0.70,54527,0.22033603801642207,0.5305261613512572,0.5160763438285784,-0.01444981752267882,0.577765495638225,0.24358658131665692,2200.8322140192217,21540.425860601496,18.463994000374065
TEAM,2022,all,a2_li,A2 경기 중요도 li,0.70-1.20,66871,0.2702164285252473,0.5329814119723049,0.5174075374266944,-0.015573874545610433,0.5807785402735751,0.24326008645548738,2270.736190468359,26381.409511017268,26.30392045520421
TEAM,2022,all,a2_li,A2 경기 중요도 li,1.20-2.00,47904,0.1935734143660697,0.5329617568470274,0.5191569510300451,-0.01380480581698229,0.5819134554834995,0.24330858682650544,2251.760250239299,18902.469058297036,14.805453127997247
TEAM,2022,all,a2_li,A2 경기 중요도 li,li>=2.00,26280,0.10619383202948213,0.5267884322678843,0.5154626566817497,-0.011325775586134568,0.5820113921155542,0.2434256987020722,2349.416431672935,10374.832814748861,5.467019033816052
TEAM,2022,all,a3_load,A3 전시즌 경기당 대비 등판 투구수,<0.25,47915,0.1936178638391414,0.5197328602734008,0.5068728304341127,-0.012860029839288134,0.571364654288502,0.24487790291475572,1896.03768467973,19028.756588714183,12.851232061491464
TEAM,2022,all,a3_load,A3 전시즌 경기당 대비 등판 투구수,0.25-0.50,44117,0.17827067304583952,0.5180089307976516,0.506143485070019,-0.011865445727632595,0.5733500819366437,0.24483148121105783,1940.195869812822,17517.113874714796,10.073106081964472
TEAM,2022,all,a3_load,A3 전시즌 경기당 대비 등판 투구수,0.50-0.75,37037,0.1496613758324174,0.5198045198045198,0.505087703044783,-0.014716816759736795,0.5704499387581929,0.24491154192035663,1881.4473876693548,14710.735096168546,13.009268803691178
TEAM,2022,all,a3_load,A3 전시즌 경기당 대비 등판 투구수,0.75-1.00,27793,0.11230765500743518,0.521318317561976,0.5047130569447845,-0.016605260617191475,0.5736555147668995,0.24500693963814885,1818.7421390591041,11043.408416704513,12.428426281341554
TEAM,2022,all,a3_load,A3 전시즌 경기당 대비 등판 투구수,1.00-1.25,13206,0.05336361285317127,0.5218082689686506,0.5088992941880327,-0.012908974780617921,0.5819604972026234,0.24349879902072688,2414.834139764388,5215.037520227904,3.5689800351612027
TEAM,2022,all,a3_load,A3 전시즌 경기당 대비 등판 투구수,1.25-1.50,6201,0.02505738022887438,0.5289469440412836,0.5178068335724569,-0.01114011046882668,0.5973344828449996,0.240878468745108,3324.5852943272535,2422.4177158309235,1.248044432231139
TEAM,2022,all,a3_load,A3 전시즌 경기당 대비 등판 투구수,>=1.50,10824,0.04373828150255382,0.5385254988913526,0.52243355369902,-0.01609194519233259,0.6062645936380711,0.2395274768913542,3616.796015591095,4204.675112156629,4.5456311651731465
TEAM,2022,all,a3_load,A3 전시즌 경기당 대비 등판 투구수,전시즌없음,60379,0.24398315769056703,0.5531062124248497,0.5380074678213613,-0.015098744603488368,0.5958190740902342,0.23976095404294204,3001.369146606536,23477.599774884584,22.323223885190526
TEAM,2022,all,a3b_gp,A3b 등판 내 투구수,1-10,73772,0.2981024115859572,0.5246028303421352,0.512117586286597,-0.012485244055538192,0.5847474424325394,0.24298062577564658,2571.8569578661923,29070.501550928657,18.649833150102953
TEAM,2022,all,a3b_gp,A3b 등판 내 투구수,11-20,48944,0.19777591000193961,0.5324861065707748,0.5157214975800395,-0.016764608990735286,0.5897934813134212,0.2420233652977972,2780.2515547160287,19210.827659798437,22.30877060400436
TEAM,2022,all,a3b_gp,A3b 등판 내 투구수,21-35,37097,0.14990382750371758,0.5352993503517804,0.5210865620048292,-0.014212788346951277,0.5850951582793902,0.24241876477994123,2546.7699851357215,14584.594033919015,12.153089278243304
TEAM,2022,all,a3b_gp,A3b 등판 내 투구수,36-60,41816,0.16897265145147733,0.5312081499904343,0.5185514250090862,-0.012656724981348066,0.57958247515345,0.2434110041328839,2254.80314621932,16507.14689027166,10.86361821915391
TEAM,2022,all,a3b_gp,A3b 등판 내 투구수,61-80,27608,0.11156009568759294,0.527926687916546,0.5128842806700918,-0.015042407246454115,0.5722572453959398,0.24472010305527048,1805.631666506602,10957.056826454827,10.13115480979541
TEAM,2022,all,a3b_gp,A3b 등판 내 투구수,81+,18235,0.07368510376931532,0.5200987112695366,0.5059374629322417,-0.014161248337294818,0.5606927202535532,0.24649586059416406,1242.0794771889953,7289.617138029486,5.930593621578306
TEAM,2022,all,a4_prevp,A4 전시즌 투구수,없음,60379,0.24398315769056703,0.5531062124248497,0.5380074678213613,-0.015098744603488368,0.5958190740902342,0.23976095404294204,3001.369146606536,23477.599774884584,22.323223885190526
TEAM,2022,all,a4_prevp,A4 전시즌 투구수,1-200,16117,0.0651265597724187,0.5244772600359868,0.5184635176839225,-0.006013742352064311,0.5920086462367007,0.2411350397918795,3314.272382725514,6302.8046959464655,0.9452858609146323
TEAM,2022,all,a4_prevp,A4 전시즌 투구수,201-600,29513,0.11925793625137389,0.5317317792159387,0.5202599629323349,-0.01147181628360383,0.6025209650841218,0.23983373757424573,3678.558493127204,11479.235199034361,6.29893381909382
TEAM,2022,all,a4_prevp,A4 전시즌 투구수,601-1200,56169,0.22697113208767053,0.5266606135056704,0.5108986460858415,-0.015761967419828937,0.5782142164895775,0.24387133025371363,2173.331688568725,22215.022638192095,22.631162543326923
TEAM,2022,all,a4_prevp,A4 전시즌 투구수,1201-2000,33289,0.13451622809853236,0.5052720117756616,0.49362373846649393,-0.011648273309167678,0.5701686821397374,0.24512118447416176,1940.6243187590767,13233.384054067892,7.325093530568041
TEAM,2022,all,a4_prevp,A4 전시즌 투구수,2001-2600,25838,0.1044077713842374,0.4974456227262172,0.4857654302845322,-0.011680192441685,0.5407570112214355,0.24873767015782464,502.33511019884827,10422.92893996015,5.716736978885913
TEAM,2022,all,a4_prevp,A4 전시즌 투구수,2601+,26167,0.1057372147152001,0.5386937746015974,0.5176905804890305,-0.021003194112566903,0.5493018346519755,0.24716174749763856,539.6495949563817,10488.768797316532,18.72034928712611
TEAM,2022,all,a5_asofn,A5 투수 누적 이력,0-99,7598,0.03070246330898041,0.5627796788628586,0.5588002129014458,-0.003979465961412854,0.6170357606883047,0.2359265136290855,4117.797014237723,2907.136073367972,0.1951363596049555
TEAM,2022,all,a5_asofn,A5 투수 누적 이력,100-499,24668,0.09967996379388375,0.5625912112858764,0.5408093239030685,-0.021781887382807952,0.6178662970749605,0.23578847389797658,4183.098372888349,9432.913070607341,18.980789694681583
TEAM,2022,all,a5_asofn,A5 투수 누적 이력,500-1499,52007,0.21015306782181417,0.5395812102217009,0.5242329424522719,-0.015348267769428992,0.5932571300261529,0.24066507054227343,3126.898200006256,20298.511210717414,19.86871856244049
TEAM,2022,all,a5_asofn,A5 투수 누적 이력,1500-3999,84781,0.3425882524083533,0.5200811502577228,0.5072736963750615,-0.012807453882661357,0.5777405327614347,0.24411284080697687,2197.106594689069,33564.36849337867,22.553474504377025
TEAM,2022,all,a5_asofn,A5 투수 누적 이력,4000-7999,61682,0.24924839981896943,0.5162770338186181,0.5026301434592784,-0.013646890359339747,0.5608482110628054,0.24665404322048887,1233.7134290054453,24673.798107318413,18.630099425956065
TEAM,2022,all,a5_asofn,A5 투수 누적 이력,8000+,16736,0.06762785284799896,0.5221677820267686,0.5115170990836535,-0.010650682943115108,0.5413509640437169,0.24843528358385691,430.1678986545654,6743.017144012261,3.078902250503028
TEAM,2022,all,a6_psucc,A6 투수 수준 5분위,Q1 최저,35954,0.14528512316544903,0.46845969850364355,0.4597145547150859,-0.008745143788557674,0.5604860287229191,0.2453007769170232,1487.6927569896336,14303.274013694574,4.4593385417746685
TEAM,2022,all,a6_psucc,A6 투수 수준 5분위,Q2,42717,0.17261346738216848,0.4863871526558513,0.47798241545793724,-0.00840473719791407,0.5438786880819628,0.24687514669533892,1176.689684377652,17102.808645612666,4.893711269659881
TEAM,2022,all,a6_psucc,A6 투수 수준 5분위,Q3,47290,0.1910923255964311,0.5141679001903151,0.49829218502199707,-0.01587571516831804,0.5508812594580068,0.24678011680453327,1208.6319517112588,18926.43424929718,19.329705256103704
TEAM,2022,all,a6_psucc,A6 투수 수준 5분위,Q4,56287,0.22744795370789422,0.534297439906195,0.516878402508536,-0.017419037397659043,0.5480490954748453,0.2463288663358646,1002.6454169108745,22486.02717269527,27.697828772912626
TEAM,2022,all,a6_psucc,A6 투수 수준 5분위,Q5 최고,65136,0.26320553436348354,0.5962294276590518,0.5797833691462827,-0.016446058512769146,0.5942978105845895,0.2344484039867383,2613.398666975619,24766.1036700389,28.57156754516788
TEAM,2022,all,a7_inning,A7 이닝,1-3회,83348,0.33679769832546713,0.534217977635936,0.5217104095907406,-0.012507568045195483,0.5774964978186259,0.24364357227552583,2083.9833868507076,32933.619411976855,21.146098578715232
TEAM,2022,all,a7_inning,A7 이닝,4-6회,82551,0.33357713195836297,0.5319014911993798,0.5166983503807059,-0.01520314081867391,0.5825566299444449,0.24297483183901306,2412.807313724341,32529.167566230062,30.944131341842752
TEAM,2022,all,a7_inning,A7 이닝,7-8회,56423,0.22799751082950798,0.525370859401308,0.5066159087399971,-0.018754950661310943,0.5888724048691251,0.24261134887900354,2704.9527471143087,22200.185692976014,32.18676629468802
TEAM,2022,all,a7_inning,A7 이닝,9회+,25150,0.10162765888666192,0.5095427435387674,0.5049348242382175,-0.004607919300549934,0.5766369941993582,0.24411317939722127,2319.147422351864,9956.77142821914,0.8660381815819105
TEAM,2022,all,a8_hand,A8 손 매치업,1v1,30719,0.12413121484450766,0.4951984114066213,0.488128478152284,-0.007069933254337302,0.582769296710615,0.24352330545870024,2581.6938017271586,12132.126356129387,2.4901586790946344
TEAM,2022,all,a8_hand,A8 손 매치업,1v2,31497,0.12727500484903342,0.5358605581483951,0.5208124795510906,-0.015048078597304504,0.5773153969740441,0.2431171758025338,2250.313254733971,12418.64330998808,11.566996738594431
TEAM,2022,all,a8_hand,A8 손 매치업,2v1,94115,0.38030565074028577,0.535398183073899,0.5184003999953222,-0.0169977830785768,0.57973195361657,0.24314002387788525,2254.075612638862,37111.16794464159,44.09940527647415
TEAM,2022,all,a8_hand,A8 손 매치업,2v2,91141,0.36828812956617313,0.5311989115765682,0.5182440609049082,-0.012954850671660023,0.5813686978248954,0.24327085451001898,2311.3084149177344,35957.80648864303,24.80663935781418
TEAM,2022,all,a9_batn,A9 타자 누적 이력,0-99,7586,0.030653972974720372,0.626021618771421,0.597397388361725,-0.028624230409696083,0.6308392253405035,0.22291289623726546,4786.316713595451,2742.441383512908,10.08021505021869
TEAM,2022,all,a9_batn,A9 타자 누적 이력,100-499,22595,0.09130325855046227,0.58220845319761,0.5576504341617011,-0.02455801903590893,0.6160250581399094,0.23330666482192416,4084.4569548354025,8549.265647321694,22.099799312334152
TEAM,2022,all,a9_batn,A9 타자 누적 이력,500-1499,44050,0.177999935346221,0.5511691259931896,0.5334116284110756,-0.01775749758211398,0.6016125191121942,0.23925769266938954,3284.0049207365273,17092.32506996456,22.52676155352595
TEAM,2022,all,a9_batn,A9 타자 누적 이력,1500-3999,56362,0.22775101829701946,0.5261701146162308,0.5114841623671451,-0.014685952249085643,0.5759862393554885,0.24428380182234571,2018.0577799240762,22329.05723154097,19.714235493448356
TEAM,2022,all,a9_batn,A9 타자 누적 이력,4000+,116879,0.4722918148315769,0.5052575740723312,0.4959348065130102,-0.009322767559320988,0.5549889840467995,0.24746207686494667,1004.2234552918638,46906.654767061955,16.47462434609875
TEAM,2022,all,a10_base,A10 주자 상황,___,131972,0.533280532747139,0.5251947382778165,0.5133387155229557,-0.011856022754860751,0.5804147931759172,0.24348209154234435,2359.243802707356,52112.04820892702,30.084941238508605
TEAM,2022,all,a10_base,A10 주자 상황,1__,49178,0.19872147152001035,0.5336125909959738,0.5150933228414201,-0.018519268154553736,0.5846109307729428,0.24300280020387777,2357.6119883230385,19380.78936888767,27.353180033044815
TEAM,2022,all,a10_base,A10 주자 상황,_2_,18519,0.07483270834680288,0.5323181597278471,0.5156084496839051,-0.01670971004394206,0.5777832544613596,0.24367040487000846,2122.9219301564294,7318.290375821278,8.385803474054587
TEAM,2022,all,a10_base,A10 주자 상황,__3,6094,0.024625008081722376,0.5336396455530029,0.519388836445749,-0.014250809107253959,0.5797959659751418,0.2432459676539983,2259.1888624178046,2404.016368480474,2.007108342468711
TEAM,2022,all,a10_base,A10 주자 상황,12_,20472,0.08272451024762398,0.5308714341539664,0.5172173138517022,-0.013654120302264205,0.584975750044033,0.24265884925876519,2565.020442016919,8056.487312749121,6.189806086361642
TEAM,2022,all,a10_base,A10 주자 상황,1_3,8071,0.032613790651063554,0.5389666707966795,0.5199571971741139,-0.019009473622565554,0.5860366296292864,0.2421430367484781,2550.91799758983,3169.484650354309,4.729953277479186
TEAM,2022,all,a10_base,A10 주자 상황,_23,5375,0.021719628887308464,0.5382325581395349,0.5165604197760578,-0.021672138363477034,0.577095982884581,0.24381743940808134,1899.4386906974637,2125.3602578022555,4.094221352766083
TEAM,2022,all,a10_base,A10 주자 상황,123,7791,0.031482349518329344,0.5286869464767039,0.5222077397929105,-0.006479206683793426,0.5974138920492261,0.24164751742246948,3021.7636031637294,3053.2675563799457,0.5304276968792809
TEAM,2022,all,a11_typemo,A11 game_type x 월블록,R|early,75061,0.3033110816577229,0.5135822864070556,0.494936190401436,-0.018646096005619617,0.553101846853822,0.2479688027767853,739.2329780442797,30185.662508065972,42.32329766710698
TEAM,2022,all,a11_typemo,A11 game_type x 월블록,R|mid,64405,0.2602516648348096,0.5053179101001475,0.4948959118142834,-0.010421998285864098,0.5473469194278973,0.2482583562494167,685.4229686063862,25930.612843342304,11.345167188143035
TEAM,2022,all,a11_typemo,A11 game_type x 월블록,R|late,77558,0.31340111204499904,0.4927667036282524,0.48863180828179886,-0.00413489534645356,0.5431941334175175,0.24855414126448588,557.5319452159832,31263.45172063063,2.1505273312925253
TEAM,2022,all,a11_typemo,A11 game_type x 월블록,F|early,11199,0.045253604448179996,0.7355120992945798,0.6735734493818575,-0.061938649912722354,0.5288093767053144,0.19812756888908245,-1847.2435972848978,3598.4334577133145,69.67741577373204
TEAM,2022,all,a11_typemo,A11 game_type x 월블록,F|mid,9014,0.03642432275166484,0.6954737075660085,0.6744794056395566,-0.020994301926451908,0.5309087623170189,0.21181336697202321,-11.019084167052107,3096.422669946209,6.443320761284776
TEAM,2022,all,a11_typemo,A11 game_type x 월블록,F|late,10235,0.04135821426262365,0.6911577918905716,0.6718901995477726,-0.019267592342798956,0.5232110369012644,0.21357911512119376,-56.41209398485891,3545.1608997036506,6.162147166157109
TEAM,2022,all,a12_role,A12 투수 역할(전시즌),불펜(<30구/경기),74570,0.30132701881424967,0.5214831701756739,0.5063090272829334,-0.01517414289274055,0.5879786727838127,0.24261496667348578,2774.5247582088405,29340.739295760086,27.84593485924877
TEAM,2022,all,a12_role,A12 투수 역할(전시즌),스윙(30-70),40554,0.16387308463179673,0.5338067761503181,0.5220333951796012,-0.011773380970716896,0.5926246621457588,0.24127056277924205,3048.5523818989723,15868.188648962629,9.11644282477761
TEAM,2022,all,a12_role,A12 투수 역할(전시즌),선발(>=70),71969,0.29081673886338655,0.5135822367963985,0.5003685700383058,-0.013213666758092657,0.5508733821811859,0.24789166575682606,770.1111063402211,28933.21637979478,20.37893522983386
TEAM,2022,all,a12_role,A12 투수 역할(전시즌),전시즌없음,60379,0.24398315769056703,0.5531062124248497,0.5380074678213613,-0.015098744603488368,0.5958190740902342,0.23976095404294204,3001.369146606536,23477.599774884584,22.323223885190526
TEAM,2022,all,a13_tens,A13 이닝 x 점수차,초반|0-1점,60246,0.24344572315251828,0.5335457955714902,0.5221889125477763,-0.011356883023713849,0.5784973884865624,0.2436365273672484,2104.7348973617486,23804.547975587986,12.601894615376104
TEAM,2022,all,a13_tens,A13 이닝 x 점수차,초반|2-3점,16623,0.06717123553371694,0.532334716958431,0.5199299943907812,-0.012404722567649795,0.574964931306237,0.24377821903675542,2079.194289615849,6571.940542952663,4.148325605176148
TEAM,2022,all,a13_tens,A13 이닝 x 점수차,초반|4점+,6479,0.026180739639231912,0.5453002006482481,0.5218289391044518,-0.023471261543796307,0.575504183328981,0.24336362080649765,1848.884852804511,2557.1308934362123,5.788555033148968
TEAM,2022,all,a13_tens,A13 이닝 x 점수차,중반|0-1점,34313,0.1386540699553889,0.5306735056684055,0.5192773971343835,-0.011396108534022065,0.5826079014605405,0.24309271082626158,2395.5857706623783,13527.574917686605,7.2270517505924685
TEAM,2022,all,a13_tens,A13 이닝 x 점수차,중반|2-3점,27832,0.1124652485937803,0.536540672607071,0.5150974881851389,-0.02144318442193205,0.5806800104788286,0.24334437848005552,2139.587593189585,10983.861666329041,20.754501096228324
TEAM,2022,all,a13_tens,A13 이닝 x 점수차,중반|4점+,20406,0.08245781340919377,0.527638929726551,0.5145450800370852,-0.013093849689465809,0.5845605826065364,0.24227258721473804,2793.93821377405,8017.730982214416,5.6739029814185225
TEAM,2022,all,a13_tens,A13 이닝 x 점수차,후반|0-1점,27707,0.11196014094523825,0.5245605803587541,0.5080485809221587,-0.016511999436595426,0.5734500717766619,0.24445295705975076,1982.3114293892718,10984.343882508789,12.251186631506744
TEAM,2022,all,a13_tens,A13 이닝 x 점수차,후반|2-3점,24107,0.097413040667227,0.5210104948770067,0.50783911988244,-0.013171374994566665,0.5931465296360099,0.24215929821499296,2964.939738619199,9467.463470847732,6.782576763800846
TEAM,2022,all,a13_tens,A13 이닝 x 점수차,후반|4점+,29759,0.12025198810370466,0.5162807890050068,0.5028704107601661,-0.013410378244840704,0.5878997551056728,0.24253215216629534,2884.171458370932,11705.149767838635,8.679400108570618
sj_stdmlp,2022,R,a1_count,A1 볼카운트,0-0,56002,0.2580451931583604,0.5062140637834363,0.4903639807654038,-0.01585008301803248,0.5487237762295968,0.2482868440244091,669.9200295001373,25629.08715543019,25.93238808412366
sj_stdmlp,2022,R,a1_count,A1 볼카운트,0-1,27455,0.1265067457976998,0.5179384447277363,0.4994744658451179,-0.018463978882618415,0.5486018457856651,0.24826435355450405,566.2723366142596,12563.53076156532,17.252336889542242
sj_stdmlp,2022,R,a1_count,A1 볼카운트,0-2,13808,0.06362429961663227,0.49985515643105444,0.49431711322515004,-0.005538043205904397,0.5332183563979533,0.24925771795016832,296.90445298469206,6343.884763908687,0.7805834699050117
sj_stdmlp,2022,R,a1_count,A1 볼카운트,1-0,22089,0.10178136980241817,0.500928063742134,0.4887234803062063,-0.01220458343592773,0.5527551193403276,0.24804371069662917,782.1738951772738,10099.041745750876,6.06454006092392
sj_stdmlp,2022,R,a1_count,A1 볼카운트,1-1,22133,0.1019841123562371,0.5111372159219265,0.49219244366501913,-0.018944772256907383,0.5501794918675177,0.2483251332363132,620.6396046127716,10130.639324782795,14.641816312400183
sj_stdmlp,2022,R,a1_count,A1 볼카운트,1-2,21152,0.09746387496313771,0.5096444780635401,0.49449317893349437,-0.015151299130045703,0.5372448979591836,0.24912429692951366,313.1913725283986,9712.776970793675,8.950083257283804
sj_stdmlp,2022,R,a1_count,A1 볼카운트,2-0,7519,0.03464593777646712,0.4935496741587977,0.48259196184080805,-0.010957712317989643,0.5598793276405146,0.24736779578164345,1036.4114926220802,3428.302509279648,1.6640859967957504
sj_stdmlp,2022,R,a1_count,A1 볼카운트,2-1,11379,0.052431989088764376,0.4974075050531681,0.4845708055811886,-0.012836699471979518,0.5602517984500243,0.24755050420933708,977.1361736917728,5192.109047507565,3.4561034815245972
sj_stdmlp,2022,R,a1_count,A1 볼카운트,2-2,17854,0.08226739899734592,0.5015682760165789,0.48749796104197957,-0.014070314974599374,0.5479013225471102,0.24842573774778806,628.7272904121899,8175.381184423526,6.515069636799649
sj_stdmlp,2022,R,a1_count,A1 볼카운트,3-0,2406,0.011086331465644353,0.47339983374896094,0.46592789226894665,-0.007471941480014288,0.5248972187209179,0.24944471110300587,-61.08486602780516,1106.230977367023,0.24759304399806625
sj_stdmlp,2022,R,a1_count,A1 볼카운트,3-1,4847,0.02233393541728104,0.4730761295646792,0.4665434913423493,-0.006532638222329912,0.5499926404319981,0.2473051761602011,790.2630465221216,2209.439523421178,0.3812642875531472
sj_stdmlp,2022,R,a1_count,A1 볼카운트,3-2,10380,0.04782881156001179,0.4745664739884393,0.46718749625626,-0.007378977732179326,0.5438871908573994,0.24782426808661667,613.1335238178438,4741.514448097442,1.0417551246860444
sj_stdmlp,2022,R,a1b_phase,A1b 카운트 국면,초구 0-0,56002,0.2580451931583604,0.5062140637834363,0.4903639807654038,-0.01585008301803248,0.5487237762295968,0.2482868440244091,669.9200295001373,25629.08715543019,25.93238808412366
sj_stdmlp,2022,R,a1b_phase,A1b 카운트 국면,투수우위 0-1,27455,0.1265067457976998,0.5179384447277363,0.4994744658451179,-0.018463978882618415,0.5486018457856651,0.24826435355450405,566.2723366142596,12563.53076156532,17.252336889542242
sj_stdmlp,2022,R,a1b_phase,A1b 카운트 국면,평행 1-1,22133,0.1019841123562371,0.5111372159219265,0.49219244366501913,-0.018944772256907383,0.5501794918675177,0.2483251332363132,620.6396046127716,10130.639324782795,14.641816312400183
sj_stdmlp,2022,R,a1b_phase,A1b 카운트 국면,타자우위 1-0/2-0/2-1,40987,0.18885929666764967,0.49859711615878205,0.4864457782778241,-0.012151337880957958,0.5562541185866661,0.24778278891985422,886.1041745360177,18719.453302538084,11.155016535378577
sj_stdmlp,2022,R,a1b_phase,A1b 카운트 국면,2스트라이크,52814,0.2433555735771159,0.5043549058961639,0.4920823837743334,-0.012272522121830554,0.5397217023796099,0.24892302836100288,423.2346803835996,24232.04291912589,14.661979260206294
sj_stdmlp,2022,R,a1b_phase,A1b 카운트 국면,3볼,7253,0.03342026688292539,0.47318351027161176,0.4663392818606718,-0.0068442284109399565,0.5415833947959046,0.24801491296874767,507.8459811397096,3315.6705007882,0.6262425313188023
sj_stdmlp,2022,R,a1b_phase,A1b 카운트 국면,풀카운트,10380,0.04782881156001179,0.4745664739884393,0.46718749625626,-0.007378977732179326,0.5438871908573994,0.24782426808661667,613.1335238178438,4741.514448097442,1.0417551246860444
sj_stdmlp,2022,R,a2_li,A2 경기 중요도 li,li<0.10,20377,0.09389284134473606,0.48044363743436225,0.47314174947389404,-0.007301887960468212,0.5389487444514651,0.2485631964956046,422.387044964867,9335.830609926103,2.0025642911445245
sj_stdmlp,2022,R,a2_li,A2 경기 중요도 li,0.10-0.35,24902,0.11474306989088764,0.4981126013974781,0.4824181056720479,-0.01569449572543019,0.5522903593630124,0.24815570439188908,736.3038255128074,11390.279579029157,11.305892545562294
sj_stdmlp,2022,R,a2_li,A2 경기 중요도 li,0.35-0.70,48047,0.2213902609849602,0.5062334797177763,0.49162722623457256,-0.014606253483203768,0.5445209710073386,0.24860969733158989,540.6625921325902,22017.10600216052,18.893822678819205
sj_stdmlp,2022,R,a2_li,A2 경기 중요도 li,0.70-1.20,58855,0.2711912046593925,0.508792795854218,0.49359248641945,-0.015200309434767967,0.5491090936404277,0.24825291638817912,668.1147576718005,26931.07043152822,25.064792556148713
sj_stdmlp,2022,R,a2_li,A2 경기 중요도 li,1.20-2.00,41808,0.19264228841049838,0.5088260619977037,0.4932943991124474,-0.01553166288525637,0.551307864138365,0.24815297998580288,707.8688276679013,19122.945167878584,18.58964927404373
sj_stdmlp,2022,R,a2_li,A2 경기 중요도 li,li>=2.00,23035,0.10614033470952522,0.5026264380290861,0.4895615870618044,-0.013064850967281716,0.5507627542509772,0.24811803693984286,750.0466491919377,10534.706621805337,7.247246432810702
sj_stdmlp,2022,R,a3_load,A3 전시즌 경기당 대비 등판 투구수,<0.25,43866,0.20212511058684754,0.502302466602836,0.4876054521637884,-0.014697014439047529,0.5471833991160535,0.24838800580016487,642.6907674722981,20083.275575583564,17.464741764693002
sj_stdmlp,2022,R,a3_load,A3 전시즌 경기당 대비 등판 투구수,0.25-0.50,40366,0.18599786198761428,0.5003715998612693,0.48687667640797605,-0.013494923453293284,0.5490614750542419,0.24832864230464782,668.4882127947822,18476.445380138994,13.54978672190529
sj_stdmlp,2022,R,a3_load,A3 전시즌 경기당 대비 등판 투구수,0.50-0.75,34107,0.15715773370687114,0.5031225261676489,0.48720257199072486,-0.01591995417692399,0.5470508357125458,0.2483694296039368,648.3533767799421,15614.121470603654,15.933201204037369
sj_stdmlp,2022,R,a3_load,A3 전시즌 경기당 대비 등판 투구수,0.75-1.00,25764,0.1187149808316131,0.5062102158049993,0.4881277262868778,-0.01808248951812147,0.5530406871674142,0.24813694716879492,729.9070209991654,11783.671252139526,15.527646200887872
sj_stdmlp,2022,R,a3_load,A3 전시즌 경기당 대비 등판 투구수,1.00-1.25,11734,0.054067752875258036,0.49846599625021304,0.48464466470851675,-0.013821331541696291,0.5519389483827849,0.24799859452053602,799.628451422596,5363.7829563916,4.131633080717416
sj_stdmlp,2022,R,a3_load,A3 전시즌 경기당 대비 등판 투구수,1.25-1.50,5170,0.023822250073724564,0.49148936170212765,0.4817451923553793,-0.009744169346748321,0.5499027063050715,0.24818261665692118,698.1832318754489,2365.036211834486,0.9048072707380332
sj_stdmlp,2022,R,a3_load,A3 전시즌 경기당 대비 등판 투구수,>=1.50,8731,0.040230573577115895,0.4967357690986141,0.48149804011573144,-0.01523772898288267,0.5580870491328597,0.2476793798218149,924.0253726361169,3985.930595083798,3.7366323611185894
sj_stdmlp,2022,R,a3_load,A3 전시즌 경기당 대비 등판 투구수,전시즌없음,47286,0.21788373636095548,0.5107642854121728,0.49929322725086916,-0.011471058161303616,0.5447089705746204,0.2485097685177093,549.999570192139,21659.674970552318,11.468732781844976
sj_stdmlp,2022,R,a3b_gp,A3b 등판 내 투구수,1-10,63628,0.2931841639634326,0.4962280756899478,0.4829672740900369,-0.013260801599910887,0.5476770313907279,0.24834513385736923,656.2928412492286,29125.9312230159,20.623564051487488
sj_stdmlp,2022,R,a3b_gp,A3b 등판 내 투구수,11-20,41971,0.19339335741669125,0.5020132948940935,0.4860596878188775,-0.015953607075216036,0.5503889707000528,0.248222449859645,709.4102155793203,19202.8755328922,19.68987651065467
sj_stdmlp,2022,R,a3b_gp,A3b 등판 내 투구수,21-35,31720,0.14615895016219405,0.5058638083228247,0.49169671689391925,-0.014167091428905487,0.5461516582787355,0.24852626370462322,575.8200154849513,14530.526871398979,11.73465874779129
sj_stdmlp,2022,R,a3b_gp,A3b 등판 내 투구수,36-60,36939,0.17020698171630788,0.5075123852838463,0.49517539956241274,-0.012336985721433602,0.5479777116141573,0.2483113242718501,653.0433386382928,16906.649639945037,10.362848544710452
sj_stdmlp,2022,R,a3b_gp,A3b 등판 내 투구수,61-80,25270,0.11643873488646417,0.5110407597942224,0.495278189633218,-0.015762570161004352,0.5499096846719587,0.2482571667396684,648.6902505535963,11563.330243922732,11.572713450916066
sj_stdmlp,2022,R,a3b_gp,A3b 등판 내 투구수,81+,17496,0.08061781185491006,0.5122313671696388,0.49682504287017043,-0.015406324299468366,0.5502818922401681,0.24815201074502066,679.759950457115,8002.624901153096,7.654427842930719
sj_stdmlp,2022,R,a4_prevp,A4 전시즌 투구수,없음,47286,0.21788373636095548,0.5107642854121728,0.49929322725086916,-0.011471058161303616,0.5447089705746204,0.2485097685177093,549.999570192139,21659.674970552318,11.468732781844976
sj_stdmlp,2022,R,a4_prevp,A4 전시즌 투구수,1-200,12427,0.057260948097906224,0.4765430111853223,0.4699849463195609,-0.006558064865761382,0.5283163056708774,0.24887845632735756,229.0294150734895,5700.7171750281395,0.9851301406390143
sj_stdmlp,2022,R,a4_prevp,A4 전시즌 투구수,201-600,23871,0.10999244323208493,0.4879979891919065,0.47874911063521275,-0.009248878556693763,0.5476681085162146,0.24814497147751827,684.7866729419061,10918.223599414809,3.7637837179320517
sj_stdmlp,2022,R,a4_prevp,A4 전시즌 투구수,601-1200,50346,0.2319835594219994,0.5050252254399555,0.4880892059284527,-0.016936019511502864,0.5490224503828754,0.24832957415774498,658.1356599246524,23044.607088644247,26.61727273831622
sj_stdmlp,2022,R,a4_prevp,A4 전시즌 투구수,1201-2000,31403,0.14469828221763492,0.4911951087475719,0.4782608481131025,-0.012934260634469397,0.5492893693171709,0.2481285620450783,717.7873270188373,14362.293267005953,9.683452973364185
sj_stdmlp,2022,R,a4_prevp,A4 전시즌 투구수,2001-2600,25524,0.1176091123562371,0.49533772136028836,0.48016719965638244,-0.015170521703905926,0.5379671924659267,0.2491499680453752,331.3468547412657,11721.56133128409,10.827436882683191
sj_stdmlp,2022,R,a4_prevp,A4 전시즌 투구수,2601+,26167,0.12057191831318195,0.5386937746015974,0.5159335402979283,-0.022760234303669136,0.5491819953188433,0.2472427114971062,507.06887468403573,11924.86098039838,24.98522610955656
sj_stdmlp,2022,R,a5_asofn,A5 투수 누적 이력,0-99,4387,0.02021435417281038,0.48301800775017095,0.47746661675497004,-0.005551390995200911,0.5548532925833539,0.24748936975159305,889.9234482433905,2001.2441556238198,0.24919949628919158
sj_stdmlp,2022,R,a5_asofn,A5 투수 누적 이력,100-499,16944,0.07807431436154527,0.4968130311614731,0.4798978316420091,-0.016915199519463964,0.5496949306098595,0.24841065600875545,631.7005524965502,7758.219397451643,8.936060179162851
sj_stdmlp,2022,R,a5_asofn,A5 투수 누적 이력,500-1499,42035,0.19368825567679152,0.49839419531342927,0.484860135963116,-0.013534059350313266,0.5400640684398811,0.24897756664220547,407.9461073747792,19290.663364781758,14.19198349983596
sj_stdmlp,2022,R,a5_asofn,A5 투수 누적 이력,1500-3999,76996,0.35478103804187555,0.5001168891890487,0.4867033750354257,-0.013413514153623018,0.5500965405462491,0.24818611489879913,725.5486149002621,35222.610236268854,25.53460829312839
sj_stdmlp,2022,R,a5_asofn,A5 투수 누적 이력,4000-7999,60064,0.2767620171040991,0.5106885988279168,0.494578752031237,-0.016109846796679816,0.552693182627179,0.24793419717487583,780.9795677074405,27449.00307867754,28.732470145959773
sj_stdmlp,2022,R,a5_asofn,A5 투수 누적 이력,8000+,16598,0.0764800206428782,0.5208458850463912,0.5084326829231405,-0.0124132021232507,0.5393846889806706,0.2487507012563736,326.46659354230724,7610.198179524325,4.7141055996701535
sj_stdmlp,2022,R,a6_psucc,A6 투수 수준 5분위,Q1 최저,33663,0.15511187702742554,0.4546831833169949,0.4431486162057202,-0.011534567111274707,0.5383487348191499,0.24697318824371356,392.50335413717477,15324.224924529668,8.255270532743843
sj_stdmlp,2022,R,a6_psucc,A6 투수 수준 5분위,Q2,40640,0.18726039516366855,0.4750246062992126,0.46443654994779965,-0.010588056351412967,0.5263493388452376,0.24882511818842754,220.99601141020165,18639.051608267167,8.397733336592204
sj_stdmlp,2022,R,a6_psucc,A6 투수 수준 5분위,Q3,44222,0.20376548215865525,0.5005201031160961,0.48290777257869943,-0.017612330537396637,0.5296432434828565,0.24959441099282698,162.1275753953988,20344.598758545704,25.284124936137466
sj_stdmlp,2022,R,a6_psucc,A6 투수 수준 5분위,Q4,52849,0.24351684606310822,0.5223561467577438,0.5037991813865065,-0.0185569653712373,0.5293414518164468,0.24916336759033852,135.00394314701626,24271.513504528906,33.544906154851176
sj_stdmlp,2022,R,a6_psucc,A6 투수 수준 5분위,Q5 최고,45604,0.21013344146269536,0.5468599245680204,0.5356978868693526,-0.011162037698667748,0.5401737898347603,0.24663815237183376,470.53090497175543,20731.89916372352,10.472872093136598
sj_stdmlp,2022,R,a7_inning,A7 이닝,1-3회,72677,0.3348800132704217,0.5103265132022511,0.496764099616189,-0.013562413586062083,0.5465016440818549,0.24841461732054115,591.7507316120285,33277.4493956365,24.64034887683507
sj_stdmlp,2022,R,a7_inning,A7 이닝,4-6회,72335,0.3333041506930109,0.506034423169973,0.4914738299555007,-0.01456059321447234,0.5482512642175473,0.24838034304842563,633.3893330550344,33116.284191382234,28.267182072289405
sj_stdmlp,2022,R,a7_inning,A7 이닝,7-8회,49396,0.2276061633736361,0.4980970119037979,0.47903852736086705,-0.019058484542930854,0.5529554831329158,0.24813632176212705,744.0335273354748,22592.17350277753,33.07077731790431
sj_stdmlp,2022,R,a7_inning,A7 이닝,9회+,22616,0.10420967266293128,0.48708878669968164,0.48240257182931023,-0.004686214870371408,0.545333245686525,0.24818875523769918,658.2570576681102,10346.031322531668,0.9154530661628941
sj_stdmlp,2022,R,a8_hand,A8 손 매치업,1v1,26793,0.12345639191978768,0.4681073414697869,0.45804875997448197,-0.010058581495304919,0.5468705802492818,0.24739685221553132,636.9940995013645,12217.754832989196,4.996555485508055
sj_stdmlp,2022,R,a8_hand,A8 손 매치업,1v2,27640,0.12735918608080213,0.5096237337192475,0.4948655472874734,-0.014758186431774123,0.5407414153630481,0.24886585180958545,416.76717353833493,12678.831789822336,11.096344096412265
sj_stdmlp,2022,R,a8_hand,A8 손 매치업,2v1,83214,0.38343224712474194,0.5109957459081405,0.4945829872613875,-0.016412758646752956,0.5466360881772383,0.24849205517907746,555.0838099414368,38114.02364216589,41.31763524614188
sj_stdmlp,2022,R,a8_hand,A8 손 매치업,2v2,79377,0.3657521748746682,0.5059778021341195,0.49283639800767,-0.013141404126449485,0.5485475885795983,0.2482510804204145,685.3721491703046,36321.3281473505,25.267025317594097
sj_stdmlp,2022,R,a9_batn,A9 타자 누적 이력,0-99,3441,0.015855389265703332,0.5117698343504795,0.4943447641504575,-0.017425070200021986,0.5584364268137693,0.24746074073622767,960.8245134924088,1569.5200706496364,1.9257931515774
sj_stdmlp,2022,R,a9_batn,A9 타자 누적 이력,100-499,14808,0.0682320849306989,0.5103322528363047,0.4908331561966951,-0.01949909663960958,0.5399533946091897,0.24898861661333846,362.00575954441484,6795.975280673799,10.377704056464415
sj_stdmlp,2022,R,a9_batn,A9 타자 누적 이력,500-1499,34054,0.1569135210852256,0.50601985082516,0.4884796008914909,-0.017540249933669094,0.5501135096389118,0.24833065372060303,653.337774371332,15587.424251925793,19.31148090478405
sj_stdmlp,2022,R,a9_batn,A9 타자 누적 이력,1500-3999,50087,0.23079014302565615,0.5043224788867371,0.4889412109091693,-0.01538126797756778,0.5470285220917984,0.24852558566755506,582.3357245195559,22944.152390514682,21.841637244620586
sj_stdmlp,2022,R,a9_batn,A9 타자 누적 이력,4000+,114634,0.528208861692716,0.5016225552628365,0.48967241088749586,-0.011950144375340643,0.5501300189771814,0.2481594549681137,735.1726804362024,52434.866418564015,30.174191605968606
sj_stdmlp,2022,R,a10_base,A10 주자 상황,___,116959,0.538921962547921,0.5010815755948665,0.48987467881529695,-0.011206896779569597,0.547916293041285,0.2483104606566682,675.3509751436181,53530.90116100274,27.075736739300734
sj_stdmlp,2022,R,a10_base,A10 주자 상황,1__,43047,0.19835133441462696,0.5085604107138709,0.4893887118998482,-0.019171698814022697,0.5526446408904581,0.2482085401745813,687.4731914100929,19694.071174564764,29.163522451249683
sj_stdmlp,2022,R,a10_base,A10 주자 상황,_2_,16187,0.07458622087879682,0.5078149132019522,0.4893133705410496,-0.018501542660902537,0.5457637603044432,0.24860449021962397,533.9051932951255,7417.391934474382,10.213113118924673
sj_stdmlp,2022,R,a10_base,A10 주자 상황,__3,5285,0.02435214538484223,0.5086092715231788,0.49254352927394024,-0.016065742249238568,0.5465303372022664,0.2483275704325245,639.5136063849227,2419.0554514072887,2.5143311410018363
sj_stdmlp,2022,R,a10_base,A10 주자 상황,12_,17551,0.08087124004718373,0.5017377927183636,0.48743288462957357,-0.014304908088790036,0.5466959673396965,0.24849065286910565,602.5381614216285,8038.736918463451,6.619846241215407
sj_stdmlp,2022,R,a10_base,A10 주자 상황,1_3,6960,0.032070185785903864,0.5100574712643678,0.49133703447174676,-0.018720436792621087,0.5466619305274462,0.24856025407054333,535.654011948028,3188.7231614132324,4.495904602085731
sj_stdmlp,2022,R,a10_base,A10 주자 상황,_23,4595,0.021172773518136245,0.5133841131664854,0.4865265173921891,-0.02685759577429625,0.5461927486632476,0.24877264353834136,419.5894423172142,2106.997544021341,6.109359399790819
sj_stdmlp,2022,R,a10_base,A10 주자 상황,123,6440,0.029674137422589206,0.4956521739130435,0.48616171309006756,-0.009490460822975944,0.5615661305356988,0.24734510744967844,1054.4753169389853,2936.061066980724,1.0691443896830246
sj_stdmlp,2022,R,a11_typemo,A11 game_type x 월블록,R|early,75061,0.34586497345915657,0.5135822864070556,0.4912728796604118,-0.022309406746643834,0.5540651888894703,0.2480449924633694,708.7345982287108,34317.89984488712,68.8598832152119
sj_stdmlp,2022,R,a11_typemo,A11 game_type x 월블록,R|mid,64405,0.2967644131524624,0.5053179101001475,0.49236961505781485,-0.012948295042332636,0.5474642672075952,0.24831663181021987,662.1101071185742,29478.22204733829,19.903096588127486
sj_stdmlp,2022,R,a11_typemo,A11 game_type x 월블록,R|late,77558,0.357370613388381,0.4927667036282524,0.4853166525910575,-0.007450051037194927,0.5435047760548927,0.24857863849764678,547.7310007873881,35535.81652010252,7.934526038846677
sj_stdmlp,2022,R,a12_role,A12 투수 역할(전시즌),불펜(<30구/경기),65155,0.3002202521380124,0.49343872304504643,0.47817775065224266,-0.015260972392803773,0.5506796976658657,0.24809545877737982,744.7245895689014,29794.935974103548,27.96971589842968
sj_stdmlp,2022,R,a12_role,A12 투수 역할(전시즌),스윙(30-70),33492,0.15432394573872013,0.49659620207810823,0.4854133174456594,-0.01118288463244882,0.5454988261705344,0.24856858594619577,567.9576064689385,15344.8701158596,7.720130900002807
sj_stdmlp,2022,R,a12_role,A12 투수 역할(전시즌),선발(>=70),71091,0.327572065762312,0.5117244095595785,0.49519593062728734,-0.016528478932291202,0.5487469237983988,0.24827120569906308,636.8831969568722,32532.457351812463,35.797796336865844
sj_stdmlp,2022,R,a12_role,A12 투수 역할(전시즌),전시즌없음,47286,0.21788373636095548,0.5107642854121728,0.49929322725086916,-0.011471058161303616,0.5447089705746204,0.2485097685177093,549.999570192139,21659.674970552318,11.468732781844976
sj_stdmlp,2022,R,a13_tens,A13 이닝 x 점수차,초반|0-1점,52862,0.24357674727219109,0.5104612008626235,0.49852672512743007,-0.011934475735193406,0.5485264406999781,0.24825355409759728,655.0904353691656,24188.835309786547,13.87797735497355
sj_stdmlp,2022,R,a13_tens,A13 이닝 x 점수차,초반|2-3점,14390,0.06630603066941905,0.5070187630298819,0.49292004488708946,-0.014098718142792455,0.5418447846648267,0.2487427219097058,483.3012578759233,6597.616517167227,5.272249364508259
sj_stdmlp,2022,R,a13_tens,A13 이닝 x 점수차,초반|4점+,5425,0.02499723532881156,0.5177880184331797,0.4897853047362845,-0.028002713696895165,0.5402364124488456,0.24911373235338594,228.23047964455333,2490.9975686827315,7.841079828200815
sj_stdmlp,2022,R,a13_tens,A13 이닝 x 점수차,중반|0-1점,30302,0.13962511058684754,0.5065672232855917,0.4961318599986092,-0.010435363286982469,0.5509842658287192,0.2480546888418676,761.0043782507403,13854.620270000945,6.082222898880925
sj_stdmlp,2022,R,a13_tens,A13 이닝 x 점수차,중반|2-3점,24508,0.11292760247714538,0.5126489309613188,0.49028405377579537,-0.022364877185523435,0.5495265179987773,0.24849721391302623,537.460217771013,11225.489502404023,22.595231717221775
sj_stdmlp,2022,R,a13_tens,A13 이닝 x 점수차,중반|4점+,17525,0.08075143762901799,0.49586305278174037,0.4850836107398626,-0.010779442041877751,0.5407119137909364,0.2487799837113351,481.19372378843116,8036.174418977261,3.7534141137161083
sj_stdmlp,2022,R,a13_tens,A13 이닝 x 점수차,후반|0-1점,24933,0.11488591123562371,0.5043115549673124,0.48594791771057244,-0.01836363725673995,0.5459143059269238,0.24857059675337642,564.3674614047467,11423.526263223854,15.497721078207531
sj_stdmlp,2022,R,a13_tens,A13 이닝 x 점수차,후반|2-3점,21189,0.09763436301975818,0.4940771154844495,0.4815364059412092,-0.01254070954324027,0.5583929383553149,0.2474121821875556,1021.2382030201917,9662.898846977523,6.142293602388879
sj_stdmlp,2022,R,a13_tens,A13 이닝 x 점수차,후반|4점+,25890,0.11929556178118549,0.4857860177674778,0.47327884605033144,-0.012507171717146381,0.5460159752288855,0.24835655546519042,577.0292232454177,11851.779715107816,7.464937363488384
sj_grid_w060,2022,R,a1_count,A1 볼카운트,0-0,56002,0.2580451931583604,0.5062140637834363,0.502945910151218,-0.003268153632218218,0.5485712954554184,0.24806029665497495,760.5529762896524,25605.702097317768,1.102514621655945
sj_grid_w060,2022,R,a1_count,A1 볼카운트,0-1,27455,0.1265067457976998,0.5179384447277363,0.5119450259214927,-0.0059934188062436,0.5481114888972841,0.2480023910740331,671.1923767579009,12550.274030848037,1.8178020676167668
sj_grid_w060,2022,R,a1_count,A1 볼카운트,0-2,13808,0.06362429961663227,0.49985515643105444,0.5059873743934519,0.006132217962397435,0.5323082586939926,0.24932682812166565,269.26038206591676,6345.64369425435,0.9570658868994838
sj_grid_w060,2022,R,a1_count,A1 볼카운트,1-0,22089,0.10178136980241817,0.500928063742134,0.5018138982004703,0.0008858344583362321,0.5528161372599044,0.24788742273630482,844.689294685641,10092.678517950255,0.03194898664261543
sj_grid_w060,2022,R,a1_count,A1 볼카운트,1-1,22133,0.1019841123562371,0.5111372159219265,0.5048708709691528,-0.0062663449527736725,0.5498628832777563,0.24803724537128408,735.8519132475205,10118.894689479142,1.6019345693393343
sj_grid_w060,2022,R,a1_count,A1 볼카운트,1-2,21152,0.09746387496313771,0.5096444780635401,0.5066424738139272,-0.003002004249612833,0.5369073078868682,0.2489504369258911,382.76125841550936,9705.998573583367,0.35135807229269955
sj_grid_w060,2022,R,a1_count,A1 볼카운트,2-0,7519,0.03464593777646712,0.4935496741587977,0.4942044215926372,0.0006547474338395309,0.5603547198992774,0.2472007133671192,1103.2555830807755,3425.986892328945,0.0059413287982607015
sj_grid_w060,2022,R,a1_count,A1 볼카운트,2-1,11379,0.052431989088764376,0.4974075050531681,0.49768787600950765,0.00028037095633953735,0.5607625255100938,0.24733808832355952,1062.1048123098942,5187.653849785782,0.001648716696160387
sj_grid_w060,2022,R,a1_count,A1 볼카운트,2-2,17854,0.08226739899734592,0.5015682760165789,0.4995936167439394,-0.0019746592726395673,0.5481085742355006,0.24822018746183008,710.9482136814282,8168.616780881813,0.12832041657686252
sj_grid_w060,2022,R,a1_count,A1 볼카운트,3-0,2406,0.011086331465644353,0.47339983374896094,0.47790828310703454,0.004508449358073596,0.522764329612442,0.24963881613238234,-138.94724976599716,1107.0917893498045,0.09014173378409615
sj_grid_w060,2022,R,a1_count,A1 볼카운트,3-1,4847,0.02233393541728104,0.4730761295646792,0.4786828419035217,0.005606712338842523,0.549900944654341,0.24728103507621327,799.9475611343621,2209.223845504811,0.28084420130493176
sj_grid_w060,2022,R,a1_count,A1 볼카운트,3-2,10380,0.04782881156001179,0.4745664739884393,0.4797883584803213,0.0052218844918819896,0.5439232954287444,0.24782498557343446,612.8457845778202,4741.5281754621565,0.521708326352475
sj_grid_w060,2022,R,a1b_phase,A1b 카운트 국면,초구 0-0,56002,0.2580451931583604,0.5062140637834363,0.502945910151218,-0.003268153632218218,0.5485712954554184,0.24806029665497495,760.5529762896524,25605.702097317768,1.102514621655945
sj_grid_w060,2022,R,a1b_phase,A1b 카운트 국면,투수우위 0-1,27455,0.1265067457976998,0.5179384447277363,0.5119450259214927,-0.0059934188062436,0.5481114888972841,0.2480023910740331,671.1923767579009,12550.274030848037,1.8178020676167668
sj_grid_w060,2022,R,a1b_phase,A1b 카운트 국면,평행 1-1,22133,0.1019841123562371,0.5111372159219265,0.5048708709691528,-0.0062663449527736725,0.5498628832777563,0.24803724537128408,735.8519132475205,10118.894689479142,1.6019345693393343
sj_grid_w060,2022,R,a1b_phase,A1b 카운트 국면,타자우위 1-0/2-0/2-1,40987,0.18885929666764967,0.49859711615878205,0.4992724664995588,0.0006753503407767592,0.5565188381864712,0.24760893824050043,955.6449937259792,18706.31926006498,0.03445722279312679
sj_grid_w060,2022,R,a1b_phase,A1b 카운트 국면,2스트라이크,52814,0.2433555735771159,0.5043549058961639,0.5040883043337613,-0.0002666015624026574,0.539483072595613,0.24880197885984628,471.6581542907439,24220.259048719527,0.0069191115779182995
sj_grid_w060,2022,R,a1b_phase,A1b 카운트 국면,3볼,7253,0.03342026688292539,0.47318351027161176,0.47842590153893494,0.0052423912673231765,0.5408482078856326,0.24806316953383664,488.4876709930208,3316.3156348546145,0.3674112355205737
sj_grid_w060,2022,R,a1b_phase,A1b 카운트 국면,풀카운트,10380,0.04782881156001179,0.4745664739884393,0.4797883584803213,0.0052218844918819896,0.5439232954287444,0.24782498557343446,612.8457845778202,4741.5281754621565,0.521708326352475
sj_grid_w060,2022,R,a2_li,A2 경기 중요도 li,li<0.10,20377,0.09389284134473606,0.48044363743436225,0.4848542263007538,0.004410588866391563,0.5388894661703268,0.24853767754663983,432.6102640852425,9334.87213904933,0.7306498368802333
sj_grid_w060,2022,R,a2_li,A2 경기 중요도 li,0.10-0.35,24902,0.11474306989088764,0.4981126013974781,0.4944224619402402,-0.0036901394572378954,0.5517189973872118,0.24795772388166248,815.4971580366821,11381.19232726436,0.6250225405446931
sj_grid_w060,2022,R,a2_li,A2 경기 중요도 li,0.35-0.70,48047,0.2213902609849602,0.5062334797177763,0.5040927762638655,-0.0021407034539108194,0.5443628785328306,0.24843509361669636,610.5149348958006,22001.642934788477,0.40584031656145864
sj_grid_w060,2022,R,a2_li,A2 경기 중요도 li,0.70-1.20,58855,0.2711912046593925,0.508792795854218,0.506282899634458,-0.002509896219759944,0.5490404984949059,0.24804026147504046,753.2030367358722,26908.001117674146,0.6833934083071064
sj_grid_w060,2022,R,a2_li,A2 경기 중요도 li,1.20-2.00,41808,0.19264228841049838,0.5088260619977037,0.5059685908490025,-0.002857471148701274,0.5515333260057254,0.24791986106282382,801.1454616237535,19104.980763896903,0.6292148924926466
sj_grid_w060,2022,R,a2_li,A2 경기 중요도 li,li>=2.00,23035,0.10614033470952522,0.5026264380290861,0.502262548582343,-0.0003638894467431486,0.5503342366033778,0.24797429716353828,807.5441462253585,10528.60365407301,0.00562215779288907
sj_grid_w060,2022,R,a3_load,A3 전시즌 경기당 대비 등판 투구수,<0.25,43866,0.20212511058684754,0.502302466602836,0.49989220919962174,-0.002410257403214211,0.5472415348936234,0.24819653809701525,719.279472827028,20067.794559768045,0.46971105071610986
sj_grid_w060,2022,R,a3_load,A3 전시즌 경기당 대비 등판 투구수,0.25-0.50,40366,0.18599786198761428,0.5003715998612693,0.4991502428768681,-0.001221356984401234,0.5484361001707845,0.24819125820708968,723.4418821714717,18466.223563794832,0.1109882104464362
sj_grid_w060,2022,R,a3_load,A3 전시즌 경기당 대비 등판 투구수,0.50-0.75,34107,0.15715773370687114,0.5031225261676489,0.49949389267057415,-0.003628633497074707,0.5467328726622407,0.24814678387993708,737.4151398490292,15600.124508960727,0.8277622650211561
sj_grid_w060,2022,R,a3_load,A3 전시즌 경기당 대비 등판 투구수,0.75-1.00,25764,0.1187149808316131,0.5062102158049993,0.5005223895316085,-0.005687826273390706,0.5531189054331885,0.24783685441189393,849.9626443949859,11769.420273263479,1.5363205120208276
sj_grid_w060,2022,R,a3_load,A3 전시즌 경기당 대비 등판 투구수,1.00-1.25,11734,0.054067752875258036,0.49846599625021304,0.49686053419713655,-0.0016054620530764896,0.5521403349344223,0.24780570812612254,876.7837354252239,5359.611155511538,0.05574707257254866
sj_grid_w060,2022,R,a3_load,A3 전시즌 경기당 대비 등판 투구수,1.25-1.50,5170,0.023822250073724564,0.49148936170212765,0.4937108797516691,0.00222151804954146,0.5490257232883188,0.24820212378103956,690.3781209012361,2365.2221033991336,0.047029041553676036
sj_grid_w060,2022,R,a3_load,A3 전시즌 경기당 대비 등판 투구수,>=1.50,8731,0.040230573577115895,0.4967357690986141,0.49322267664510955,-0.0035130924535045627,0.5575747117377344,0.24750122597980212,995.2899467953524,3983.063546361287,0.1986181988172477
sj_grid_w060,2022,R,a3_load,A3 전시즌 경기당 대비 등판 투구수,전시즌없음,47286,0.21788373636095548,0.5107642854121728,0.5125178638119523,0.0017535783997795207,0.5448844275655066,0.24837390363149658,604.3707245851682,21647.83322568719,0.26801484208055726
sj_grid_w060,2022,R,a3b_gp,A3b 등판 내 투구수,1-10,63628,0.2931841639634326,0.4962280756899478,0.49506591354296486,-0.001162162146982948,0.5473751969368819,0.24820133188741741,713.8169029042851,29109.066119917257,0.1584008897042655
sj_grid_w060,2022,R,a3b_gp,A3b 등판 내 투구수,11-20,41971,0.19339335741669125,0.5020132948940935,0.49829600461264073,-0.0037172902814527897,0.5503674917214876,0.24798466524253826,804.5256045682736,19184.480144366626,1.0690011240977857
sj_grid_w060,2022,R,a3b_gp,A3b 등판 내 투구수,21-35,31720,0.14615895016219405,0.5058638083228247,0.5042923860763809,-0.0015714222464437988,0.546083812710144,0.24834609396891089,647.8978231347465,14519.992929645068,0.1443759534775749
sj_grid_w060,2022,R,a3b_gp,A3b 등판 내 투구수,36-60,36939,0.17020698171630788,0.5075123852838463,0.5079113955881718,0.00039901030432543116,0.547824847812648,0.24818054332742387,705.3675282665539,16897.745222824797,0.010839999182034085
sj_grid_w060,2022,R,a3b_gp,A3b 등판 내 투구수,61-80,25270,0.11643873488646417,0.5110407597942224,0.5081363893613765,-0.0029043704328458597,0.550171686986947,0.2480023294166785,750.6749068057927,11551.460422950755,0.3929028220939775
sj_grid_w060,2022,R,a3b_gp,A3b 등판 내 투구수,81+,17496,0.08061781185491006,0.5122313671696388,0.5098322705113446,-0.0023990966582941864,0.5498583203711925,0.2479635761778918,755.1789099274897,7996.548097041713,0.1856137539225554
sj_grid_w060,2022,R,a4_prevp,A4 전시즌 투구수,없음,47286,0.21788373636095548,0.5107642854121728,0.5125178638119523,0.0017535783997795207,0.5448844275655066,0.24837390363149658,604.3707245851682,21647.83322568719,0.26801484208055726
sj_grid_w060,2022,R,a4_prevp,A4 전시즌 투구수,1-200,12427,0.057260948097906224,0.4765430111853223,0.481907356505426,0.005364345320103714,0.5269018895656343,0.2489703960339652,192.17241306977994,5702.823111685974,0.6591369299667262
sj_grid_w060,2022,R,a4_prevp,A4 전시즌 투구수,201-600,23871,0.10999244323208493,0.4879979891919065,0.48991366956678656,0.0019156803748800466,0.5471376994623979,0.24811284112493195,697.6462235601776,10916.809883989601,0.1614702826850297
sj_grid_w060,2022,R,a4_prevp,A4 전시즌 투구수,601-1200,50346,0.2319835594219994,0.5050252254399555,0.500309301268214,-0.004715924171741492,0.5486771086812339,0.24809430692944953,752.2520580873104,23022.77464740042,2.0638327070058318
sj_grid_w060,2022,R,a4_prevp,A4 전시즌 투구수,1201-2000,31403,0.14469828221763492,0.4911951087475719,0.49018438141855925,-0.0010107273290126395,0.5489365056855933,0.24797030130628864,781.1112595673353,14353.132745039373,0.05913097624038092
sj_grid_w060,2022,R,a4_prevp,A4 전시즌 투구수,2001-2600,25524,0.1176091123562371,0.49533772136028836,0.49238252716667164,-0.002955194193616728,0.5381701650792137,0.248940418431377,415.1739888892725,11711.702816463894,0.4108626642842412
sj_grid_w060,2022,R,a4_prevp,A4 전시즌 투구수,2601+,26167,0.12057191831318195,0.5386937746015974,0.529859960256787,-0.008833814344810342,0.5492064791922103,0.2468146817098025,679.3123268364676,11904.21650647978,3.763798478204837
sj_grid_w060,2022,R,a5_asofn,A5 투수 누적 이력,0-99,4387,0.02021435417281038,0.48301800775017095,0.49095333967479077,0.007935331924619815,0.5549098897769654,0.24752984363620387,873.7151973348789,2001.5714348322724,0.5091827963471894
sj_grid_w060,2022,R,a5_asofn,A5 투수 누적 이력,100-499,16944,0.07807431436154527,0.4968130311614731,0.4924558493563655,-0.0043571818051075795,0.5495024457214908,0.24814298379379118,738.7737885553469,7749.859612071819,0.5929296908679577
sj_grid_w060,2022,R,a5_asofn,A5 투수 누적 이력,500-1499,42035,0.19368825567679152,0.49839419531342927,0.4971736774718939,-0.0012205178415353735,0.5395847040306794,0.24883895656983185,463.3907082039368,19279.923922344482,0.11541844234847322
sj_grid_w060,2022,R,a5_asofn,A5 투수 누적 이력,1500-3999,76996,0.35478103804187555,0.5001168891890487,0.4985523827766613,-0.001564506412387423,0.5499793615585028,0.24803392536207844,786.4244329155446,35201.01147464539,0.34737515324860924
sj_grid_w060,2022,R,a5_asofn,A5 투수 누적 이력,4000-7999,60064,0.2767620171040991,0.5106885988279168,0.5072794683926718,-0.0034091304352450447,0.5526291832561689,0.24768411703139723,881.0573591063187,27421.316496082323,1.2867002319711816
sj_grid_w060,2022,R,a5_asofn,A5 투수 누적 이력,8000+,16598,0.0764800206428782,0.5208458850463912,0.5229610826318706,0.0021151975854794003,0.5398342430663898,0.2486007296458162,386.55969181062846,7605.609996769945,0.13687796407498937
sj_grid_w060,2022,R,a6_psucc,A6 투수 수준 5분위,Q1 최저,33663,0.15511187702742554,0.4546831833169949,0.454148631132408,-0.0005345521845869228,0.5374898225711563,0.24689396024661436,424.45703506682753,15319.308975326834,0.017730007817686903
sj_grid_w060,2022,R,a6_psucc,A6 투수 수준 5분위,Q2,40640,0.18726039516366855,0.4750246062992126,0.4760755170652611,0.001050910766048463,0.5259857891589788,0.24873946392098195,255.34341795547812,18632.635397866026,0.08272966660793889
sj_grid_w060,2022,R,a6_psucc,A6 투수 수준 5분위,Q3,44222,0.20376548215865525,0.5005201031160961,0.4954682520545146,-0.005051851061581458,0.5298747355550976,0.24931771457198995,272.80626348775706,20322.045057773867,2.080249130763159
sj_grid_w060,2022,R,a6_psucc,A6 투수 수준 5분위,Q4,52849,0.24351684606310822,0.5223561467577438,0.5169502993433731,-0.005405847414370668,0.5294313782818083,0.24884755140763368,261.58347265621273,24240.749203911197,2.8466903742533725
sj_grid_w060,2022,R,a6_psucc,A6 투수 수준 5분위,Q5 최고,45604,0.21013344146269536,0.5468599245680204,0.5491074286889359,0.0022475041209155666,0.5397615708581055,0.24654218061980002,509.2597773549534,20723.83197433455,0.4245998368300076
sj_grid_w060,2022,R,a7_inning,A7 이닝,1-3회,72677,0.3348800132704217,0.5103265132022511,0.5095001500244625,-0.0008263631777886138,0.5464720063755946,0.24825218181398317,656.7526606455209,33255.689648131134,0.09147760771792315
sj_grid_w060,2022,R,a7_inning,A7 이닝,4-6회,72335,0.3333041506930109,0.506034423169973,0.5040710587777425,-0.001963364392230549,0.5482362355171796,0.2481840024024687,711.9370324641383,33090.106304074296,0.5139563059377567
sj_grid_w060,2022,R,a7_inning,A7 이닝,7-8회,49396,0.2276061633736361,0.4980970119037979,0.49106363890087057,-0.0070333730029273345,0.5525557805959401,0.24785004028414756,858.5477773182527,22566.10831097,4.50396466471517
sj_grid_w060,2022,R,a7_inning,A7 이닝,9회+,22616,0.10420967266293128,0.48708878669968164,0.4945639857334802,0.007475199033798563,0.5453445067362833,0.24822131644443818,645.2238844824043,10347.388673570795,2.329363195606566
sj_grid_w060,2022,R,a8_hand,A8 손 매치업,1v1,26793,0.12345639191978768,0.4681073414697869,0.46806004221828185,-4.729925150503966e-05,0.5462918161743785,0.24734695774865967,657.0334175515779,12215.290782382644,0.00011048562405777526
sj_grid_w060,2022,R,a8_hand,A8 손 매치업,1v2,27640,0.12735918608080213,0.5096237337192475,0.5073745826568584,-0.0022491510623890987,0.540483903962193,0.2486868672215327,488.3875415993,12669.713160374418,0.25772181554808915
sj_grid_w060,2022,R,a8_hand,A8 손 매치업,2v1,83214,0.38343224712474194,0.5109957459081405,0.5075368975742656,-0.0034588483338748865,0.5463827429905511,0.24825515605587595,649.8893095993385,38077.68775699643,1.8349968767365838
sj_grid_w060,2022,R,a8_hand,A8 손 매치업,2v2,79377,0.3657521748746682,0.5059778021341195,0.5056101827730545,-0.00036761936106499693,0.5485795514608617,0.24808207552646144,752.983770918303,36296.60123699272,0.019772761382473393
sj_grid_w060,2022,R,a9_batn,A9 타자 누적 이력,0-99,3441,0.015855389265703332,0.5117698343504795,0.5059325352742662,-0.0058372990762133314,0.5585168735296504,0.24718684460634638,1070.443707194335,1567.7828840888794,0.21611477316470734
sj_grid_w060,2022,R,a9_batn,A9 타자 누적 이력,100-499,14808,0.0682320849306989,0.5103322528363047,0.5029122540976263,-0.0074199987386783794,0.5396198745644899,0.24870079573838302,477.1832928435638,6788.1194052604405,1.502726555635247
sj_grid_w060,2022,R,a9_batn,A9 타자 누적 이력,500-1499,34054,0.1569135210852256,0.50601985082516,0.5007539826701388,-0.0052658681550211694,0.5499467766819923,0.24806351478610938,760.2088396016283,15570.656253920823,1.7405399125390484
sj_grid_w060,2022,R,a9_batn,A9 타자 누적 이력,1500-3999,50087,0.23079014302565615,0.5043224788867371,0.5013805256517714,-0.0029419532349657107,0.5469064102528531,0.24831142498721892,668.0063992771545,22924.38084356313,0.7990472155607546
sj_grid_w060,2022,R,a9_batn,A9 타자 누적 이력,4000+,114634,0.528208861692716,0.5016225552628365,0.502287279705725,0.0006647244428884536,0.5500503899774235,0.24803397702789035,785.364385081444,52408.35354991295,0.09336253531807237
sj_grid_w060,2022,R,a10_base,A10 주자 상황,___,116959,0.538921962547921,0.5010815755948665,0.5023741750530504,0.0012925994581838296,0.5477839915183907,0.24820454044976165,717.719256156879,53508.06682646898,0.3601948325434584
sj_grid_w060,2022,R,a10_base,A10 주자 상황,1__,43047,0.19835133441462696,0.5085604107138709,0.5019908899728871,-0.006569520740983825,0.5526315191704292,0.2478954310551123,812.7535616963332,19669.227576194255,3.424413173192189
sj_grid_w060,2022,R,a10_base,A10 주자 상황,_2_,16187,0.07458622087879682,0.5078149132019522,0.5017506731261114,-0.006064240075840721,0.5456338295713126,0.24832640441863763,645.1666939255917,7409.0949347882315,1.0972233254684738
sj_grid_w060,2022,R,a10_base,A10 주자 상황,__3,5285,0.02435214538484223,0.5086092715231788,0.50440846178701,-0.004200809736168765,0.5450293493408145,0.24818315507311536,697.2968816314374,2417.648645220456,0.17190436634483863
sj_grid_w060,2022,R,a10_base,A10 주자 상황,12_,17551,0.08087124004718373,0.5017377927183636,0.49970549687020793,-0.002032295848155674,0.5462347128828816,0.24832778814198903,667.6848392202284,8033.468202399199,0.13361389322272427
sj_grid_w060,2022,R,a10_base,A10 주자 상황,1_3,6960,0.032070185785903864,0.5100574712643678,0.5037104388963102,-0.00634703236805767,0.5472481103630581,0.24821594041625902,673.4352214427087,3184.306039583708,0.5168048233970484
sj_grid_w060,2022,R,a10_base,A10 주자 상황,_23,4595,0.021172773518136245,0.5133841131664854,0.49824511250862347,-0.01513900065786189,0.5466349518951134,0.24825895616572305,625.2117275334145,2102.6468323952263,1.9411353739030996
sj_grid_w060,2022,R,a10_base,A10 주자 상황,123,6440,0.029674137422589206,0.4956521739130435,0.49890513650898877,0.0032529625959452635,0.5615818043415188,0.24724172446007694,1095.8316399117484,2934.8338796961775,0.12560875154167772
sj_grid_w060,2022,R,a11_typemo,A11 game_type x 월블록,R|early,75061,0.34586497345915657,0.5135822864070556,0.5031550265983254,-0.01042725980873016,0.5540844418331934,0.2476638960261875,861.2857427291787,34265.173808241234,15.042867420646788
sj_grid_w060,2022,R,a11_typemo,A11 game_type x 월블록,R|mid,64405,0.2967644131524624,0.5053179101001475,0.5049892666385957,-0.0003286434615518141,0.5473519392772787,0.24816182652141788,724.0392281031017,29459.844765703383,0.012821695824470522
sj_grid_w060,2022,R,a11_typemo,A11 game_type x 월블록,R|late,77558,0.357370613388381,0.4927667036282524,0.49822594547507676,0.0054592418468243364,0.5434639967677469,0.24856785086421798,552.0469574122556,35534.274362801596,4.260564674467592
sj_grid_w060,2022,R,a12_role,A12 투수 역할(전시즌),불펜(<30구/경기),65155,0.3002202521380124,0.49343872304504643,0.4897976967387511,-0.003641026306295314,0.5501375308845,0.24792090449385537,814.5583284477565,29773.97293944243,1.5921034192611785
sj_grid_w060,2022,R,a12_role,A12 투수 역할(전시즌),스윙(30-70),33492,0.15432394573872013,0.49659620207810823,0.49761957563743675,0.001023373559328522,0.545489349162985,0.24845928272801607,611.6809200261364,15338.122506623991,0.06465250537784303
sj_grid_w060,2022,R,a12_role,A12 투수 역할(전시즌),선발(>=70),71091,0.327572065762312,0.5117244095595785,0.5080614646303657,-0.003662944929212819,0.5487538806280943,0.2480186560537591,737.9586311146436,32499.36426499262,1.7581312538970195
sj_grid_w060,2022,R,a12_role,A12 투수 역할(전시즌),전시즌없음,47286,0.21788373636095548,0.5107642854121728,0.5125178638119523,0.0017535783997795207,0.5448844275655066,0.24837390363149658,604.3707245851682,21647.83322568719,0.26801484208055726
sj_grid_w060,2022,R,a13_tens,A13 이닝 x 점수차,초반|0-1점,52862,0.24357674727219109,0.5104612008626235,0.5113343451902882,0.000873144327664721,0.5485737189192179,0.2481236062186946,707.0923506071192,24176.173707204227,0.0742833629469488
sj_grid_w060,2022,R,a13_tens,A13 이닝 x 점수차,초반|2-3점,14390,0.06630603066941905,0.5070187630298819,0.5055573037891259,-0.0014614592407560245,0.5415390820912409,0.24859542615919394,542.2311703459081,6593.709665666108,0.05665132889329525
sj_grid_w060,2022,R,a13_tens,A13 이닝 x 점수차,초반|4점+,5425,0.02499723532881156,0.5177880184331797,0.5020860177609829,-0.015702000672196736,0.5402014385826249,0.24859457388597647,436.1570297611861,2485.8062752608034,2.4653899329355493
sj_grid_w060,2022,R,a13_tens,A13 이닝 x 점수차,중반|0-1점,30302,0.13962511058684754,0.5065672232855917,0.5090047475471923,0.0024375242616005988,0.550992265368615,0.2479531229458762,801.6377464594493,13848.947501113114,0.33185248993056277
sj_grid_w060,2022,R,a13_tens,A13 이닝 x 점수차,중반|2-3점,24508,0.11292760247714538,0.5126489309613188,0.5028354109380186,-0.00981352002330016,0.5497139241857311,0.24808496272464425,702.4662940124382,11206.866672334167,4.350442070343527
sj_grid_w060,2022,R,a13_tens,A13 이닝 x 점수차,중반|4점+,17525,0.08075143762901799,0.49586305278174037,0.49726835522077156,0.0014053024390311974,0.5403981705256125,0.24872171274299865,504.5037068621916,8034.292130627014,0.06379307240925189
sj_grid_w060,2022,R,a13_tens,A13 이닝 x 점수차,후반|0-1점,24933,0.11488591123562371,0.5043115549673124,0.4985134967166513,-0.005798058250661098,0.5458125730452,0.24829087682113743,676.2637546877115,11410.671211041437,1.544954088443617
sj_grid_w060,2022,R,a13_tens,A13 이닝 x 점수차,후반|2-3점,21189,0.09763436301975818,0.4940771154844495,0.49348994766768395,-0.0005871678167655436,0.5578086885517013,0.2472904135791995,1069.9524820595773,9658.143067634412,0.013465138982602511
sj_grid_w060,2022,R,a13_tens,A13 이닝 x 점수차,후반|4점+,25890,0.11929556178118549,0.4857860177674778,0.4849611082938962,-0.0008249094735816032,0.5457660373430697,0.24820783613256425,636.5650701407599,11844.682705864947,0.03247285889831123
sj_e2var,2022,R,a1_count,A1 볼카운트,0-0,56002,0.2580451931583604,0.5062140637834363,0.5051867864297163,-0.0010272773537199908,0.5485271208688137,0.24806562842777885,758.4199377024592,25606.252462643894,0.10893184469318627
sj_e2var,2022,R,a1_count,A1 볼카운트,0-1,27455,0.1265067457976998,0.5179384447277363,0.5136801507845301,-0.004258293943206204,0.5482152871095213,0.2479926607223203,675.0895336732121,12549.781621964867,0.9176321354560922
sj_e2var,2022,R,a1_count,A1 볼카운트,0-2,13808,0.06362429961663227,0.49985515643105444,0.5078059160026429,0.007950759571588473,0.5324897642330847,0.24931136192813325,275.44685999802977,6345.2500625132225,1.6088809607964982
sj_e2var,2022,R,a1_count,A1 볼카운트,1-0,22089,0.10178136980241817,0.500928063742134,0.5042632780018724,0.0033352142597383727,0.5528473553490818,0.24791260805387996,834.6151329479911,10093.703932272821,0.45289698091958763
sj_e2var,2022,R,a1_count,A1 볼카운트,1-1,22133,0.1019841123562371,0.5111372159219265,0.5070480435767235,-0.004089172345203007,0.5499681063105554,0.24801698727153063,743.9591755696417,10118.068242718264,0.6821611884465897
sj_e2var,2022,R,a1_count,A1 볼카운트,1-2,21152,0.09746387496313771,0.5096444780635401,0.508726977655471,-0.0009175004080690385,0.5371193145596072,0.2488977080234354,403.8606697255531,9703.942796303594,0.03282009716690742
sj_e2var,2022,R,a1_count,A1 볼카운트,2-0,7519,0.03464593777646712,0.4935496741587977,0.4970238243007515,0.0034741501419537912,0.5602514045230056,0.2472640371194981,1077.9218659193957,3426.8645044631016,0.167275810981007
sj_e2var,2022,R,a1_count,A1 볼카운트,2-1,11379,0.052431989088764376,0.4974075050531681,0.5003066047928432,0.0028990997396750595,0.5604187764175828,0.2474110836329139,1032.9059035811715,5189.18484891396,0.17628132404030278
sj_e2var,2022,R,a1_count,A1 볼카운트,2-2,17854,0.08226739899734592,0.5015682760165789,0.502127894222373,0.0005596182057940879,0.5479107214036496,0.24823427985061117,705.311202712311,8169.080543820102,0.010306117568971094
sj_e2var,2022,R,a1_count,A1 볼카운트,3-0,2406,0.011086331465644353,0.47339983374896094,0.4817674399226828,0.008367606173721842,0.5221060305048877,0.2495838884722618,-116.91382505831794,1106.848197578021,0.3105088472154346
sj_e2var,2022,R,a1_count,A1 볼카운트,3-1,4847,0.02233393541728104,0.4730761295646792,0.48227372202146374,0.009197592456784531,0.5498293980419793,0.24735660037810114,769.6335424813516,2209.8989505195245,0.7557832046301775
sj_e2var,2022,R,a1_count,A1 볼카운트,3-2,10380,0.04782881156001179,0.4745664739884393,0.48344179103373675,0.008875317045297426,0.5436551724599987,0.24788474878016017,588.8784875374809,4742.671599027339,1.5070962801178498
sj_e2var,2022,R,a1b_phase,A1b 카운트 국면,초구 0-0,56002,0.2580451931583604,0.5062140637834363,0.5051867864297163,-0.0010272773537199908,0.5485271208688137,0.24806562842777885,758.4199377024592,25606.252462643894,0.10893184469318627
sj_e2var,2022,R,a1b_phase,A1b 카운트 국면,투수우위 0-1,27455,0.1265067457976998,0.5179384447277363,0.5136801507845301,-0.004258293943206204,0.5482152871095213,0.2479926607223203,675.0895336732121,12549.781621964867,0.9176321354560922
sj_e2var,2022,R,a1b_phase,A1b 카운트 국면,평행 1-1,22133,0.1019841123562371,0.5111372159219265,0.5070480435767235,-0.004089172345203007,0.5499681063105554,0.24801698727153063,743.9591755696417,10118.068242718264,0.6821611884465897
sj_e2var,2022,R,a1b_phase,A1b 카운트 국면,타자우위 1-0/2-0/2-1,40987,0.18885929666764967,0.49859711615878205,0.5018367418605527,0.0032396257017706653,0.5564218598134223,0.24765439322376825,937.4628572830223,18709.753285649884,0.792887727684551
sj_e2var,2022,R,a1b_phase,A1b 카운트 국면,2스트라이크,52814,0.2433555735771159,0.5043549058961639,0.5062553213727281,0.0019004154765641657,0.5395752454668469,0.2487815813622937,479.81777230711174,24218.273402636914,0.3515783072051887
sj_e2var,2022,R,a1b_phase,A1b 카운트 국면,3볼,7253,0.03342026688292539,0.47318351027161176,0.48210577569171514,0.008922265420103381,0.5405977822230112,0.2480954470835403,475.53940547129247,3316.7471480975446,1.064250461103198
sj_e2var,2022,R,a1b_phase,A1b 카운트 국면,풀카운트,10380,0.04782881156001179,0.4745664739884393,0.48344179103373675,0.008875317045297426,0.5436551724599987,0.24788474878016017,588.8784875374809,4742.671599027339,1.5070962801178498
sj_e2var,2022,R,a2_li,A2 경기 중요도 li,li<0.10,20377,0.09389284134473606,0.48044363743436225,0.4883487267299404,0.00790508929557815,0.5389051685470444,0.24855307423038578,426.4421545804531,9335.450425913328,2.34708975689114
sj_e2var,2022,R,a2_li,A2 경기 중요도 li,0.10-0.35,24902,0.11474306989088764,0.4981126013974781,0.4971860100690607,-0.000926591328417381,0.5517344464891873,0.247969693659711,810.7091785929166,11381.741736832864,0.03940819870528325
sj_e2var,2022,R,a2_li,A2 경기 중요도 li,0.35-0.70,48047,0.2213902609849602,0.5062334797177763,0.5062569624089149,2.34826911386099e-05,0.544343819157605,0.24841621641378667,618.066989838395,21999.971152143033,4.8835754347343524e-05
sj_e2var,2022,R,a2_li,A2 경기 중요도 li,0.70-1.20,58855,0.2711912046593925,0.508792795854218,0.5083065753132429,-0.00048622054097513523,0.5490001200748588,0.24804692764862193,750.5357424344216,26908.72428013622,0.02564636748427706
sj_e2var,2022,R,a2_li,A2 경기 중요도 li,1.20-2.00,41808,0.19264228841049838,0.5088260619977037,0.5081032107289287,-0.0007228512687750266,0.5516347381772531,0.24792611883452814,798.641572736547,19105.462994757807,0.04026550777399189
sj_e2var,2022,R,a2_li,A2 경기 중요도 li,li>=2.00,23035,0.10614033470952522,0.5026264380290861,0.5045688969462542,0.001942458917168044,0.5501298779563948,0.2480118284200917,792.5312293569742,10530.19717295545,0.16020194837571095
sj_e2var,2022,R,a3_load,A3 전시즌 경기당 대비 등판 투구수,<0.25,43866,0.20212511058684754,0.502302466602836,0.5022866876515344,-1.5778951301559374e-05,0.5472036019535816,0.2481956216944918,719.6460416096451,20067.720464546106,2.013076126277977e-05
sj_e2var,2022,R,a3_load,A3 전시즌 경기당 대비 등판 투구수,0.25-0.50,40366,0.18599786198761428,0.5003715998612693,0.5016437789277398,0.0012721790664704802,0.5485337058696061,0.24819138437262198,723.3914159306743,18466.232950914033,0.120417081859903
sj_e2var,2022,R,a3_load,A3 전시즌 경기당 대비 등판 투구수,0.50-0.75,34107,0.15715773370687114,0.5031225261676489,0.50197578190557,-0.001146744262078836,0.546725907645982,0.2481462727028215,737.6196186700712,15600.092373034868,0.08267088088768396
sj_e2var,2022,R,a3_load,A3 전시즌 경기당 대비 등판 투구수,0.75-1.00,25764,0.1187149808316131,0.5062102158049993,0.502955469293063,-0.003254746511936246,0.5529627853185726,0.2478526259701211,843.6530477408111,11770.169242167156,0.5030643287482545
sj_e2var,2022,R,a3_load,A3 전시즌 경기당 대비 등판 투구수,1.00-1.25,11734,0.054067752875258036,0.49846599625021304,0.4995039991809654,0.0010380029307523464,0.5519341693741663,0.24784797495247826,859.8768457439566,5360.525314252098,0.02330339173670903
sj_e2var,2022,R,a3_load,A3 전시즌 경기당 대비 등판 투구수,1.25-1.50,5170,0.023822250073724564,0.49148936170212765,0.4965738957255105,0.005084534023382825,0.5491588762102957,0.24821337137886923,685.8777779126357,2365.329286474732,0.24635918073222865
sj_e2var,2022,R,a3_load,A3 전시즌 경기당 대비 등판 투구수,>=1.50,8731,0.040230573577115895,0.4967357690986141,0.4961999780919427,-0.0005357910066713933,0.5574256833972668,0.24753307899657506,982.5481970224259,3983.5761603471274,0.004619880265749432
sj_e2var,2022,R,a3_load,A3 전시즌 경기당 대비 등판 투구수,전시즌없음,47286,0.21788373636095548,0.5107642854121728,0.5142232598337692,0.0034589744215963725,0.5449714334430684,0.24837469237289916,604.0550817301815,21647.901971002586,1.0428051598797297
sj_e2var,2022,R,a3b_gp,A3b 등판 내 투구수,1-10,63628,0.2931841639634326,0.4962280756899478,0.49778342256627356,0.0015553468763257472,0.5473640312402921,0.24820168940109516,713.6738892943306,29109.10804914143,0.28371264169445953
sj_e2var,2022,R,a3b_gp,A3b 등판 내 투구수,11-20,41971,0.19339335741669125,0.5020132948940935,0.5008343560947998,-0.0011789387992937606,0.5502906167791219,0.24799757764101518,799.360561434459,19185.479067634544,0.1075245740438373
sj_e2var,2022,R,a3b_gp,A3b 등판 내 투구수,21-35,31720,0.14615895016219405,0.5058638083228247,0.5064889696980377,0.000625161375212957,0.5461664671292187,0.24833971246767916,650.450774752731,14519.619823906685,0.022850375797217142
sj_e2var,2022,R,a3b_gp,A3b 등판 내 투구수,36-60,36939,0.17020698171630788,0.5075123852838463,0.5099061409062445,0.002393755622398186,0.5477952960307129,0.24819370194010645,700.1028947355104,16898.641146742182,0.3901401525592951
sj_e2var,2022,R,a3b_gp,A3b 등판 내 투구수,61-80,25270,0.11643873488646417,0.5110407597942224,0.5101373252833484,-0.000903434510873935,0.5500716527589719,0.24801860333948292,744.1621621119942,11552.218430247072,0.03801670626970133
sj_e2var,2022,R,a3b_gp,A3b 등판 내 투구수,81+,17496,0.08061781185491006,0.5122313671696388,0.5116676798799934,-0.0005636872896453982,0.549991509080838,0.24796150317657015,756.0086069679062,7996.4812450668005,0.010246868124668655
sj_e2var,2022,R,a4_prevp,A4 전시즌 투구수,없음,47286,0.21788373636095548,0.5107642854121728,0.5142232598337692,0.0034589744215963725,0.5449714334430684,0.24837469237289916,604.0550817301815,21647.901971002586,1.0428051598797297
sj_e2var,2022,R,a4_prevp,A4 전시즌 투구수,1-200,12427,0.057260948097906224,0.4765430111853223,0.4859261027382311,0.00938309155290884,0.5271540791239223,0.24898106105789666,187.8969936355057,5703.067400749783,2.016666567435415
sj_e2var,2022,R,a4_prevp,A4 전시즌 투구수,201-600,23871,0.10999244323208493,0.4879979891919065,0.49317456087712,0.005176571685213516,0.5470573793636788,0.24812670626214933,692.0969712325808,10917.419941358381,1.1790466001376008
sj_e2var,2022,R,a4_prevp,A4 전시즌 투구수,601-1200,50346,0.2319835594219994,0.5050252254399555,0.5025411789600304,-0.0024840464799251727,0.54862852483252,0.24809484153807823,752.0381930329778,23022.824258268705,0.5726118082025228
sj_e2var,2022,R,a4_prevp,A4 전시즌 투구수,1201-2000,31403,0.14469828221763492,0.4911951087475719,0.4933169140510228,0.0021218053034509077,0.5487177405399198,0.2480206200373588,760.9775235783434,14356.045317322454,0.2605902082233673
sj_e2var,2022,R,a4_prevp,A4 전시즌 투구수,2001-2600,25524,0.1176091123562371,0.49533772136028836,0.4954666771198544,0.00012895575956606287,0.5382832261363047,0.2488975386145719,432.3274070558769,11709.685483664303,0.0007823590599233762
sj_e2var,2022,R,a4_prevp,A4 전시즌 투구수,2601+,26167,0.12057191831318195,0.5386937746015974,0.530150493558732,-0.008543281042865392,0.5492505395855453,0.2468227031217777,676.0844307163172,11904.6033903725,3.5202962543197933
sj_e2var,2022,R,a5_asofn,A5 투수 누적 이력,0-99,4387,0.02021435417281038,0.48301800775017095,0.4943556738588975,0.011337666108726552,0.5552313701597955,0.24758175853655898,852.9252549081101,2001.9912281794766,1.039419482676725
sj_e2var,2022,R,a5_asofn,A5 투수 누적 이력,100-499,16944,0.07807431436154527,0.4968130311614731,0.49558342326545546,-0.0012296078960176149,0.5493020190027659,0.24816691318496245,729.2016431985071,7750.606961117697,0.04721990641225439
sj_e2var,2022,R,a5_asofn,A5 투수 누적 이력,500-1499,42035,0.19368825567679152,0.49839419531342927,0.4999559254684214,0.0015617301549921137,0.5396793091719334,0.2488159034695171,472.6120434426995,19278.13777910401,0.18897264262601646
sj_e2var,2022,R,a5_asofn,A5 투수 누적 이력,1500-3999,76996,0.35478103804187555,0.5001168891890487,0.5010218129841136,0.0009049237950649047,0.5499045782747221,0.24804382808543893,782.4633433548667,35202.41687061344,0.1162165751198048
sj_e2var,2022,R,a5_asofn,A5 투수 누적 이력,4000-7999,60064,0.2767620171040991,0.5106885988279168,0.5092604042177813,-0.001428194610135547,0.5526187712675392,0.2477052178504658,872.613172615877,27423.65258547288,0.22582131027976493
sj_e2var,2022,R,a5_asofn,A5 투수 누적 이력,8000+,16598,0.0764800206428782,0.5208458850463912,0.5236534366787693,0.0028075516323781136,0.5399351976552239,0.24857236893037934,397.9237310002604,7604.742338251205,0.24114993911047877
sj_e2var,2022,R,a6_psucc,A6 투수 수준 5분위,Q1 최저,33663,0.15511187702742554,0.4546831833169949,0.4598398302695763,0.00515664695258139,0.5375069381408858,0.2469354851156281,407.70951570887615,15321.885515870581,1.6499223551199111
sj_e2var,2022,R,a6_psucc,A6 투수 수준 5분위,Q2,40640,0.18726039516366855,0.4750246062992126,0.4802192960388892,0.005194689739676572,0.5261548452502284,0.24875213320955344,250.26302653795574,18633.584431971758,2.0213839796432795
sj_e2var,2022,R,a6_psucc,A6 투수 수준 5분위,Q3,44222,0.20376548215865525,0.5005201031160961,0.4980889732824517,-0.002431129833644352,0.5298454123327778,0.24930011809825905,279.84486059607906,20320.61075803856,0.48175982274799883
sj_e2var,2022,R,a6_psucc,A6 투수 수준 5분위,Q4,52849,0.24351684606310822,0.5223561467577438,0.5181679891906779,-0.00418815756706592,0.5292697851619633,0.24883988237668697,264.65723005746344,24240.0021479134,1.708671955179139
sj_e2var,2022,R,a6_psucc,A6 투수 수준 5분위,Q5 최고,45604,0.21013344146269536,0.5468599245680204,0.548344222477078,0.0014842979090576858,0.5397780514287913,0.246552676981884,505.0240281993523,20724.71427708543,0.1851914707760663
sj_e2var,2022,R,a7_inning,A7 이닝,1-3회,72677,0.3348800132704217,0.5103265132022511,0.511396122501317,0.0010696092990659656,0.5465325451190676,0.24824308642742465,660.3923677769075,33254.471236472426,0.15325802494242108
sj_e2var,2022,R,a7_inning,A7 이닝,4-6회,72335,0.3333041506930109,0.506034423169973,0.5062933343437491,0.0002589111737760774,0.5481460732545893,0.24819193130945696,708.7650076410546,33091.16345672143,0.00893770395816686
sj_e2var,2022,R,a7_inning,A7 이닝,7-8회,49396,0.2276061633736361,0.4980970119037979,0.49404003484963427,-0.004056977054163635,0.552587217570197,0.24784960469982953,858.7220135693574,22566.068652138845,1.498555311197317
sj_e2var,2022,R,a7_inning,A7 이닝,9회+,22616,0.10420967266293128,0.48708878669968164,0.4972133652871397,0.010124578587458077,0.5451710599629379,0.24828022676344275,621.6440338900675,10349.844417405997,4.2731250220684664
sj_e2var,2022,R,a8_hand,A8 손 매치업,1v1,26793,0.12345639191978768,0.4681073414697869,0.4728921707918803,0.004784829322093398,0.5463382589617823,0.24735753014769607,652.787181843939,12215.8129029281,1.1306550797758346
sj_e2var,2022,R,a8_hand,A8 손 매치업,1v2,27640,0.12735918608080213,0.5096237337192475,0.5093581056243877,-0.00026562809485985994,0.5404941306706955,0.24865387465497565,501.5894590705061,12668.03230621685,0.003594694159865161
sj_e2var,2022,R,a8_hand,A8 손 매치업,2v1,83214,0.38343224712474194,0.5109957459081405,0.5092222366503873,-0.001773509257753103,0.5465308064630798,0.2482550333054714,649.9384335187485,38077.66892938515,0.48243544766396446
sj_e2var,2022,R,a8_hand,A8 손 매치업,2v2,79377,0.3657521748746682,0.5059778021341195,0.507889768994035,0.0019119668599155704,0.5483941750037542,0.2481055354019183,743.5984792350636,36300.033624208605,0.5348491307428969
sj_e2var,2022,R,a9_batn,A9 타자 누적 이력,0-99,3441,0.015855389265703332,0.5117698343504795,0.5081648031978252,-0.0036050311526543144,0.5579936318650117,0.2472623506302073,1040.2245527329046,1568.2617811436285,0.0824287301003995
sj_e2var,2022,R,a9_batn,A9 타자 누적 이력,100-499,14808,0.0682320849306989,0.5103322528363047,0.5053250245912257,-0.005007228245078932,0.5397514813496588,0.24863337483348338,504.1631758014642,6786.279197425517,0.6843323568608847
sj_e2var,2022,R,a9_batn,A9 타자 누적 이력,500-1499,34054,0.1569135210852256,0.50601985082516,0.5031843589892461,-0.002835491835913917,0.5499942882612602,0.24805991867182742,761.647493853701,15570.430530039652,0.5046622580673077
sj_e2var,2022,R,a9_batn,A9 타자 누적 이력,1500-3999,50087,0.23079014302565615,0.5043224788867371,0.503807419114098,-0.0005150597726391037,0.5468679788283776,0.2482999971550722,672.5778737863398,22923.32581366927,0.024491544638816705
sj_e2var,2022,R,a9_batn,A9 타자 누적 이력,4000+,114634,0.528208861692716,0.5016225552628365,0.5045357655792488,0.00291321031641234,0.5500126918606449,0.248057152631689,776.0940459384358,52413.25044046064,1.7932177035047825
sj_e2var,2022,R,a10_base,A10 주자 상황,___,116959,0.538921962547921,0.5010815755948665,0.5046654384341905,0.0035838628393239924,0.5477796142615986,0.24821941199907385,711.77060859694,53511.27284297846,2.7689320557740915
sj_e2var,2022,R,a10_base,A10 주자 상황,1__,43047,0.19835133441462696,0.5085604107138709,0.5042927543632468,-0.004267656350624094,0.5527011785105395,0.24788501562699,816.9209545019651,19668.401165537274,1.445099213831473
sj_e2var,2022,R,a10_base,A10 주자 상황,_2_,16187,0.07458622087879682,0.5078149132019522,0.5040951363387199,-0.003719776863232216,0.5455538158162762,0.2483080790528512,652.4986313699577,7408.548177083814,0.4128345507105819
sj_e2var,2022,R,a10_base,A10 주자 상황,__3,5285,0.02435214538484223,0.5086092715231788,0.5064516725261796,-0.0021575989969991882,0.5453260229293874,0.2481629754508371,705.3711243798944,2417.4520676709126,0.045348439528001244
sj_e2var,2022,R,a10_base,A10 주자 상황,12_,17551,0.08087124004718373,0.5017377927183636,0.5021903993104712,0.0004526065921075517,0.5462538471417495,0.24832400852165193,669.196705617947,8033.3459307033,0.006627038732166886
sj_e2var,2022,R,a10_base,A10 주자 상황,1_3,6960,0.032070185785903864,0.5100574712643678,0.5061332885471265,-0.003924182717241376,0.5468150014456239,0.24822036221153068,671.6657874017206,3184.3627657930147,0.19755297472095573
sj_e2var,2022,R,a10_base,A10 주자 상황,_23,4595,0.021172773518136245,0.5133841131664854,0.5009831980826154,-0.012400915083869979,0.5463015695228793,0.24820454260607042,646.9927583294233,2102.1859728934787,1.3024734387802948
sj_e2var,2022,R,a10_base,A10 주자 상황,123,6440,0.029674137422589206,0.4956521739130435,0.5014835266551555,0.005831352742111995,0.5614389556866304,0.24733818033831542,1057.2463710156853,2935.9788400784446,0.4036457515318191
sj_e2var,2022,R,a11_typemo,A11 game_type x 월블록,R|early,75061,0.34586497345915657,0.5135822864070556,0.5055962369425517,-0.007986049464503875,0.5539515639459934,0.24765995817537234,862.8620462316827,34264.62899268767,8.823771034115168
sj_e2var,2022,R,a11_typemo,A11 game_type x 월블록,R|mid,64405,0.2967644131524624,0.5053179101001475,0.5070596294472354,0.001741719347087889,0.5474207174825875,0.24815912572821883,725.1196676027694,29459.524148509743,0.36012380414556144
sj_e2var,2022,R,a11_typemo,A11 game_type x 월블록,R|late,77558,0.357370613388381,0.4927667036282524,0.5006615538030342,0.007894850174781809,0.5434148725970773,0.24858967756598618,543.3144491455155,35537.394621541294,8.91025799153322
sj_e2var,2022,R,a12_role,A12 투수 역할(전시즌),불펜(<30구/경기),65155,0.3002202521380124,0.49343872304504643,0.49285862747118525,-0.0005800955738611835,0.550048448288739,0.24792940487595547,811.1575899957257,29774.99378981057,0.04041315394914059
sj_e2var,2022,R,a12_role,A12 투수 역할(전시즌),스윙(30-70),33492,0.15432394573872013,0.49659620207810823,0.50028238770436,0.0036861856262517256,0.5453713296610687,0.24846986573681712,607.4475203157403,15338.775826893198,0.8388250235063025
sj_e2var,2022,R,a12_role,A12 투수 역할(전시즌),선발(>=70),71091,0.327572065762312,0.5117244095595785,0.5099776441345696,-0.001746765425008956,0.5488179947230535,0.2480225626914102,736.3951163601223,32499.876175032354,0.3998155580513149
sj_e2var,2022,R,a12_role,A12 투수 역할(전시즌),전시즌없음,47286,0.21788373636095548,0.5107642854121728,0.5142232598337692,0.0034589744215963725,0.5449714334430684,0.24837469237289916,604.0550817301815,21647.901971002586,1.0428051598797297
sj_e2var,2022,R,a13_tens,A13 이닝 x 점수차,초반|0-1점,52862,0.24357674727219109,0.5104612008626235,0.5131206986413097,0.0026594977786862373,0.5485858377757732,0.248129993873652,704.536169663883,24176.796094804446,0.6891579123210431
sj_e2var,2022,R,a13_tens,A13 이닝 x 점수차,초반|2-3점,14390,0.06630603066941905,0.5070187630298819,0.5077001377639369,0.0006813747340549403,0.5417813932826852,0.2485573095271128,557.4808281560317,6592.698665547323,0.012314271868707722
sj_e2var,2022,R,a13_tens,A13 이닝 x 점수차,초반|4점+,5425,0.02499723532881156,0.5177880184331797,0.5043953255351611,-0.013392692898018588,0.5403286100922875,0.24851158931645975,469.3929227220006,2484.976476120662,1.7935416058031788
sj_e2var,2022,R,a13_tens,A13 이닝 x 점수차,중반|0-1점,30302,0.13962511058684754,0.5065672232855917,0.5109576444971959,0.004390421211604267,0.5510672065920391,0.24798459620150676,789.0462720055447,13850.705379617477,1.0766128578016108
sj_e2var,2022,R,a13_tens,A13 이닝 x 점수차,중반|2-3점,24508,0.11292760247714538,0.5126489309613188,0.5050787374262387,-0.00757019353508015,0.5495207937903147,0.24806662617361708,709.8056114530293,11206.03834610135,2.5887954062765854
sj_e2var,2022,R,a13_tens,A13 이닝 x 점수차,중반|4점+,17525,0.08075143762901799,0.49586305278174037,0.49992696715314183,0.004063914371401467,0.5401610786683104,0.24872566293343826,502.92352251115614,8034.419731002604,0.5334859869534235
sj_e2var,2022,R,a13_tens,A13 이닝 x 점수차,후반|0-1점,24933,0.11488591123562371,0.5043115549673124,0.5009710597027981,-0.0033404952645142982,0.5457679211291824,0.24827982149225034,680.6862150879667,11410.16314274398,0.5128284972793548
sj_e2var,2022,R,a13_tens,A13 이닝 x 점수차,후반|2-3점,21189,0.09763436301975818,0.4940771154844495,0.49625527941923214,0.002178163934782651,0.5577650362192286,0.24735562620747414,1043.8637699230924,9660.6900037836,0.18529661225083546
sj_e2var,2022,R,a13_tens,A13 이닝 x 점수차,후반|4점+,25890,0.11929556178118549,0.4857860177674778,0.4883242365230788,0.002538218755601007,0.5457652728791784,0.24821574079792794,633.4006466691022,11845.059923017265,0.3074440133709934
sj3way_nv,2022,R,a1_count,A1 볼카운트,0-0,55955,0.2579118154078745,0.5062103476007506,0.5073521591143955,0.001141811513644897,0.5388857922381847,0.2487733413379182,475.3094256330082,25666.033057020217,0.13450664676392185
sj3way_nv,2022,R,a1_count,A1 볼카운트,0-1,27453,0.1265383445338643,0.5179397515754198,0.527954452735363,0.010014701159943185,0.5384530463323871,0.24863503940377188,417.7881987922127,12585.432722985912,5.076703607541107
sj3way_nv,2022,R,a1_count,A1 볼카운트,0-2,13808,0.06364482793587581,0.49985515643105444,0.5108484980129558,0.010993341581901406,0.5240594859831946,0.24981989378971636,72.034098294671,6360.244449640338,3.076849353572062
sj3way_nv,2022,R,a1_count,A1 볼카운트,1-0,22087,0.10180499091973413,0.5008828722778105,0.5035875720884158,0.002704699810605282,0.544663213011323,0.24845220894049422,618.8065677671717,10118.02162761037,0.2979139791547663
sj3way_nv,2022,R,a1_count,A1 볼카운트,1-1,22132,0.10201240816025517,0.5111603108621001,0.5091300588930546,-0.0020302519690454934,0.5416447489625565,0.2486845455858302,476.59819631329367,10148.1170654513,0.16820409015337612
sj3way_nv,2022,R,a1_count,A1 볼카운트,1-2,21149,0.09748149377287352,0.5096222043595442,0.5140002455977574,0.004378041238213171,0.5270475652065111,0.24951476242744883,157.11849072936877,9729.759211747938,0.7474214254925828
sj3way_nv,2022,R,a1_count,A1 볼카운트,2-0,7518,0.034652506983047095,0.49361532322426177,0.4958845628289937,0.0022692396047319097,0.5489693813825063,0.24808697945870636,749.0247107706516,3438.9218198712815,0.07138041039311696
sj3way_nv,2022,R,a1_count,A1 볼카운트,2-1,11377,0.05243968767572849,0.49740704931001145,0.49648074712023016,-0.0009263021897812918,0.5558079287692546,0.24774487586576574,899.3844840438081,5196.948925207423,0.01799903201430781
sj3way_nv,2022,R,a1_count,A1 볼카운트,2-2,17851,0.08228011467868765,0.5015965492129293,0.5048133048335162,0.0032167556205868753,0.5392304902890698,0.2488925832086924,441.9516348520669,8192.010778877857,0.34057651470833905
sj3way_nv,2022,R,a1_count,A1 볼카운트,3-0,2406,0.01108990845985785,0.47339983374896094,0.4819422731085529,0.00854243935959198,0.512189967105833,0.2503839990010081,-437.8664207861593,1110.7548145668907,0.3237244054987853
sj3way_nv,2022,R,a1_count,A1 볼카운트,3-1,4846,0.02233653216810937,0.47317375154766816,0.4841038543847969,0.010930102837128752,0.5402663703920838,0.2481118579226626,468.74711949396186,2216.9042733543297,1.0674509199644167
sj3way_nv,2022,R,a1_count,A1 볼카운트,3-2,10372,0.047807369304092115,0.4745468569224836,0.48382519547497077,0.009278338552487164,0.5427767857475704,0.24815572797787058,479.8072082173532,4745.727770192776,1.6463377950674711
sj3way_nv,2022,R,a1b_phase,A1b 카운트 국면,초구 0-0,55955,0.2579118154078745,0.5062103476007506,0.5073521591143955,0.001141811513644897,0.5388857922381847,0.2487733413379182,475.3094256330082,25666.033057020217,0.13450664676392185
sj3way_nv,2022,R,a1b_phase,A1b 카운트 국면,투수우위 0-1,27453,0.1265383445338643,0.5179397515754198,0.527954452735363,0.010014701159943185,0.5384530463323871,0.24863503940377188,417.7881987922127,12585.432722985912,5.076703607541107
sj3way_nv,2022,R,a1b_phase,A1b 카운트 국면,평행 1-1,22132,0.10201240816025517,0.5111603108621001,0.5091300588930546,-0.0020302519690454934,0.5416447489625565,0.2486845455858302,476.59819631329367,10148.1170654513,0.16820409015337612
sj3way_nv,2022,R,a1b_phase,A1b 카운트 국면,타자우위 1-0/2-0/2-1,40982,0.18889718557850974,0.49858474452198526,0.5002015594175998,0.001616814895614549,0.548618818464234,0.24818884639998212,723.6660586420585,18753.892372689075,0.19752849836115602
sj3way_nv,2022,R,a1b_phase,A1b 카운트 국면,2스트라이크,52808,0.24340643638743698,0.5043554006968641,0.5100706248919286,0.005715224195064428,0.5305817843408952,0.24938422789889572,238.73914941333618,24282.01444026613,3.180403864573553
sj3way_nv,2022,R,a1b_phase,A1b 카운트 국면,3볼,7252,0.03342644062796722,0.4732487589630447,0.48338670538443246,0.010137946421387767,0.5308177424669571,0.24886568740894213,167.9542492728503,3327.6590879212204,1.3742754509442512
sj3way_nv,2022,R,a1b_phase,A1b 카운트 국면,풀카운트,10372,0.047807369304092115,0.4745468569224836,0.48382519547497077,0.009278338552487164,0.5427767857475704,0.24815572797787058,479.8072082173532,4745.727770192776,1.6463377950674711
sj3way_nv,2022,R,a2_li,A2 경기 중요도 li,li<0.10,20357,0.09383095033970335,0.48047354718278723,0.4906210898623617,0.010147542679574462,0.5299576274496186,0.24914889831574533,188.21478175714557,9351.661054327544,3.865018345999839
sj3way_nv,2022,R,a2_li,A2 경기 중요도 li,0.10-0.35,24896,0.11475243600025811,0.49819248071979433,0.5013964655172197,0.0032039847974253965,0.5393800920356083,0.2488214142628351,470.1335884292113,11421.768129616457,0.47122299872284684
sj3way_nv,2022,R,a2_li,A2 경기 중요도 li,0.35-0.70,48041,0.2214340367082423,0.5062134426843737,0.5100663188681478,0.0038528761837740566,0.5383077775299262,0.24888371605594617,431.1374090883446,22045.73239391023,1.3149164369438506
sj3way_nv,2022,R,a2_li,A2 경기 중요도 li,0.70-1.20,58829,0.27115886316915105,0.5087456866511414,0.5114036316429982,0.0026579449918567866,0.5387779185826294,0.24882441517569245,439.7736636574501,26989.849820426065,0.766301107683058
sj3way_nv,2022,R,a2_li,A2 경기 중요도 li,1.20-2.00,41800,0.19266757008398094,0.5088516746411483,0.5112777481067531,0.00242607346560475,0.5443115444940392,0.24842277256278,599.7380803645314,19146.248712129243,0.45362834898075577
sj3way_nv,2022,R,a2_li,A2 경기 중요도 li,li>=2.00,23031,0.10615614369866423,0.502626894186097,0.5070776443268915,0.004450750140794546,0.5424014811722322,0.24852638317510037,586.7026950731268,10553.616406117093,0.8411921936168254
sj3way_nv,2022,R,a3_load,A3 전시즌 경기당 대비 등판 투구수,<0.25,43865,0.20218571678789052,0.502291120483301,0.5037242713093864,0.0014331508260853054,0.5374241886778414,0.24889481107516076,439.9851150457601,20130.287901656673,0.16611847680816694
sj3way_nv,2022,R,a3_load,A3 전시즌 경기당 대비 등판 투구수,0.25-0.50,40362,0.18603943693133107,0.5003964124671721,0.5033623548656924,0.002965942398520216,0.5377401980524072,0.24897521909152612,409.849763871728,18528.694091005127,0.6546574472147518
sj3way_nv,2022,R,a3_load,A3 전시즌 경기당 대비 등판 투구수,0.50-0.75,34104,0.15719461268287288,0.5031374618813043,0.5034632145222941,0.00032575264098988477,0.5426543877339347,0.24851742580246095,589.1154084167183,15627.092253069262,0.0066726327127738915
sj3way_nv,2022,R,a3_load,A3 전시즌 경기당 대비 등판 투구수,0.75-1.00,25761,0.11873945629027352,0.5061915298319165,0.5043991868068118,-0.0017923430251046701,0.5451096967576439,0.24835264296777368,643.7075024424144,11796.346304632973,0.15258821330118114
sj3way_nv,2022,R,a3_load,A3 전시즌 경기당 대비 등판 투구수,1.00-1.25,11734,0.05408519778386202,0.49846599625021304,0.5004557056085334,0.001989709358320324,0.5417022538182318,0.2484748214412787,609.1358900819133,5375.817057177553,0.08565276337265063
sj3way_nv,2022,R,a3_load,A3 전시즌 경기당 대비 등판 투구수,1.25-1.50,5168,0.023820717755837644,0.4914860681114551,0.4989678211090123,0.007481752997557156,0.5369343921907022,0.24918042846697563,298.92047016440995,2374.3921246659356,0.5333904645235897
sj3way_nv,2022,R,a3_load,A3 전시즌 경기당 대비 등판 투구수,>=1.50,8730,0.04023894466108023,0.4966781214203895,0.4996445510645005,0.002966429644111035,0.5452643091804155,0.24841829938159984,628.2940290310623,3998.6541042622603,0.14164405736697686
sj3way_nv,2022,R,a3_load,A3 전시즌 경기당 대비 등판 투구수,전시즌없음,47230,0.21769591710685215,0.5107770484861317,0.5234023284459334,0.012625279959801672,0.538996710466594,0.2489299180900048,381.7522084651248,21677.592680056867,13.880847720347958
sj3way_nv,2022,R,a3b_gp,A3b 등판 내 투구수,1-10,63579,0.2930529052241489,0.4962173044558738,0.5004347425107198,0.004217438054846034,0.5385248125145601,0.24886593185008093,447.92938303779283,29173.94442343081,2.0851011491741867
sj3way_nv,2022,R,a3b_gp,A3b 등판 내 투구수,11-20,41968,0.19344192778192612,0.5020253526496378,0.5034182999321177,0.0013929472824799616,0.5413422757905925,0.24866875356592047,530.8664628598802,19242.2343959663,0.15014250034667684
sj3way_nv,2022,R,a3b_gp,A3b 등판 내 투구수,21-35,31715,0.14618306184721186,0.5058804981869778,0.5104975241493305,0.004617025962352694,0.5376154113136103,0.2489142267893414,420.5353495777331,14555.61115754008,1.2465375313076135
sj3way_nv,2022,R,a3b_gp,A3b 등판 내 투구수,36-60,36935,0.17024346174765156,0.5075131988628672,0.5135401218376989,0.006026922974831761,0.5404104008090997,0.24878729862834034,462.60573876842903,16942.6881702991,2.4736906955443327
sj3way_nv,2022,R,a3b_gp,A3b 등판 내 투구수,61-80,25268,0.11646708518856531,0.5110416336868767,0.5144634451806999,0.003421811493823146,0.5406665809411006,0.24868418129548933,477.79341786373664,11586.04041135968,0.5455053818799966
sj3way_nv,2022,R,a3b_gp,A3b 등판 내 투구수,81+,17489,0.08061155821049623,0.5122076733947053,0.5150448786627488,0.002837205268043541,0.5434022599479529,0.24834904218415293,601.1305498805464,8008.357957930664,0.25957478487959823
sj3way_nv,2022,R,a4_prevp,A4 전시즌 투구수,없음,47230,0.21769591710685215,0.5107770484861317,0.5234023284459334,0.012625279959801672,0.538996710466594,0.2489299180900048,381.7522084651248,21677.592680056867,13.880847720347958
sj3way_nv,2022,R,a4_prevp,A4 전시즌 투구수,1-200,12427,0.05727942328788591,0.4765430111853223,0.49209497167763655,0.015551960492314276,0.5181367254191759,0.24987491451023217,-170.43304350881084,5725.3885714199905,5.541822312206597
sj3way_nv,2022,R,a4_prevp,A4 전시즌 투구수,201-600,23867,0.11000949510034386,0.4879959777098085,0.49720863386696224,0.00921265615715372,0.5378453067787733,0.24884474947682722,404.69484933997046,10950.711178640562,3.7349394686383817
sj3way_nv,2022,R,a4_prevp,A4 전시즌 투구수,601-1200,50343,0.23204458087889598,0.5050354567665812,0.5028309010789455,-0.0022045556876357786,0.539459418633531,0.24873687484608062,495.1579521817351,23088.47643097438,0.45112536804745607
sj3way_nv,2022,R,a4_prevp,A4 전시즌 투구수,1201-2000,31403,0.14474496897959938,0.4911951087475719,0.49617432425986446,0.0049792155122925785,0.5358550563751252,0.2488454998429775,430.9232500352533,14408.439271538366,1.4355191719253415
sj3way_nv,2022,R,a4_prevp,A4 전시즌 투구수,2001-2600,25521,0.11763323100749468,0.4953175815994671,0.4940708474195953,-0.0012467341798718112,0.5334080178075777,0.249214060536808,305.6325724738018,11726.981466245677,0.07314109021990871
sj3way_nv,2022,R,a4_prevp,A4 전시즌 투구수,2601+,26163,0.12059238363892807,0.5386996904024768,0.5313886096809528,-0.007311080721523977,0.5418666998987881,0.24733395288260066,470.1690569743011,11931.286917650796,2.5784974665629385
sj3way_nv,2022,R,a5_asofn,A5 투수 누적 이력,0-99,4339,0.019999631258239073,0.4828301451947453,0.5069147899402443,0.024084644745498984,0.5396717419881817,0.2492923908784578,165.31702743043385,1994.411100990993,4.6407283739391305
sj3way_nv,2022,R,a5_asofn,A5 투수 누적 이력,100-499,16944,0.07809950496418595,0.4968130311614731,0.5044143760033823,0.007601344841909274,0.5341799658885846,0.24922018427107578,307.87609152563846,7786.013734020778,1.8051480349787457
sj3way_nv,2022,R,a5_asofn,A5 투수 누적 이력,500-1499,42030,0.193727702646644,0.49840590054722816,0.5053413732682995,0.006935472721071367,0.5330938706887318,0.24935746330356034,256.00081949881394,19324.033029844744,3.727584830231279
sj3way_nv,2022,R,a5_asofn,A5 투수 누적 이력,1500-3999,76983,0.354835587267347,0.5001104139875038,0.5022144600584717,0.0021040460709679243,0.5407739841947414,0.24866047462508173,535.8052995963925,35295.358670466114,0.628378520514815
sj3way_nv,2022,R,a5_asofn,A5 투수 누적 이력,4000-7999,60062,0.27684209555942735,0.5106889547467617,0.5110232227374428,0.00033426799068114743,0.5458839238985639,0.24825612275993791,652.1474357631951,27492.597117365367,0.012373865216010733
sj3way_nv,2022,R,a5_asofn,A5 투수 누적 이력,8000+,16596,0.07649547830415664,0.5208483972041456,0.5283721582377724,0.007523761033626841,0.5315659575220877,0.24890515592409,264.5352910236598,7616.462863838641,1.7321656520026847
sj3way_nv,2022,R,a6_psucc,A6 투수 수준 5분위,Q1 최저,33658,0.15513887736570886,0.45466159605442985,0.459525623217071,0.004864027162641171,0.5303587410811194,0.24716846694697653,312.9581025158923,15339.011741053338,1.4682374558777136
sj3way_nv,2022,R,a6_psucc,A6 투수 수준 5분위,Q2,40637,0.18730698673451515,0.47501045844919654,0.48197987096830747,0.006969412519110929,0.5142547767672837,0.2494685320383097,-37.29685423006224,18691.898770232387,3.63940167924767
sj3way_nv,2022,R,a6_psucc,A6 투수 수준 5분위,Q3,44216,0.20380357126395457,0.5005654061878053,0.5005429090972392,-2.249709056612037e-05,0.5174337180189273,0.24986975549816737,51.96999352610199,20370.850113874738,4.12618004854672e-05
sj3way_nv,2022,R,a6_psucc,A6 투수 수준 5분위,Q4,52843,0.2435677609078422,0.5223586851617055,0.5223674938211923,8.808659486825299e-06,0.519240184996773,0.2492982426565572,80.9003884252979,24289.730284172696,7.560023041794849e-06
sj3way_nv,2022,R,a6_psucc,A6 투수 수준 5분위,Q5 최고,45600,0.2101828037279792,0.5468421052631579,0.5552919980801374,0.008449892816979498,0.5213368164040788,0.24759697493851068,84.27656718708043,20817.385607193482,6.0032060890824095
sj3way_nv,2022,R,a7_inning,A7 이닝,1-3회,72657,0.33489587654525843,0.5103155924411963,0.5142465319961093,0.003930939554912971,0.5385486244332715,0.24885173518333298,416.9188074366725,33337.5857004684,2.0700755862737474
sj3way_nv,2022,R,a7_inning,A7 이닝,4-6회,72315,0.3333195055172986,0.5060360920970753,0.5104813755317757,0.004445283434700409,0.5388663998447081,0.2488464272258652,446.92047966421455,33179.95634130222,2.6347736696297095
sj3way_nv,2022,R,a7_inning,A7 이닝,7-8회,49375,0.227582805571688,0.4980860759493671,0.4969151411933749,-0.0011709347559922256,0.5447964404365552,0.24836188733676917,653.7894027813352,22610.390861475775,0.1248212457357327
sj3way_nv,2022,R,a7_inning,A7 이닝,9회+,22607,0.10420181236575496,0.48714999778829565,0.4996443250597505,0.01249432727145483,0.5358244583091155,0.24904503492895066,316.1458169059106,10380.943613280238,6.507058320658903
sj3way_nv,2022,R,a8_hand,A8 손 매치업,1v1,26779,0.12343169519806042,0.46824003883640164,0.4742134885236377,0.005973449687236065,0.5424059294551561,0.24779759290785777,479.41913460276544,12235.097892982207,1.7618169558043937
sj3way_nv,2022,R,a8_hand,A8 손 매치업,1v2,27636,0.12738184131198318,0.5096251266464032,0.5182406316214111,0.008615504975007848,0.5342514900267814,0.24919609047916977,284.61205247755083,12697.91508548988,3.7822712277200403
sj3way_nv,2022,R,a8_hand,A8 손 매치업,2v1,83186,0.3834269015551684,0.5109513620080302,0.5125184901762361,0.0015671281682059224,0.5365855423892388,0.24892534596483099,382.07197326289855,38179.95138195031,0.3766823623097263
sj3way_nv,2022,R,a8_hand,A8 손 매치업,2v2,79353,0.36575956193478804,0.5059796100966567,0.509801659312265,0.0038220492156082475,0.5392866483892954,0.24875581860236343,483.4394072204429,36395.91215610424,2.1373316171465646
sj3way_nv,2022,R,a9_batn,A9 타자 누적 이력,0-99,3436,0.015837458631783697,0.5113504074505238,0.5164182796814747,0.005067872230950843,0.5471163927629904,0.24804084905217286,732.5051590977516,1571.4203548587502,0.16271233567211252
sj3way_nv,2022,R,a9_batn,A9 타자 누적 이력,100-499,14807,0.06824949067544273,0.5103667184439792,0.5127553215430077,0.0023886030990285523,0.5310767911002815,0.2493229945770511,227.91260268330004,6806.8380951657555,0.15576542670388943
sj3way_nv,2022,R,a9_batn,A9 타자 누적 이력,500-1499,34044,0.15691805636217815,0.5060509928328046,0.5082160355038043,0.002165042670999706,0.5421504265592688,0.2485953655786791,547.2881175776489,15604.491458093466,0.2942317347846112
sj3way_nv,2022,R,a9_batn,A9 타자 누적 이력,1500-3999,50075,0.23080929597979294,0.5043434847728407,0.5054579262110727,0.0011144414382319168,0.5358742981141111,0.2490377262304669,377.3916430960478,22993.342600224532,0.1146704381679984
sj3way_nv,2022,R,a9_batn,A9 타자 누적 이력,4000+,114592,0.5281856983508024,0.5016144233454343,0.5072816747860802,0.0056672514406459484,0.5425707225743315,0.24863376584010047,545.4568054976794,52532.78400818413,6.786022141110529
sj3way_nv,2022,R,a10_base,A10 주자 상황,___,116917,0.5389022557777224,0.5010563049000573,0.5083105671508564,0.0072542622507991705,0.538422283658939,0.24891875269895675,432.0545367118678,53660.07670937375,11.344364618854824
sj3way_nv,2022,R,a10_base,A10 주자 상황,1__,43040,0.19838306737833827,0.5085734200743495,0.5084949113760853,-7.850869826420137e-05,0.544837627563982,0.24840834802940137,607.4379708757127,19713.078858622703,0.0004891294651492608
sj3way_nv,2022,R,a10_base,A10 주자 상황,_2_,16183,0.07459184896337473,0.5078786380769944,0.5029006192515179,-0.004978018825476549,0.5394748597671148,0.24878251871506352,462.2781186391811,7423.263972189186,0.7394147561465148
sj3way_nv,2022,R,a10_base,A10 주자 상황,__3,5284,0.024355393309180746,0.5087055261165784,0.5067311927444779,-0.001974333372100512,0.5456538132153863,0.24835943473214223,626.101432512427,2419.6886176858875,0.03797692454752146
sj3way_nv,2022,R,a10_base,A10 주자 상황,12_,17542,0.0808558496271099,0.5018241933644967,0.5055932783375345,0.0037690849730378506,0.5352046213998995,0.24916921794846142,330.98615370891207,8059.154946636991,0.4594803823568063
sj3way_nv,2022,R,a10_base,A10 주자 상황,1_3,6958,0.03207131465656314,0.5102040816326531,0.5093299802865119,-0.0008741013461411873,0.5406238841499702,0.24875353252877755,457.12806640084705,3191.3151295286652,0.009802210224306634
sj3way_nv,2022,R,a10_base,A10 주자 상황,_23,4595,0.02117960489320317,0.5133841131664854,0.5028974029326693,-0.010486710233816088,0.5436696782618389,0.24833238632128007,595.8186040224023,2103.947445944864,0.9317085080027122
sj3way_nv,2022,R,a10_base,A10 주자 상황,123,6435,0.029660665394507593,0.4954156954156954,0.5056861745068565,0.010270479091161078,0.555867852537561,0.24765043080533494,931.4996434789724,2938.350836544584,1.2515435509280501
sj3way_nv,2022,R,a11_typemo,A11 game_type x 월블록,R|early,75030,0.3458336790287342,0.51359456217513,0.5111346267158615,-0.002459935459268481,0.5396268452642492,0.2486160287634572,480.01849927109544,34393.793652914486,0.837140555375463
sj3way_nv,2022,R,a11_typemo,A11 game_type x 월블록,R|mid,64390,0.29679102482553904,0.505326914117099,0.508105045373929,0.0027781312568300187,0.5424987852378008,0.24852449922814712,578.9156124068828,29505.545095786518,0.9163047892475908
sj3way_nv,2022,R,a11_typemo,A11 game_type x 월블록,R|late,77534,0.3573752961457267,0.49275156705445355,0.5035519950699302,0.010800428015476649,0.5370994992497643,0.24909105755569233,342.6330731219895,35609.53776782563,16.675932678927655
sj3way_nv,2022,R,a12_role,A12 투수 역할(전시즌),불펜(<30구/경기),65150,0.3002940715543387,0.49343054489639293,0.4945296644319541,0.0010991195355611882,0.542173059447532,0.24851804156438478,575.6196478759912,29853.02553625844,0.1451176657204368
sj3way_nv,2022,R,a12_role,A12 투수 역할(전시즌),스윙(30-70),33490,0.15436451966776368,0.4966258584652135,0.5037508647699761,0.007125006304762593,0.5291450147972274,0.24955939445479203,171.6961045690857,15410.08664485303,3.1347409943279425
sj3way_nv,2022,R,a12_role,A12 투수 역할(전시즌),선발(>=70),71084,0.32764549167104545,0.5117185301896348,0.5106662431557114,-0.0010522870339233492,0.5424485226654723,0.24848805132440568,550.1520865456522,32568.171655358296,0.14512970295579636
sj3way_nv,2022,R,a12_role,A12 투수 역할(전시즌),전시즌없음,47230,0.21769591710685215,0.5107770484861317,0.5234023284459334,0.012625279959801672,0.538996710466594,0.2489299180900048,381.7522084651248,21677.592680056867,13.880847720347958
sj3way_nv,2022,R,a13_tens,A13 이닝 x 점수차,초반|0-1점,52846,0.24358158872387695,0.5104265223479544,0.5153040479043287,0.004877525556374329,0.5403748153413175,0.24874883950026958,457.1780562200645,24237.576543160598,2.318073688736213
sj3way_nv,2022,R,a13_tens,A13 이닝 x 점수차,초반|2-3점,14387,0.06631359643057975,0.5070549801904497,0.5131480785127371,0.006093098322287438,0.534877486028142,0.24916733596410776,313.21887521527094,6609.633249618109,0.9848330757037185
sj3way_nv,2022,R,a13_tens,A13 이닝 x 점수차,초반|4점+,5424,0.025000691390801737,0.5178834808259587,0.5068567762032482,-0.011026704622710493,0.532170767684042,0.24901712545511834,265.5619903318196,2490.375907689695,1.2159820748649912
sj3way_nv,2022,R,a13_tens,A13 이닝 x 점수차,중반|0-1점,30297,0.13964711413479355,0.5065848103772651,0.5143542014952414,0.007769391117976254,0.5430840672725631,0.24858864711324696,547.2921853799329,13886.632028610951,3.372015842236869
sj3way_nv,2022,R,a13_tens,A13 이닝 x 점수차,중반|2-3점,24504,0.11294560137171936,0.5126101860920667,0.5096938014871998,-0.002916384604866873,0.5383386213351357,0.2487058649254615,454.3363009113399,11236.706064442218,0.38427540387553677
sj3way_nv,2022,R,a13_tens,A13 이닝 x 점수차,중반|4점+,17514,0.0807267900107857,0.4958890030832477,0.504883779675499,0.008994776592251341,0.5308444400625901,0.2494890161650617,197.6467768713519,8056.618248249048,2.612655314069046
sj3way_nv,2022,R,a13_tens,A13 이닝 x 점수차,후반|0-1점,24927,0.11489532343261705,0.504312592770891,0.5036457207600021,-0.0006668720108888859,0.5367905312393426,0.24888342825032805,439.22199271010373,11438.840488534135,0.02043953464686232
sj3way_nv,2022,R,a13_tens,A13 이닝 x 점수차,후반|2-3점,21183,0.09763820902126719,0.4941226455176321,0.49814773676262314,0.004025091244991064,0.5510158653587434,0.24794271323636488,809.2091981799942,9684.000996999976,0.6327831933362174
sj3way_nv,2022,R,a13_tens,A13 이닝 x 점수차,후반|4점+,25872,0.11925108548355873,0.48577612863327146,0.4918059664433148,0.006029837810043348,0.5371246803438603,0.2487995354595671,399.5817806828672,11868.492989221904,1.7344319849534098
cw_v17_base,2022,R,a1_count,A1 볼카운트,0-0,56002,0.2580451931583604,0.5062140637834363,0.5060484119612864,-0.0001656518221498926,0.5487393872198038,0.24802119554035096,776.1958383099787,25601.66593552067,0.0028325126925751645
cw_v17_base,2022,R,a1_count,A1 볼카운트,0-1,27455,0.1265067457976998,0.5179384447277363,0.5144472004530434,-0.0034912442746929395,0.5488504832846887,0.24789688084888065,713.4508598760192,12544.934637816441,0.6168191003724688
cw_v17_base,2022,R,a1_count,A1 볼카운트,0-2,13808,0.06362429961663227,0.49985515643105444,0.5068131532503661,0.006957996819311696,0.5315196437183579,0.24936819959918063,252.71178967117837,6346.696644141021,1.2321827445624014
cw_v17_base,2022,R,a1_count,A1 볼카운트,1-0,22089,0.10178136980241817,0.500928063742134,0.5052489067271423,0.004320842985008233,0.5529371401475777,0.2478158115247359,873.3338779997935,10089.762884197367,0.7601318275210782
cw_v17_base,2022,R,a1_count,A1 볼카운트,1-1,22133,0.1019841123562371,0.5111372159219265,0.5076002494473086,-0.0035369664746178753,0.549548120992763,0.24803722141056014,735.861502294699,10118.893711980614,0.510361685709678
cw_v17_base,2022,R,a1_count,A1 볼카운트,1-2,21152,0.09746387496313771,0.5096444780635401,0.5073169710527179,-0.002327507010822183,0.5374909355285781,0.24897002342990981,374.9237407511985,9706.762205824445,0.21120749513000514
cw_v17_base,2022,R,a1_count,A1 볼카운트,2-0,7519,0.03464593777646712,0.4935496741587977,0.49695552401290766,0.0034058498541099658,0.5619263166058662,0.24707771790155328,1152.4619585674411,3424.282282147586,0.16076332278261202
cw_v17_base,2022,R,a1_count,A1 볼카운트,2-1,11379,0.052431989088764376,0.4974075050531681,0.5008254831760692,0.003417978122901122,0.5606888142370883,0.24731790690198543,1070.1775979692684,5187.230565891124,0.24502959784570774
cw_v17_base,2022,R,a1_count,A1 볼카운트,2-2,17854,0.08226739899734592,0.5015682760165789,0.501503749413699,-6.452660287992185e-05,0.5465996562076467,0.24831535192951232,672.882052115209,8171.748524820941,0.0001370215973077364
cw_v17_base,2022,R,a1_count,A1 볼카운트,3-0,2406,0.011086331465644353,0.47339983374896094,0.4811320028465545,0.007732169097593555,0.5253296172926167,0.24952628411281688,-93.80668170144713,1106.5927352490442,0.2651393589572793
cw_v17_base,2022,R,a1_count,A1 볼카운트,3-1,4847,0.02233393541728104,0.4730761295646792,0.48140370169868385,0.008327572134004646,0.5539152389503172,0.24700804576436686,909.4608282640748,2206.7849423470616,0.6195633491894189
cw_v17_base,2022,R,a1_count,A1 볼카운트,3-2,10380,0.04782881156001179,0.4745664739884393,0.48197046092435425,0.00740398693591493,0.5450348881822815,0.24778124007041694,630.389379080909,4740.691211688599,1.048828629435424
cw_v17_base,2022,R,a1b_phase,A1b 카운트 국면,초구 0-0,56002,0.2580451931583604,0.5062140637834363,0.5060484119612864,-0.0001656518221498926,0.5487393872198038,0.24802119554035096,776.1958383099787,25601.66593552067,0.0028325126925751645
cw_v17_base,2022,R,a1b_phase,A1b 카운트 국면,투수우위 0-1,27455,0.1265067457976998,0.5179384447277363,0.5144472004530434,-0.0034912442746929395,0.5488504832846887,0.24789688084888065,713.4508598760192,12544.934637816441,0.6168191003724688
cw_v17_base,2022,R,a1b_phase,A1b 카운트 국면,평행 1-1,22133,0.1019841123562371,0.5111372159219265,0.5076002494473086,-0.0035369664746178753,0.549548120992763,0.24803722141056014,735.861502294699,10118.893711980614,0.510361685709678
cw_v17_base,2022,R,a1b_phase,A1b 카운트 국면,타자우위 1-0/2-0/2-1,40987,0.18885929666764967,0.49859711615878205,0.5024994476006878,0.0039023314419057153,0.5569164949943025,0.2475421788447401,982.3489622526105,18701.275732236074,1.1504568400638404
cw_v17_base,2022,R,a1b_phase,A1b 카운트 국면,2스트라이크,52814,0.2433555735771159,0.5043549058961639,0.505220065395924,0.0008651594997600709,0.5390472965562774,0.24885281041020285,451.32399158183125,24225.20737478641,0.0728647225118549
cw_v17_base,2022,R,a1b_phase,A1b 카운트 국면,3볼,7253,0.03342026688292539,0.47318351027161176,0.48131357245034206,0.008130062178730302,0.5444177649097827,0.24784340788574713,576.6459171139493,3313.3776775961055,0.8836520802020462
cw_v17_base,2022,R,a1b_phase,A1b 카운트 국면,풀카운트,10380,0.04782881156001179,0.4745664739884393,0.48197046092435425,0.00740398693591493,0.5450348881822815,0.24778124007041694,630.389379080909,4740.691211688599,1.048828629435424
cw_v17_base,2022,R,a2_li,A2 경기 중요도 li,li<0.10,20377,0.09389284134473606,0.48044363743436225,0.4881729827787913,0.007729345344429039,0.5390199430314878,0.24858110818606777,415.21139142702833,9336.5033583879,2.2438899925935587
cw_v17_base,2022,R,a2_li,A2 경기 중요도 li,0.10-0.35,24902,0.11474306989088764,0.4981126013974781,0.49759091031770336,-0.0005216910797747332,0.5512913410873247,0.24797038735356727,810.4316970965364,11381.77357719287,0.012492142888308456
cw_v17_base,2022,R,a2_li,A2 경기 중요도 li,0.35-0.70,48047,0.2213902609849602,0.5062334797177763,0.5064857799598753,0.0002523002420989906,0.5449941211237541,0.24836484238799839,638.6197945749794,21995.421420641494,0.0056373825005679385
cw_v17_base,2022,R,a2_li,A2 경기 중요도 li,0.70-1.20,58855,0.2711912046593925,0.508792795854218,0.5084346539402809,-0.0003581419139371267,0.5499188313591636,0.24795018351401948,789.2453673444155,26898.229244908747,0.013914562534435872
cw_v17_base,2022,R,a2_li,A2 경기 중요도 li,1.20-2.00,41808,0.19264228841049838,0.5088260619977037,0.5081545954798226,-0.0006714665178811918,0.5508037631673607,0.24794470282980735,791.2056576124371,19106.895098143163,0.03474433537960377
cw_v17_base,2022,R,a2_li,A2 경기 중요도 li,li>=2.00,23035,0.10614033470952522,0.5026264380290861,0.5048215593703373,0.002195121341251216,0.550320297576586,0.24794179310824202,820.5461271037051,10527.223582350742,0.20458847879616246
cw_v17_base,2022,R,a3_load,A3 전시즌 경기당 대비 등판 투구수,<0.25,43866,0.20212511058684754,0.502302466602836,0.5017748363116149,-0.0005276302912210484,0.5470367801694792,0.24819567524330838,719.6246216288005,20067.724794206217,0.022509371432375462
cw_v17_base,2022,R,a3_load,A3 전시즌 경기당 대비 등판 투구수,0.25-0.50,40366,0.18599786198761428,0.5003715998612693,0.5010463937591617,0.0006747938978923784,0.5485105723861341,0.2481754705775704,729.7569374672852,18465.048913654646,0.03387925889957275
cw_v17_base,2022,R,a3_load,A3 전시즌 경기당 대비 등판 투구수,0.50-0.75,34107,0.15715773370687114,0.5031225261676489,0.501491098560489,-0.001631427607159841,0.5465183154309549,0.24810857884440876,752.6977500925236,15597.722691367962,0.16732276325272316
cw_v17_base,2022,R,a3_load,A3 전시즌 경기당 대비 등판 투구수,0.75-1.00,25764,0.1187149808316131,0.5062102158049993,0.5027131285987066,-0.003497087206292604,0.5534938233365552,0.2477441877651954,887.0350221233947,11765.019665803798,0.580767236139806
cw_v17_base,2022,R,a3_load,A3 전시즌 경기당 대비 등판 투구수,1.00-1.25,11734,0.054067752875258036,0.49846599625021304,0.499438330611528,0.0009723343613149416,0.550570801012685,0.2478498850501731,859.1127994743042,5360.566626379211,0.02044811333085395
cw_v17_base,2022,R,a3_load,A3 전시즌 경기당 대비 등판 투구수,1.25-1.50,5170,0.023822250073724564,0.49148936170212765,0.49605926673146594,0.004569905029338295,0.5492418067541689,0.24821717000159374,684.3578884746071,2365.3654851433553,0.1990126969424166
cw_v17_base,2022,R,a3_load,A3 전시즌 경기당 대비 등판 투구수,>=1.50,8731,0.040230573577115895,0.4967357690986141,0.4958777338381221,-0.0008580352604919961,0.557767871357897,0.24750540468966378,993.6183916076425,3983.1307947834107,0.011848139293572462
cw_v17_base,2022,R,a3_load,A3 전시즌 경기당 대비 등판 투구수,전시즌없음,47286,0.21788373636095548,0.5107642854121728,0.516519679728315,0.005755394316142248,0.5464898070841674,0.24830086503951293,633.5997084093937,21641.467310286323,2.8870787989759665
cw_v17_base,2022,R,a3b_gp,A3b 등판 내 투구수,1-10,63628,0.2931841639634326,0.4962280756899478,0.49773229104124317,0.001504215351295357,0.5470948387007453,0.24821969200117106,706.472439431971,29111.2193950877,0.26536534003307044
cw_v17_base,2022,R,a3b_gp,A3b 등판 내 투구수,11-20,41971,0.19339335741669125,0.5020132948940935,0.5009376799170435,-0.001075614977049999,0.5509190750246711,0.24791611132637326,831.947615639006,19179.176706582683,0.08950326760283672
cw_v17_base,2022,R,a3b_gp,A3b 등판 내 투구수,21-35,31720,0.14615895016219405,0.5058638083228247,0.5067619593330285,0.0008981510102037404,0.5456978223781186,0.24835707948575514,643.5030119479435,14520.635217286312,0.04716369221862466
cw_v17_base,2022,R,a3b_gp,A3b 등판 내 투구수,36-60,36939,0.17020698171630788,0.5075123852838463,0.5101836216625762,0.002671236378729902,0.5484480448563356,0.24812131480210192,729.0642877902376,16893.71255967806,0.48583149783257273
cw_v17_base,2022,R,a3b_gp,A3b 등판 내 투구수,61-80,25270,0.11643873488646417,0.5110407597942224,0.5103580544663117,-0.0006827053279107043,0.5509173656361458,0.24792011496495447,783.5767302108776,11547.6310355917,0.021709394904196128
cw_v17_base,2022,R,a3b_gp,A3b 등판 내 투구수,81+,17496,0.08061781185491006,0.5122313671696388,0.5120924627884471,-0.00013890438119168458,0.5506929317007407,0.2478743721661882,790.8818801721562,7993.671367398464,0.0006222237023764972
cw_v17_base,2022,R,a4_prevp,A4 전시즌 투구수,없음,47286,0.21788373636095548,0.5107642854121728,0.516519679728315,0.005755394316142248,0.5464898070841674,0.24830086503951293,633.5997084093937,21641.467310286323,2.8870787989759665
cw_v17_base,2022,R,a4_prevp,A4 전시즌 투구수,1-200,12427,0.057260948097906224,0.4765430111853223,0.4859116333579268,0.009368622172604535,0.527505561019879,0.24906247685829133,155.25883946904128,5704.932280733681,2.01045168258294
cw_v17_base,2022,R,a4_prevp,A4 전시즌 투구수,201-600,23871,0.10999244323208493,0.4879979891919065,0.49316731603139796,0.0051693268394914504,0.5459480025570385,0.2482517426660873,642.0535750001011,10922.921464956193,1.1757486516993592
cw_v17_base,2022,R,a4_prevp,A4 전시즌 투구수,601-1200,50346,0.2319835594219994,0.5050252254399555,0.5024425770815636,-0.002582648358391948,0.5494377587608594,0.2479770278021835,799.1684480916028,23011.891322622407,0.6189725953098134
cw_v17_base,2022,R,a4_prevp,A4 전시즌 투구수,1201-2000,31403,0.14469828221763492,0.4911951087475719,0.49217257282804366,0.0009774640804717794,0.5481396543423869,0.24798500660399583,775.2273158473821,14353.983923946424,0.055302994253051144
cw_v17_base,2022,R,a4_prevp,A4 전시즌 투구수,2001-2600,25524,0.1176091123562371,0.49533772136028836,0.4948057567671673,-0.0005319645931210482,0.5387337786703729,0.2488362471475656,456.846125696464,11706.801952531488,0.01331343379053921
cw_v17_base,2022,R,a4_prevp,A4 전시즌 투구수,2601+,26167,0.12057191831318195,0.5386937746015974,0.5294830750092944,-0.009210699592303029,0.5489583257910936,0.24681118855083517,680.7180088177156,11904.048026548397,4.091806264388298
cw_v17_base,2022,R,a5_asofn,A5 투수 누적 이력,0-99,4387,0.02021435417281038,0.48301800775017095,0.49667417720175316,0.013656169451582212,0.555590720723645,0.24763443318949632,831.8310604778723,2002.4171650245466,1.5079999287929684
cw_v17_base,2022,R,a5_asofn,A5 투수 누적 이력,100-499,16944,0.07807431436154527,0.4968130311614731,0.49784933082894584,0.001036299667472762,0.5503036092079978,0.24815089280475966,735.6100556347167,7750.106621774608,0.033539960969300155
cw_v17_base,2022,R,a5_asofn,A5 투수 누적 이력,500-1499,42035,0.19368825567679152,0.49839419531342927,0.5007160402662884,0.0023218449528590868,0.5400138364829706,0.24883347368025965,465.58388665421944,19279.49911066996,0.4176893237855661
cw_v17_base,2022,R,a5_asofn,A5 투수 누적 이력,1500-3999,76996,0.35478103804187555,0.5001168891890487,0.5013853304907713,0.0012684413017225449,0.5499408853039535,0.24799208899949368,803.158978864027,35195.074051862386,0.22834147686426842
cw_v17_base,2022,R,a5_asofn,A5 투수 누적 이력,4000-7999,60064,0.2767620171040991,0.5106885988279168,0.5081950093070137,-0.002493589520903172,0.5532057921205566,0.24763323569572496,901.4191984218045,27415.683380701594,0.6883987480557564
cw_v17_base,2022,R,a5_asofn,A5 투수 누적 이력,8000+,16598,0.0764800206428782,0.5208458850463912,0.5229598818587363,0.0021139968123451425,0.5396084878941397,0.24852411102589614,417.26050404387036,7603.265951591828,0.13672260012166057
cw_v17_base,2022,R,a6_psucc,A6 투수 수준 5분위,Q1 최저,33663,0.15511187702742554,0.4546831833169949,0.45839723736977855,0.003714054052783633,0.539229932186682,0.2467884774076997,466.99963492595754,15312.763962239782,0.8559041843928274
cw_v17_base,2022,R,a6_psucc,A6 투수 수준 5분위,Q2,40640,0.18726039516366855,0.4750246062992126,0.47978582497781236,0.0047612186785997435,0.5284419783880764,0.24863273734959185,298.1408295269161,18624.64069826899,1.6981101160717957
cw_v17_base,2022,R,a6_psucc,A6 투수 수준 5분위,Q3,44222,0.20376548215865525,0.5005201031160961,0.4981376882339164,-0.002382414882179662,0.5293401686713638,0.24932211029940243,271.04797062024176,20322.403356303483,0.4626462639211034
cw_v17_base,2022,R,a6_psucc,A6 투수 수준 5분위,Q4,52849,0.24351684606310822,0.5223561467577438,0.5187185839616998,-0.0036375627960439916,0.5290574586259692,0.2488385598048201,265.18731855140754,24239.873313481443,1.288942860703207
cw_v17_base,2022,R,a6_psucc,A6 투수 수준 5분위,Q5 최고,45604,0.21013344146269536,0.5468599245680204,0.5498339106056858,0.0029739860376654104,0.5387158584196832,0.2465641606152454,500.38987115288427,20725.679567842733,0.7434584125222623
cw_v17_base,2022,R,a7_inning,A7 이닝,1-3회,72677,0.3348800132704217,0.5103265132022511,0.5115048763832354,0.0011783631809842987,0.5468974848760383,0.24820038448496612,677.4804336320827,33248.75091395443,0.18600782422068265
cw_v17_base,2022,R,a7_inning,A7 이닝,4-6회,72335,0.3333041506930109,0.506034423169973,0.5065101747702823,0.0004757516003092155,0.548586190686909,0.24815418430523897,723.8660088955684,33086.13068921771,0.030177613635370297
cw_v17_base,2022,R,a7_inning,A7 이닝,7-8회,49396,0.2276061633736361,0.4980970119037979,0.49410998287876645,-0.003987029025031452,0.5518043744503776,0.24785028749201374,858.4488927393941,22566.13081861001,1.4473263503114062
cw_v17_base,2022,R,a7_inning,A7 이닝,9회+,22616,0.10420967266293128,0.48708878669968164,0.4974768034544611,0.010388016754779461,0.546729670635815,0.24816482731640846,667.8346124760703,10345.033859842757,4.498388609969949
cw_v17_base,2022,R,a8_hand,A8 손 매치업,1v1,26793,0.12345639191978768,0.4681073414697869,0.46822850265729965,0.00012116118751276383,0.5470385346230281,0.2472537535296922,694.4674078238066,12210.687868939944,0.0007249770840667631
cw_v17_base,2022,R,a8_hand,A8 손 매치업,1v2,27640,0.12735918608080213,0.5096237337192475,0.511754908354168,0.0021311746349205185,0.5428977214338255,0.24849866942108365,563.6945603938459,12660.1251504576,0.23139395459951406
cw_v17_base,2022,R,a8_hand,A8 손 매치업,2v1,83214,0.38343224712474194,0.5109957459081405,0.5109218364079282,-7.390950021224363e-05,0.5460716487439791,0.24826433376485302,646.2164497190392,38079.0954455307,0.0008378626328352943
cw_v17_base,2022,R,a8_hand,A8 손 매치업,2v2,79377,0.3657521748746682,0.5059778021341195,0.5072633616874261,0.00128555955330667,0.5484086862407394,0.2480789081150519,754.2509166034495,36296.13781669667,0.24179926346815767
cw_v17_base,2022,R,a9_batn,A9 타자 누적 이력,0-99,3441,0.015855389265703332,0.5117698343504795,0.5106219199397805,-0.001147914410699058,0.5563214894134826,0.24732505756590684,1015.12787198067,1568.6594999650326,0.008357561499983455
cw_v17_base,2022,R,a9_batn,A9 타자 누적 이력,100-499,14808,0.0682320849306989,0.5103322528363047,0.5069596010888638,-0.0033726517474408357,0.5399616251659548,0.24863153534803256,504.8992843161737,6786.228989918752,0.31046689386857346
cw_v17_base,2022,R,a9_batn,A9 타자 누적 이력,500-1499,34054,0.1569135210852256,0.50601985082516,0.5045349415912099,-0.0014849092339500602,0.5505553975113502,0.2479850649961124,791.5933049172596,15565.732052494874,0.1384024697592207
cw_v17_base,2022,R,a9_batn,A9 타자 누적 이력,1500-3999,50087,0.23079014302565615,0.5043224788867371,0.5043260679262006,3.5890394635140765e-06,0.5464223479526622,0.24832188936980176,663.8203333971582,22925.3469267453,1.189206789174414e-06
cw_v17_base,2022,R,a9_batn,A9 타자 누적 이력,4000+,114634,0.528208861692716,0.5016225552628365,0.5039109254629085,0.0022883702000719985,0.5504706848951734,0.2479948150262219,801.0293507125455,52400.07881250094,1.1064757661429379
cw_v17_base,2022,R,a10_base,A10 주자 상황,___,116959,0.538921962547921,0.5010815755948665,0.5046971697273067,0.0036155941324401697,0.5481427594620638,0.2481753146592766,729.4096270527461,53501.7663150138,2.8181810142313
cw_v17_base,2022,R,a10_base,A10 주자 상황,1__,43047,0.19835133441462696,0.5085604107138709,0.504339467779874,-0.004220942933996885,0.5524876390892607,0.2478395862909343,835.0980170307332,19664.796581355502,1.4136364805774042
cw_v17_base,2022,R,a10_base,A10 주자 상황,_2_,16187,0.07458622087879682,0.5078149132019522,0.5040788854593001,-0.003736027742652026,0.5466116999655208,0.2482307878093016,683.4226832719947,7406.2421067228,0.41644959518884694
cw_v17_base,2022,R,a10_base,A10 주자 상황,__3,5285,0.02435214538484223,0.5086092715231788,0.5073369716238447,-0.001272299899334084,0.5450408810761501,0.24821732628854948,683.6243418474663,2417.981520321006,0.01576884447366425
cw_v17_base,2022,R,a10_base,A10 주자 상황,12_,17551,0.08087124004718373,0.5017377927183636,0.5028523735270247,0.0011145808086611142,0.5459780592965943,0.2483356393822476,664.5443051801036,8033.722192053109,0.04018841521039577
cw_v17_base,2022,R,a10_base,A10 주자 상황,1_3,6960,0.032070185785903864,0.5100574712643678,0.506711049947597,-0.0033464213167708756,0.5482747924497129,0.24821348723878178,674.4168896272718,3184.2745683258836,0.1436634753561547
cw_v17_base,2022,R,a10_base,A10 주자 상황,_23,4595,0.021172773518136245,0.5133841131664854,0.5012400338179784,-0.01214407934850692,0.5454131818081857,0.24823047901709563,636.6107548199218,2102.4056431657145,1.2490809953473303
cw_v17_base,2022,R,a10_base,A10 주자 상황,123,6440,0.029674137422589206,0.4956521739130435,0.5024221220029008,0.006769948089857314,0.5614258861439313,0.24724370208215976,1095.0405312594503,2934.8573546670896,0.5440420108671249
cw_v17_base,2022,R,a11_typemo,A11 game_type x 월블록,R|early,75061,0.34586497345915657,0.5135822864070556,0.5054876721647005,-0.008094614242355136,0.5539165227145268,0.24761313106470229,881.6067224590274,34258.150296713844,9.06530774956857
cw_v17_base,2022,R,a11_typemo,A11 game_type x 월블록,R|mid,64405,0.2967644131524624,0.5053179101001475,0.5078603955037466,0.0025424854035991373,0.5472029331737012,0.24815040670939192,728.6076696986665,29458.489094308414,0.7673834236694516
cw_v17_base,2022,R,a11_typemo,A11 game_type x 월블록,R|late,77558,0.357370613388381,0.4927667036282524,0.5005271740032621,0.007760470375009654,0.5443303402073296,0.248533802128868,565.6693024680304,35529.40689060265,8.60951296926256
cw_v17_base,2022,R,a12_role,A12 투수 역할(전시즌),불펜(<30구/경기),65155,0.3002202521380124,0.49343872304504643,0.49226547487193656,-0.0011732481731098754,0.5507766390077568,0.24787151449761832,834.3177295395243,29768.041465392496,0.16531163258447004
cw_v17_base,2022,R,a12_role,A12 투수 역할(전시즌),스윙(30-70),33492,0.15432394573872013,0.49659620207810823,0.5005490150903632,0.003952813012254974,0.5451055936561571,0.24843891679426536,619.8276710742467,15336.86525761562,0.964560595721709
cw_v17_base,2022,R,a12_role,A12 투수 역할(전시즌),선발(>=70),71091,0.327572065762312,0.5117244095595785,0.5093324230886865,-0.0023919864708920047,0.5480893683734593,0.24802100642630548,737.0179648734764,32499.67224833048,0.749735290231449
cw_v17_base,2022,R,a12_role,A12 투수 역할(전시즌),전시즌없음,47286,0.21788373636095548,0.5107642854121728,0.516519679728315,0.005755394316142248,0.5464898070841674,0.24830086503951293,633.5997084093937,21641.467310286323,2.8870787989759665
cw_v17_base,2022,R,a13_tens,A13 이닝 x 점수차,초반|0-1점,52862,0.24357674727219109,0.5104612008626235,0.5130998524810118,0.002638651618388277,0.5485943685915486,0.2481000819557104,716.5061766739145,24173.881596925374,0.6783964879918163
cw_v17_base,2022,R,a13_tens,A13 이닝 x 점수차,초반|2-3점,14390,0.06630603066941905,0.5070187630298819,0.508051735929316,0.0010329728994340481,0.5428514344034246,0.24851499896771145,574.4083875283357,6591.576426297814,0.028301831560973545
cw_v17_base,2022,R,a13_tens,A13 이닝 x 점수차,초반|4점+,5425,0.02499723532881156,0.5177880184331797,0.5051227684848443,-0.0126652499483354,0.5422704761780341,0.2483432213319356,536.8254628226877,2483.292890731243,1.6039955720197632
cw_v17_base,2022,R,a13_tens,A13 이닝 x 점수차,중반|0-1점,30302,0.13962511058684754,0.5065672232855917,0.5109937760722246,0.0044265527866329535,0.550524150680658,0.24798512687995783,788.8339639990804,13850.735019647504,1.094406040576521
cw_v17_base,2022,R,a13_tens,A13 이닝 x 점수차,중반|2-3점,24508,0.11292760247714538,0.5126489309613188,0.5053439555406741,-0.007304975420644677,0.5505942528040758,0.24796206433975185,751.6571292095375,11201.314921842688,2.4105785187917648
cw_v17_base,2022,R,a13_tens,A13 이닝 x 점수차,중반|4점+,17525,0.08075143762901799,0.49586305278174037,0.5003886121013965,0.004525559319656147,0.5413858600620114,0.24871516885388528,507.1214417106784,8034.080747727518,0.6615740211435158
cw_v17_base,2022,R,a13_tens,A13 이닝 x 점수차,후반|0-1점,24933,0.11488591123562371,0.5043115549673124,0.5010520656399997,-0.0032594893273126813,0.5460867971986936,0.24822843499985991,701.2423405570289,11407.801580463229,0.4882582118203565
cw_v17_base,2022,R,a13_tens,A13 이닝 x 점수차,후반|2-3점,21189,0.09763436301975818,0.4940771154844495,0.49671476176994184,0.0026376462854923455,0.5574798926610619,0.24727765156941683,1075.0580023907164,9657.644636196947,0.2717186598421166
cw_v17_base,2022,R,a13_tens,A13 이닝 x 점수차,후반|4점+,25890,0.11929556178118549,0.4857860177674778,0.4882337528567103,0.002447735089232461,0.5455143764273116,0.2482295406175173,627.8762543002747,11845.718461792596,0.28591488800981557
hw_v12_honest,2022,R,a1_count,A1 볼카운트,0-0,56002,0.2580451931583604,0.5062140637834363,0.5047105347324033,-0.0015035290510329036,0.537116290665652,0.24878296197584,471.44219236758823,25680.29828692029,0.23334745981677824
hw_v12_honest,2022,R,a1_count,A1 볼카운트,0-1,27455,0.1265067457976998,0.5179384447277363,0.508418535188161,-0.009519909539575266,0.5387568656393645,0.24856207987492465,447.02832337164546,12578.597337703128,4.586305537341126
hw_v12_honest,2022,R,a1_count,A1 볼카운트,0-2,13808,0.06362429961663227,0.49985515643105444,0.49788702942120683,-0.001968127009847609,0.5250459391641854,0.2496741267531866,130.34091779959846,6354.482828766014,0.09858547059055006
hw_v12_honest,2022,R,a1_count,A1 볼카운트,1-0,22089,0.10178136980241817,0.500928063742134,0.505432502498434,0.004504438756299911,0.5440241379446036,0.24846349940799678,614.2578321242543,10116.133345084678,0.8261013287515643
hw_v12_honest,2022,R,a1_count,A1 볼카운트,1-1,22133,0.1019841123562371,0.5111372159219265,0.5071358217062621,-0.004001394215664367,0.5393314791858548,0.24879112944878104,434.14859205119785,10149.650044695443,0.6531889911552997
hw_v12_honest,2022,R,a1_count,A1 볼카운트,1-2,21152,0.09746387496313771,0.5096444780635401,0.5023202604388669,-0.007324217624673168,0.5276872379039615,0.24974285638271204,65.67549954573649,9736.89316534451,2.0914611915728774
hw_v12_honest,2022,R,a1_count,A1 볼카운트,2-0,7519,0.03464593777646712,0.4935496741587977,0.4977780186212258,0.004228344462428091,0.5440048493124008,0.24831254929139654,658.4471853254392,3441.3959712555807,0.2477859613356687
hw_v12_honest,2022,R,a1_count,A1 볼카운트,2-1,11379,0.052431989088764376,0.4974075050531681,0.5011176993505213,0.0037101942973531976,0.5485717745757277,0.24831682764834104,670.5985570960582,5208.181868177748,0.2887176253503668
hw_v12_honest,2022,R,a1_count,A1 볼카운트,2-2,17854,0.08226739899734592,0.5015682760165789,0.49853069816362466,-0.0030375778529542763,0.5355148970307582,0.2491341286212345,345.36815335814987,8198.693444539951,0.30364508682073743
hw_v12_honest,2022,R,a1_count,A1 볼카운트,3-0,2406,0.011086331465644353,0.47339983374896094,0.48078187428180286,0.007382040532841916,0.5138461090711538,0.25031290050001365,-409.34630059439314,1110.0812013342693,0.24167090390767343
hw_v12_honest,2022,R,a1_count,A1 볼카운트,3-1,4847,0.02233393541728104,0.4730761295646792,0.48277596497970077,0.009699835415021563,0.5405701735662759,0.24794730873717954,532.6630842389934,2215.176375018386,0.8405772714481899
hw_v12_honest,2022,R,a1_count,A1 볼카운트,3-2,10380,0.04782881156001179,0.4745664739884393,0.481844163065206,0.00727768907676668,0.5392974251410796,0.24833432961806443,408.57963685582143,4751.2732345934155,1.0133517941939607
hw_v12_honest,2022,R,a1b_phase,A1b 카운트 국면,초구 0-0,56002,0.2580451931583604,0.5062140637834363,0.5047105347324033,-0.0015035290510329036,0.537116290665652,0.24878296197584,471.44219236758823,25680.29828692029,0.23334745981677824
hw_v12_honest,2022,R,a1b_phase,A1b 카운트 국면,투수우위 0-1,27455,0.1265067457976998,0.5179384447277363,0.508418535188161,-0.009519909539575266,0.5387568656393645,0.24856207987492465,447.02832337164546,12578.597337703128,4.586305537341126
hw_v12_honest,2022,R,a1b_phase,A1b 카운트 국면,평행 1-1,22133,0.1019841123562371,0.5111372159219265,0.5071358217062621,-0.004001394215664367,0.5393314791858548,0.24879112944878104,434.14859205119785,10149.650044695443,0.6531889911552997
hw_v12_honest,2022,R,a1b_phase,A1b 카운트 국면,타자우위 1-0/2-0/2-1,40987,0.18885929666764967,0.49859711615878205,0.5028304040454408,0.004233287886658721,0.5455128798013248,0.2483950881585801,641.1825509412661,18765.711184518,1.3538720795310406
hw_v12_honest,2022,R,a1b_phase,A1b 카운트 국면,2스트라이크,52814,0.2433555735771159,0.5043549058961639,0.4998801328447815,-0.004474773051382441,0.5298997550540725,0.24951910426816082,184.78622862500015,24290.069438650473,1.9492474803913529
hw_v12_honest,2022,R,a1b_phase,A1b 카운트 국면,3볼,7253,0.03342026688292539,0.47318351027161176,0.48211447563472054,0.008930965363108778,0.5317024857721011,0.24873203419993686,220.16998968568123,3325.2575763526547,1.0663269365323764
hw_v12_honest,2022,R,a1b_phase,A1b 카운트 국면,풀카운트,10380,0.04782881156001179,0.4745664739884393,0.481844163065206,0.00727768907676668,0.5392974251410796,0.24833432961806443,408.57963685582143,4751.2732345934155,1.0133517941939607
hw_v12_honest,2022,R,a2_li,A2 경기 중요도 li,li<0.10,20377,0.09389284134473606,0.48044363743436225,0.4866744445448551,0.006230807110492842,0.5248448793319384,0.24962873539313302,-4.481539855949457,9375.851380482089,1.4581585598964968
hw_v12_honest,2022,R,a2_li,A2 경기 중요도 li,0.10-0.35,24902,0.11474306989088764,0.4981126013974781,0.49348445325722606,-0.004628148140252031,0.5412745207243478,0.24859730206096672,559.662240899228,11410.54879236265,0.9831609590950351
hw_v12_honest,2022,R,a2_li,A2 경기 중요도 li,0.35-0.70,48047,0.2213902609849602,0.5062334797177763,0.5034945374405647,-0.002738942277211609,0.5361358952308466,0.24899908439582716,384.8835544686735,22051.59048269849,0.6643668095638274
hw_v12_honest,2022,R,a2_li,A2 경기 중요도 li,0.70-1.20,58855,0.2711912046593925,0.508792795854218,0.5042995239232918,-0.00449327193092619,0.5375820302169335,0.24880011716785078,449.1667354626028,26990.432081541956,2.1902044750033665
hw_v12_honest,2022,R,a2_li,A2 경기 중요도 li,1.20-2.00,41808,0.19264228841049838,0.5088260619977037,0.5081864909003994,-0.0006395710973043922,0.5411511299000961,0.2486092394962873,525.3081380230062,19158.105034190954,0.03152194041403496
hw_v12_honest,2022,R,a2_li,A2 경기 중요도 li,li>=2.00,23035,0.10614033470952522,0.5026264380290861,0.5049897485822422,0.002363310553156084,0.5422922700158205,0.24858019963186137,565.1764713159091,10554.329332157262,0.23714048167516666
hw_v12_honest,2022,R,a3_load,A3 전시즌 경기당 대비 등판 투구수,<0.25,43866,0.20212511058684754,0.502302466602836,0.5042922539883514,0.0019897873855154735,0.5389243602270557,0.24877614369736356,487.4323162737282,20114.658251754492,0.32012329128916334
hw_v12_honest,2022,R,a3_load,A3 전시즌 경기당 대비 등판 투구수,0.25-0.50,40366,0.18599786198761428,0.5003715998612693,0.5027968105353209,0.0024252106740515478,0.5415370539414655,0.24870052593497582,519.7346785001832,18504.114711875176,0.4376133380627253
hw_v12_honest,2022,R,a3_load,A3 전시즌 경기당 대비 등판 투구수,0.50-0.75,34107,0.15715773370687114,0.5031225261676489,0.502425752529548,-0.0006967736381008338,0.5384559128053552,0.24868083459587714,523.7865218119198,15633.698418452923,0.030521286525685466
hw_v12_honest,2022,R,a3_load,A3 전시즌 경기당 대비 등판 투구수,0.75-1.00,25764,0.1187149808316131,0.5062102158049993,0.5030806849370496,-0.003129530867949648,0.5422468196240986,0.24849154539305662,588.0458467795057,11800.5106182596,0.46510141640621283
hw_v12_honest,2022,R,a3_load,A3 전시즌 경기당 대비 등판 투구수,1.00-1.25,11734,0.054067752875258036,0.49846599625021304,0.5003055148968468,0.0018395186466337865,0.5418099921371509,0.24853009224095837,587.0273621097599,5375.278337725006,0.07318639670160715
hw_v12_honest,2022,R,a3_load,A3 전시즌 경기당 대비 등판 투구수,1.25-1.50,5170,0.023822250073724564,0.49148936170212765,0.4998907597982357,0.00840139809610807,0.5400524588082941,0.2489905962005917,374.89775089079023,2372.7357876748188,0.6726196700786042
hw_v12_honest,2022,R,a3_load,A3 전시즌 경기당 대비 등판 투구수,>=1.50,8731,0.040230573577115895,0.4967357690986141,0.501007394271746,0.004271625173131899,0.5446929958464123,0.24845749876136375,612.7645306262752,3998.452945914914,0.2936473967765687
hw_v12_honest,2022,R,a3_load,A3 전시즌 경기당 대비 등판 투구수,전시즌없음,47286,0.21788373636095548,0.5107642854121728,0.49934998789201124,-0.011414297520161543,0.5324041509619504,0.24944752331563108,174.72371841117385,21741.408031776486,11.355515316112353
hw_v12_honest,2022,R,a3b_gp,A3b 등판 내 투구수,1-10,63628,0.2931841639634326,0.4962280756899478,0.4971162148411753,0.000888139151227485,0.5391075907137434,0.24884838820117208,454.9796470642575,29184.95292067358,0.09250947052585398
hw_v12_honest,2022,R,a3b_gp,A3b 등판 내 투구수,11-20,41971,0.19339335741669125,0.5020132948940935,0.5008255456101156,-0.0011877492839779125,0.5404825667286285,0.24871518590083838,512.3126034745518,19240.994360882803,0.10913769165989308
hw_v12_honest,2022,R,a3b_gp,A3b 등판 내 투구수,21-35,31720,0.14615895016219405,0.5058638083228247,0.5051608388345185,-0.000702969488306282,0.53715606390082,0.24897165401353014,397.63938549426393,14556.567402308518,0.028892293754366187
hw_v12_honest,2022,R,a3b_gp,A3b 등판 내 투구수,36-60,36939,0.17020698171630788,0.5075123852838463,0.5064261440148927,-0.001086241268953625,0.5382096359691957,0.2487800165455034,465.52409788400695,16938.561257680725,0.08033663264161038
hw_v12_honest,2022,R,a3b_gp,A3b 등판 내 투구수,61-80,25270,0.11643873488646417,0.5110407597942224,0.5048998836185494,-0.006140876175672938,0.5351401560879896,0.24893569082422307,377.1482145980332,11594.934560411157,1.7564743624273906
hw_v12_honest,2022,R,a3b_gp,A3b 등판 내 투구수,81+,17496,0.08061781185491006,0.5122313671696388,0.5039042357805041,-0.008327131389134657,0.5369213642561435,0.24884107960499718,403.967365186253,8024.846601476626,2.2361735022324396
hw_v12_honest,2022,R,a4_prevp,A4 전시즌 투구수,없음,47286,0.21788373636095548,0.5107642854121728,0.49934998789201124,-0.011414297520161543,0.5324041509619504,0.24944752331563108,174.72371841117385,21741.408031776486,11.355515316112353
hw_v12_honest,2022,R,a4_prevp,A4 전시즌 투구수,1-200,12427,0.057260948097906224,0.4765430111853223,0.48533311414552044,0.008790102960198165,0.5188928657741518,0.24988051056861438,-172.6764043222806,5723.669856058629,1.7698241421583376
hw_v12_honest,2022,R,a4_prevp,A4 전시즌 투구수,201-600,23871,0.10999244323208493,0.4879979891919065,0.5013236418843913,0.013325652692484757,0.5375569280244962,0.24902874208031647,331.0746253978092,10957.10895338546,7.8131018434645485
hw_v12_honest,2022,R,a4_prevp,A4 전시즌 투구수,601-1200,50346,0.2319835594219994,0.5050252254399555,0.5030515011758327,-0.0019737242641227892,0.5402337460207755,0.24863545284599262,535.771824463338,23072.992166061482,0.361504597059017
hw_v12_honest,2022,R,a4_prevp,A4 전시즌 투구수,1201-2000,31403,0.14469828221763492,0.4911951087475719,0.49646631887753395,0.005271210129962067,0.5401867032323415,0.24855411608515435,547.5129081351282,14386.925384623357,1.6083023258705076
hw_v12_honest,2022,R,a4_prevp,A4 전시즌 투구수,2001-2600,25524,0.1176091123562371,0.49533772136028836,0.49778539267712435,0.0024476713168359865,0.5311464499260975,0.24930199708955608,270.5299491990276,11728.713721386657,0.28185829832870546
hw_v12_honest,2022,R,a4_prevp,A4 전시즌 투구수,2601+,26167,0.12057191831318195,0.5386937746015974,0.5244442755225678,-0.014249499079029615,0.5431839047553583,0.24735006915696595,463.86708243089106,11930.03899014134,9.79329917915123
hw_v12_honest,2022,R,a5_asofn,A5 투수 누적 이력,0-99,4387,0.02021435417281038,0.48301800775017095,0.4934854627122146,0.010467454962043654,0.541011949498657,0.24868312557483005,411.86965892761054,2010.897082805673,0.8859836935513123
hw_v12_honest,2022,R,a5_asofn,A5 투수 누적 이력,100-499,16944,0.07807431436154527,0.4968130311614731,0.48367365065613205,-0.013139380505341025,0.5281242366438059,0.24991613766830706,29.483422351472832,7805.237738779278,5.391897336782614
hw_v12_honest,2022,R,a5_asofn,A5 투수 누적 이력,500-1499,42035,0.19368825567679152,0.49839419531342927,0.49505790156036744,-0.0033362937530618253,0.524495540552701,0.24979092130459316,82.60088666763865,19353.681696914646,0.8624134257687921
hw_v12_honest,2022,R,a5_asofn,A5 투수 누적 이력,1500-3999,76996,0.35478103804187555,0.5001168891890487,0.5010212128884897,0.0009043236994409343,0.5421655403879011,0.24856802641052791,572.7840018598051,35276.811174656774,0.11606248936290907
hw_v12_honest,2022,R,a5_asofn,A5 투수 누적 이력,4000-7999,60064,0.2767620171040991,0.5106885988279168,0.5099904969788784,-0.0006981018490384017,0.5455124894723719,0.248181239638127,682.1174039226219,27476.353357145024,0.053954505941030934
hw_v12_honest,2022,R,a5_asofn,A5 투수 누적 이력,8000+,16598,0.0764800206428782,0.5208458850463912,0.5167864038283183,-0.004059481218072869,0.5325137990785512,0.24900166403014362,225.90669043930367,7617.876053132023,0.5041650379136345
hw_v12_honest,2022,R,a6_psucc,A6 투수 수준 5분위,Q1 최저,33663,0.15511187702742554,0.4546831833169949,0.4595959384268662,0.00491275510987127,0.531894020691197,0.24728896682231788,265.1457493184517,15343.818395380868,1.4975417594965683
hw_v12_honest,2022,R,a6_psucc,A6 투수 수준 5분위,Q2,40640,0.18726039516366855,0.4750246062992126,0.4814276067678622,0.006403000468649611,0.5107857249643047,0.24976168722684314,-154.56866831353722,18709.208346336167,3.071119100170329
hw_v12_honest,2022,R,a6_psucc,A6 투수 수준 5분위,Q3,44222,0.20376548215865525,0.5005201031160961,0.49510155388819066,-0.0054185492279054115,0.5158833735676743,0.2499961040254355,1.4501884943896037,20377.34101242878,2.393207302747969
hw_v12_honest,2022,R,a6_psucc,A6 투수 수준 5분위,Q4,52849,0.24351684606310822,0.5223561467577438,0.5146094422920849,-0.007746704465658838,0.5169729688415345,0.24952424818954136,-9.637462068057268,24306.66762217382,5.845836206409601
hw_v12_honest,2022,R,a6_psucc,A6 투수 수준 5분위,Q5 최고,45604,0.21013344146269536,0.5468599245680204,0.5439126552573381,-0.0029472693106822323,0.5285122798588149,0.24725022957084788,223.5305196817805,20783.349122492444,0.7301607326982916
hw_v12_honest,2022,R,a7_inning,A7 이닝,1-3회,72677,0.3348800132704217,0.5103265132022511,0.5098785695816379,-0.00044794362061317816,0.5363048904722293,0.24888766437719653,402.45116369248547,33340.81845040228,0.02687940162288754
hw_v12_honest,2022,R,a7_inning,A7 이닝,4-6회,72335,0.3333041506930109,0.506034423169973,0.5025033323841145,-0.0035310907858585594,0.5370834148776934,0.24893272941032718,412.40260001834673,33189.93327133623,1.6624253224014567
hw_v12_honest,2022,R,a7_inning,A7 이닝,7-8회,49396,0.2276061633736361,0.4980970119037979,0.49214176511359725,-0.005955246790200652,0.5429311917422505,0.24855409535020748,576.9216714120673,22630.210712806936,3.2289937312396373
hw_v12_honest,2022,R,a7_inning,A7 이닝,9회+,22616,0.10420967266293128,0.48708878669968164,0.49705992321936165,0.009971136519680013,0.5371703814827335,0.24900109588488528,333.1039874692632,10379.894668887968,4.144584637295407
hw_v12_honest,2022,R,a8_hand,A8 손 매치업,1v1,26793,0.12345639191978768,0.4681073414697869,0.4691694984151138,0.0010621569453269086,0.5377656874599472,0.2480953893162739,356.4377971829624,12252.252260754301,0.055715319216225
hw_v12_honest,2022,R,a8_hand,A8 손 매치업,1v2,27640,0.12735918608080213,0.5096237337192475,0.5133500271227126,0.0037262934034650863,0.527004266734682,0.24948182303328384,170.28737191858713,12710.213337253834,0.7074048395105031
hw_v12_honest,2022,R,a8_hand,A8 손 매치업,2v1,83214,0.38343224712474194,0.5109957459081405,0.5067740896681561,-0.004221656239984384,0.5345405880829728,0.24898609852945072,357.3708507213946,38189.80063198881,2.7336192534506334
hw_v12_honest,2022,R,a8_hand,A8 손 매치업,2v2,79377,0.3657521748746682,0.5059778021341195,0.5042545445685286,-0.0017232575655908855,0.5404281078220268,0.24871081152812954,501.45341738936366,36388.59087343646,0.43448117194474245
hw_v12_honest,2022,R,a9_batn,A9 타자 누적 이력,0-99,3441,0.015855389265703332,0.5117698343504795,0.507995675404204,-0.00377415894627553,0.5413550201454801,0.24820880035873252,661.4347678413957,1574.2646397803635,0.09034433752088553
hw_v12_honest,2022,R,a9_batn,A9 타자 누적 이력,100-499,14808,0.0682320849306989,0.5103322528363047,0.5030588612985583,-0.007273391537746421,0.5341052372857653,0.2491900003794071,281.4178403190537,6801.471913872324,1.4439303074259822
hw_v12_honest,2022,R,a9_batn,A9 타자 누적 이력,500-1499,34054,0.1569135210852256,0.50601985082516,0.5011347784774879,-0.004885072347672104,0.5393758271792686,0.2487632188959821,480.286619690673,15614.575861299109,1.4979110487046872
hw_v12_honest,2022,R,a9_batn,A9 타자 누적 이력,1500-3999,50087,0.23079014302565615,0.5043224788867371,0.499010322584388,-0.0053121563023491025,0.5358085991482276,0.24913541419846438,338.38608050724696,23000.45242379972,2.6052091967372535
hw_v12_honest,2022,R,a9_batn,A9 타자 누적 이력,4000+,114634,0.528208861692716,0.5016225552628365,0.5033365554010018,0.0017140001381652503,0.5402172805108143,0.248704786445505,517.0377923573777,52550.09226468189,0.6207418761438556
hw_v12_honest,2022,R,a10_base,A10 주자 상황,___,116959,0.538921962547921,0.5010815755948665,0.5008961639661424,-0.000185411628724097,0.5372589274910352,0.24890850772666814,436.13102778014,53659.8284663975,0.007411113710111478
hw_v12_honest,2022,R,a10_base,A10 주자 상황,1__,43047,0.19835133441462696,0.5085604107138709,0.5026691208513836,-0.0058912898624873256,0.5417432737311716,0.24862107585750987,522.4105346557039,19726.8037594143,2.7538454640691903
hw_v12_honest,2022,R,a10_base,A10 주자 상황,_2_,16187,0.07458622087879682,0.5078149132019522,0.502941471016831,-0.004873442185121202,0.5368874175927038,0.24898439099775316,381.90775036416323,7428.726697435045,0.7086207997822153
hw_v12_honest,2022,R,a10_base,A10 주자 상황,__3,5285,0.02435214538484223,0.5086092715231788,0.5067985945752105,-0.001810676947968326,0.5403203186598089,0.24856432252882824,544.7846828003478,2421.361745662888,0.031937640590656395
hw_v12_honest,2022,R,a10_base,A10 주자 상황,12_,17551,0.08087124004718373,0.5017377927183636,0.502651899922114,0.0009141072037504028,0.536532572326135,0.24904900264099553,379.19555475530717,8056.79967805977,0.02703161676476138
hw_v12_honest,2022,R,a10_base,A10 주자 상황,1_3,6960,0.032070185785903864,0.5100574712643678,0.5081720937829419,-0.0018853774814259205,0.5414456238899674,0.24864697296215799,500.9524146572075,3189.8356584182657,0.04560177667890981
hw_v12_honest,2022,R,a10_base,A10 주자 상황,_23,4595,0.021172773518136245,0.5133841131664854,0.5037575807585072,-0.009626532407978172,0.5386897020583447,0.24881621266705453,402.1492943041993,2107.366555846307,0.7848762047719324
hw_v12_honest,2022,R,a10_base,A10 주자 상황,123,6440,0.029674137422589206,0.4956521739130435,0.5031710559685281,0.007518882055484566,0.5449193913046162,0.2485307112776386,580.1979235701693,2950.134542199333,0.6710707422050309
hw_v12_honest,2022,R,a11_typemo,A11 game_type x 월블록,R|early,75061,0.34586497345915657,0.5135822864070556,0.5058698923228878,-0.007712394084167795,0.5404229587224233,0.24852689663117897,515.8305845293864,34384.57298672918,8.229409321593806
hw_v12_honest,2022,R,a11_typemo,A11 game_type x 월블록,R|mid,64405,0.2967644131524624,0.5053179101001475,0.5009320304531093,-0.004385879647038182,0.5404184577306018,0.2487279007083958,497.583936537338,29527.04469692569,2.2835414393287503
hw_v12_honest,2022,R,a11_typemo,A11 game_type x 월블록,R|late,77558,0.357370613388381,0.4927667036282524,0.4992745789420714,0.006507875313818967,0.5337108844683949,0.24923214640825947,286.2731180337863,35629.23941977854,6.054537047960831
hw_v12_honest,2022,R,a12_role,A12 투수 역할(전시즌),불펜(<30구/경기),65155,0.3002202521380124,0.49343872304504643,0.49417699572720514,0.0007382726821587027,0.5421406144457589,0.2485451961845474,564.7986431982055,29848.947028226637,0.06545717215534197
hw_v12_honest,2022,R,a12_role,A12 투수 역할(전시즌),스윙(30-70),33492,0.15432394573872013,0.49659620207810823,0.5028829757670501,0.006286773688941871,0.5359475841422757,0.24910098764456431,354.9870573504421,15377.736839061286,2.439903381316655
hw_v12_honest,2022,R,a12_role,A12 투수 역할(전시즌),선발(>=70),71091,0.327572065762312,0.5117244095595785,0.5106615871785771,-0.001062822381001416,0.5391857829312909,0.24857881477528904,513.7718740603981,32572.765204369,0.1480171024386829
hw_v12_honest,2022,R,a12_role,A12 투수 역할(전시즌),전시즌없음,47286,0.21788373636095548,0.5107642854121728,0.49934998789201124,-0.011414297520161543,0.5324041509619504,0.24944752331563108,174.72371841117385,21741.408031776486,11.355515316112353
hw_v12_honest,2022,R,a13_tens,A13 이닝 x 점수차,초반|0-1점,52862,0.24357674727219109,0.5104612008626235,0.5117166083157165,0.0012554074530930492,0.539786072172861,0.24868275100237808,483.3364887001701,24230.65454288051,0.1535638133589821
hw_v12_honest,2022,R,a13_tens,A13 이닝 x 점수차,초반|2-3점,14390,0.06630603066941905,0.5070187630298819,0.5074313577420744,0.00041259471219246,0.5261294118547178,0.2494828509654712,187.1912864668479,6617.2475947950015,0.00451527287997841
hw_v12_honest,2022,R,a13_tens,A13 이닝 x 점수차,초반|4점+,5425,0.02499723532881156,0.5177880184331797,0.49845976309508744,-0.019328255338092237,0.5324894289107859,0.2493056175227038,151.3791446872359,2492.916312726753,3.7356049618788
hw_v12_honest,2022,R,a13_tens,A13 이닝 x 점수차,중반|0-1점,30302,0.13962511058684754,0.5065672232855917,0.5068865517841668,0.0003193284985750777,0.5379450179771795,0.24879986451732192,462.88267799540205,13896.240632293078,0.005695377883186367
hw_v12_honest,2022,R,a13_tens,A13 이닝 x 점수차,중반|2-3점,24508,0.11292760247714538,0.5126489309613188,0.5017221526082134,-0.010926778353105404,0.5384332219038522,0.24881138137752673,411.71275588156584,11239.681547132466,5.393467069125609
hw_v12_honest,2022,R,a13_tens,A13 이닝 x 점수차,중반|4점+,17525,0.08075143762901799,0.49586305278174037,0.49601687530493654,0.00015382252319617873,0.5325388808894429,0.2493321627670015,260.3069802053715,8054.011091910683,0.0007643174606160847
hw_v12_honest,2022,R,a13_tens,A13 이닝 x 점수차,후반|0-1점,24933,0.11488591123562371,0.5043115549673124,0.5007013528208902,-0.003610202146422159,0.5360222334495862,0.24901158956018168,387.9572211655913,11443.79291171821,0.5989815836251693
hw_v12_honest,2022,R,a13_tens,A13 이닝 x 점수차,후반|2-3점,21189,0.09763436301975818,0.4940771154844495,0.49413571214241475,5.85966579652597e-05,0.5505798213061163,0.24787649036460938,835.4888674350968,9681.032808325046,0.00013410100954765403
hw_v12_honest,2022,R,a13_tens,A13 이닝 x 점수차,후반|4점+,25890,0.11929556178118549,0.4857860177674778,0.48656289759024535,0.0007768798227675289,0.5345328138092471,0.24905855394405926,296.0027203646187,11885.279661651648,0.028801534508741188
ye_hand,2022,R,a1_count,A1 볼카운트,0-0,56002,0.2580451931583604,0.5062140637834363,0.5134340919073278,0.007220028123891553,0.5384566200782359,0.24894540941553045,406.45317839522744,25697.066712997646,5.380928338534351
ye_hand,2022,R,a1_count,A1 볼카운트,0-1,27455,0.1265067457976998,0.5179384447277363,0.5151438505369145,-0.002794594190821842,0.5392817625983187,0.24869729865003862,392.8711047973432,12585.440145445611,0.39521629677251213
ye_hand,2022,R,a1_count,A1 볼카운트,0-2,13808,0.06362429961663227,0.49985515643105444,0.510370604956377,0.010515448525322546,0.5227338860886636,0.2501746527769036,-69.86950848857364,6367.221769978791,2.8142474060765195
ye_hand,2022,R,a1_count,A1 볼카운트,1-0,22089,0.10178136980241817,0.500928063742134,0.5118930847913373,0.010965021049203272,0.5459873934010468,0.24848637103110083,605.1091513635142,10117.064557877262,4.895205037938433
ye_hand,2022,R,a1_count,A1 볼카운트,1-1,22133,0.1019841123562371,0.5111372159219265,0.5142956705413062,0.0031584546193796914,0.5406221524220987,0.24880548922746862,428.4018293180258,10150.235864329452,0.40697287034293733
ye_hand,2022,R,a1_count,A1 볼카운트,1-2,21152,0.09746387496313771,0.5096444780635401,0.510401555508511,0.0007570774449708884,0.5288252069400491,0.2494287615749693,191.36018536822786,9724.647339253317,0.022346419424681217
ye_hand,2022,R,a1_count,A1 볼카운트,2-0,7519,0.03464593777646712,0.4935496741587977,0.507506954064763,0.013957279905965292,0.5508687407865329,0.24830816055854182,660.2029706770929,3441.3351472351746,2.6998370544820336
ye_hand,2022,R,a1_count,A1 볼카운트,2-1,11379,0.052431989088764376,0.4974075050531681,0.5098644374917916,0.012456932438623447,0.5511474367569017,0.24837336153484185,647.9843945338737,5209.3676064356,3.254634381660304
ye_hand,2022,R,a1_count,A1 볼카운트,2-2,17854,0.08226739899734592,0.5015682760165789,0.507046937664921,0.005478661648342098,0.5372281366628877,0.24912773310261094,347.92638597535006,8198.482975998753,0.9877803514476367
ye_hand,2022,R,a1_count,A1 볼카운트,3-0,2406,0.011086331465644353,0.47339983374896094,0.4936549883879407,0.020255154638979755,0.5258728872929562,0.2499278466177577,-254.887586997965,1108.3735742989095,1.819460543003304
ye_hand,2022,R,a1_count,A1 볼카운트,3-1,4847,0.02233393541728104,0.4730761295646792,0.49561266217627514,0.02253653261159594,0.5398471941945815,0.24852246468342826,301.93168176483323,2220.314853312708,4.537567598710595
ye_hand,2022,R,a1_count,A1 볼카운트,3-2,10380,0.04782881156001179,0.4745664739884393,0.49270317690779575,0.01813670291935643,0.5405434422857633,0.24869127811705793,265.4298433257485,4758.102575715944,6.293466497001774
ye_hand,2022,R,a1b_phase,A1b 카운트 국면,초구 0-0,56002,0.2580451931583604,0.5062140637834363,0.5134340919073278,0.007220028123891553,0.5384566200782359,0.24894540941553045,406.45317839522744,25697.066712997646,5.380928338534351
ye_hand,2022,R,a1b_phase,A1b 카운트 국면,투수우위 0-1,27455,0.1265067457976998,0.5179384447277363,0.5151438505369145,-0.002794594190821842,0.5392817625983187,0.24869729865003862,392.8711047973432,12585.440145445611,0.39521629677251213
ye_hand,2022,R,a1b_phase,A1b 카운트 국면,평행 1-1,22133,0.1019841123562371,0.5111372159219265,0.5142956705413062,0.0031584546193796914,0.5406221524220987,0.24880548922746862,428.4018293180258,10150.235864329452,0.40697287034293733
ye_hand,2022,R,a1b_phase,A1b 카운트 국면,타자우위 1-0/2-0/2-1,40987,0.18885929666764967,0.49859711615878205,0.5105252536606216,0.011928137501839575,0.5483911771505362,0.24842230438555218,630.2959744496794,18767.767311548032,10.748981066204129
ye_hand,2022,R,a1b_phase,A1b 카운트 국면,2스트라이크,52814,0.2433555735771159,0.5043549058961639,0.5092594206161847,0.004904514720020736,0.5301191801248488,0.24952200774777994,183.62474866652212,24290.352085230857,2.3416233401776965
ye_hand,2022,R,a1b_phase,A1b 카운트 국면,3볼,7253,0.03342026688292539,0.47318351027161176,0.49496325322346485,0.021779742951853087,0.535057381334534,0.24898866472947773,117.22164732435036,3328.688427611617,6.341603277636274
ye_hand,2022,R,a1b_phase,A1b 카운트 국면,풀카운트,10380,0.04782881156001179,0.4745664739884393,0.49270317690779575,0.01813670291935643,0.5405434422857633,0.24869127811705793,265.4298433257485,4758.102575715944,6.293466497001774
ye_hand,2022,R,a2_li,A2 경기 중요도 li,li<0.10,20377,0.09389284134473606,0.48044363743436225,0.49967479780672447,0.01923116037236222,0.5250435976127756,0.2500238560363047,-162.7719506287928,9390.691789066877,13.890795480239825
ye_hand,2022,R,a2_li,A2 경기 중요도 li,0.10-0.35,24902,0.11474306989088764,0.4981126013974781,0.5057384942478236,0.007625892850345484,0.5382490027814318,0.24901575100629453,392.28027772678644,11429.755485549547,2.669263936658024
ye_hand,2022,R,a2_li,A2 경기 중요도 li,0.35-0.70,48047,0.2213902609849602,0.5062334797177763,0.5123572722125616,0.00612379249478523,0.5382721837939606,0.24904601588658928,366.1080399780303,22055.746779166566,3.3211087807133866
ye_hand,2022,R,a2_li,A2 경기 중요도 li,0.70-1.20,58855,0.2711912046593925,0.508792795854218,0.5129837406460118,0.004190944791793827,0.5403755333989173,0.24878904188635428,453.59821851078675,26989.2306085024,1.9053867296939855
ye_hand,2022,R,a2_li,A2 경기 중요도 li,1.20-2.00,41808,0.19264228841049838,0.5088260619977037,0.5130325070781905,0.0042064450804867315,0.5435584116515788,0.24855801252239074,545.8053144501873,19154.15742649752,1.3635332449533888
ye_hand,2022,R,a2_li,A2 경기 중요도 li,li>=2.00,23035,0.10614033470952522,0.5026264380290861,0.5110112986068935,0.008384860577807407,0.5433482285668089,0.24866832583919138,529.9250157008162,10558.071034096245,2.985078801645302
ye_hand,2022,R,a3_load,A3 전시즌 경기당 대비 등판 투구수,<0.25,43866,0.20212511058684754,0.502302466602836,0.509232064173572,0.006929597570736079,0.5370047570141524,0.24909466841852948,360.01972597117236,20140.412392870137,3.882575905628011
ye_hand,2022,R,a3_load,A3 전시즌 경기당 대비 등판 투구수,0.25-0.50,40366,0.18599786198761428,0.5003715998612693,0.5080190464230238,0.007647446561754423,0.5375121776365587,0.24912186153356355,351.2003459758661,18535.463428244606,4.351354941279875
ye_hand,2022,R,a3_load,A3 전시즌 경기당 대비 등판 투구수,0.50-0.75,34107,0.15715773370687114,0.5031225261676489,0.5064986506787775,0.0033761245111286753,0.5391920983463735,0.248914468587018,430.3292804597403,15648.386174201094,0.7165662079045689
ye_hand,2022,R,a3_load,A3 전시즌 경기당 대비 등판 투구수,0.75-1.00,25764,0.1187149808316131,0.5062102158049993,0.5061568775212674,-5.3338283731885205e-05,0.5450518286114243,0.24849360127913298,587.2233654671377,11800.608249369887,0.00013510370454283854
ye_hand,2022,R,a3_load,A3 전시즌 경기당 대비 등판 투구수,1.00-1.25,11734,0.054067752875258036,0.49846599625021304,0.5053080766293228,0.006842080379109716,0.5356487024846341,0.249317129852042,272.2093543982895,5392.300607276699,1.0125076661336088
ye_hand,2022,R,a3_load,A3 전시즌 경기당 대비 등판 투구수,1.25-1.50,5170,0.023822250073724564,0.49148936170212765,0.5055923901178978,0.014103028415770158,0.5382190051957333,0.24954345884837228,153.6886022108108,2378.00424764911,1.8953577592464124
ye_hand,2022,R,a3_load,A3 전시즌 경기당 대비 등판 투구수,>=1.50,8731,0.040230573577115895,0.4967357690986141,0.5044207334086618,0.0076849643100476706,0.5445739305983415,0.24864485269879522,537.8197614466562,4001.4680527512387,0.9504375597332165
ye_hand,2022,R,a3_load,A3 전시즌 경기당 대비 등판 투구수,전시즌없음,47286,0.21788373636095548,0.5107642854121728,0.5222883875595727,0.011524102147399962,0.5404933162919962,0.24875455316519848,452.0403091006653,21681.00997051639,11.575044482246145
ye_hand,2022,R,a3b_gp,A3b 등판 내 투구수,1-10,63628,0.2931841639634326,0.4962280756899478,0.5072191894525541,0.010991113762606253,0.5380107518450181,0.2490890223541844,358.72050778521515,29213.174507630752,14.167968120042074
ye_hand,2022,R,a3b_gp,A3b 등판 내 투구수,11-20,41971,0.19339335741669125,0.5020132948940935,0.5086502233567264,0.006636928462632863,0.5410584572234868,0.24890591410624166,436.02008435018604,19255.74939206972,3.407685312650102
ye_hand,2022,R,a3b_gp,A3b 등판 내 투구수,21-35,31720,0.14615895016219405,0.5058638083228247,0.5141563576837254,0.008292549360900625,0.5372580519312451,0.2490930568931646,349.07155376698864,14563.66543604748,4.020547540858407
ye_hand,2022,R,a3b_gp,A3b 등판 내 투구수,36-60,36939,0.17020698171630788,0.5075123852838463,0.5134799452813447,0.005967559997498317,0.5415739737355338,0.24878183698220144,464.7957587868068,16938.685204848804,2.424681030961961
ye_hand,2022,R,a3b_gp,A3b 등판 내 투구수,61-80,25270,0.11643873488646417,0.5110407597942224,0.5128989658940198,0.001858206099797477,0.5393443260851615,0.2488307119502744,419.1602489726831,11590.044851066425,0.16083067963354009
ye_hand,2022,R,a3b_gp,A3b 등판 내 투구수,81+,17496,0.08061781185491006,0.5122313671696388,0.5112789339340512,-0.0009524332355875798,0.541378665340476,0.24857710548419537,509.6202388671478,8016.333731215989,0.029253898239055623
ye_hand,2022,R,a4_prevp,A4 전시즌 투구수,없음,47286,0.21788373636095548,0.5107642854121728,0.5222883875595727,0.011524102147399962,0.5404933162919962,0.24875455316519848,452.0403091006653,21681.00997051639,11.575044482246145
ye_hand,2022,R,a4_prevp,A4 전시즌 투구수,1-200,12427,0.057260948097906224,0.4765430111853223,0.502306718609801,0.025763707424478755,0.5163797442592805,0.2509508769502149,-601.7673523683875,5748.187269519025,15.204036659365807
ye_hand,2022,R,a4_prevp,A4 전시즌 투구수,201-600,23871,0.10999244323208493,0.4879979891919065,0.508928937955721,0.020930948763814516,0.5366267867947141,0.24954223221856622,125.56015408708987,10979.702198423322,19.276329198281957
ye_hand,2022,R,a4_prevp,A4 전시즌 투구수,601-1200,50346,0.2319835594219994,0.5050252254399555,0.508396603544527,0.003371378104571443,0.5409475254346513,0.24882820220380852,458.6642925846762,23090.87901354037,1.0547651885577325
ye_hand,2022,R,a4_prevp,A4 전시즌 투구수,1201-2000,31403,0.14469828221763492,0.4911951087475719,0.5019468425886898,0.010751733841117939,0.5382079634213413,0.24902020038623035,361.0213558463582,14413.903493729493,6.691200467832283
ye_hand,2022,R,a4_prevp,A4 전시즌 투구수,2001-2600,25524,0.1176091123562371,0.49533772136028836,0.4963221856458997,0.0009844642856113306,0.5298837306185793,0.249358901601248,247.76616527114604,11731.390862905304,0.045595770530832185
ye_hand,2022,R,a4_prevp,A4 전시즌 투구수,2601+,26167,0.12057191831318195,0.5386937746015974,0.5231945978209721,-0.01549917678062529,0.5428798486649788,0.247402759403274,442.66400220596137,11932.580314245262,11.586361924286722
ye_hand,2022,R,a5_asofn,A5 투수 누적 이력,0-99,4387,0.02021435417281038,0.48301800775017095,0.5142202120135652,0.031202204263394206,0.542595526491232,0.24949371527726852,87.259322971045,2017.4516588920806,7.872525538086389
ye_hand,2022,R,a5_asofn,A5 투수 누적 이력,100-499,16944,0.07807431436154527,0.4968130311614731,0.512026692680451,0.015213661518977906,0.5367492803726385,0.24955585126996654,173.60383687951008,7793.9854802443415,7.22868557203165
ye_hand,2022,R,a5_asofn,A5 투수 누적 이력,500-1499,42035,0.19368825567679152,0.49839419531342927,0.5121146169924654,0.013720421679036143,0.5323634646218313,0.24979081891771268,82.64184184226808,19353.673764027877,14.585518161099948
ye_hand,2022,R,a5_asofn,A5 투수 누적 이력,1500-3999,76996,0.35478103804187555,0.5001168891890487,0.5068245780721643,0.00670768888311557,0.5416102082483092,0.24876697382748383,493.20503072826097,35305.045821578125,6.38542602763692
ye_hand,2022,R,a5_asofn,A5 투수 누적 이력,4000-7999,60064,0.2767620171040991,0.5106885988279168,0.511953542181969,0.0012649433540521393,0.5449319932363171,0.24834475406336146,616.6817307352356,27494.45617641244,0.17714638685134074
ye_hand,2022,R,a5_asofn,A5 투수 누적 이력,8000+,16598,0.0764800206428782,0.5208458850463912,0.5164974409385571,-0.004348444107834082,0.5332275571847531,0.24884359765323047,289.2433331909361,7613.040221724302,0.5784947705183368
ye_hand,2022,R,a6_psucc,A6 투수 수준 5분위,Q1 최저,33663,0.15511187702742554,0.4546831833169949,0.4628346824394738,0.008151499122478867,0.5364336630804974,0.2471475997408469,322.16093057593207,15335.046832083692,4.122908360367624
ye_hand,2022,R,a6_psucc,A6 투수 수준 5분위,Q2,40640,0.18726039516366855,0.4750246062992126,0.48736444526629785,0.012339838967085237,0.5188801489199896,0.2495250242705564,-59.666697679672254,18691.480340867474,11.406399447076502
ye_hand,2022,R,a6_psucc,A6 투수 수준 5분위,Q3,44222,0.20376548215865525,0.5005201031160961,0.5058083269390934,0.005288223822997318,0.5147871409782967,0.25010844404447685,-43.48586774425289,20386.49791863847,2.2794702545694085
ye_hand,2022,R,a6_psucc,A6 투수 수준 5분위,Q4,52849,0.24351684606310822,0.5223561467577438,0.5231061348572839,0.0007499880995400776,0.5149829407632563,0.24946778456173524,12.993232093561069,24301.167384646673,0.05479253719559884
ye_hand,2022,R,a6_psucc,A6 투수 수준 5분위,Q5 최고,45604,0.21013344146269536,0.5468599245680204,0.5565183720997146,0.009658447531694203,0.5185265675152768,0.2479542177585829,-60.560039303592106,20842.52493118311,7.841397670485019
ye_hand,2022,R,a7_inning,A7 이닝,1-3회,72677,0.3348800132704217,0.5103265132022511,0.5155213318432349,0.0051948186409838115,0.5390729323057379,0.2488814193277864,404.95024943532076,33339.981867925926,3.615044644462522
ye_hand,2022,R,a7_inning,A7 이닝,4-6회,72335,0.3333041506930109,0.506034423169973,0.512016158679475,0.005981735509501984,0.5382999845789141,0.24905220192381144,364.60663280496465,33205.862413155766,4.770663567680498
ye_hand,2022,R,a7_inning,A7 이닝,7-8회,49396,0.2276061633736361,0.4980970119037979,0.5033739421468001,0.005276930243002187,0.5442226348090115,0.2484545346596685,616.7465245087711,22621.145968158755,2.535305980157181
ye_hand,2022,R,a7_inning,A7 이닝,9회+,22616,0.10420967266293128,0.48708878669968164,0.505694095020593,0.018605308320911396,0.5322235682267799,0.24973918783530802,37.67021273407556,10410.662873638697,14.429970086560678
ye_hand,2022,R,a8_hand,A8 손 매치업,1v1,26793,0.12345639191978768,0.4681073414697869,0.48738543986561744,0.019278098395830556,0.5401523129845295,0.24843921900864743,218.34407672480793,12269.232375287294,18.353784230830954
ye_hand,2022,R,a8_hand,A8 손 매치업,1v2,27640,0.12735918608080213,0.5096237337192475,0.5177491453420231,0.00812541162277558,0.5321832185773552,0.24940290013613686,201.86823038019776,12706.19249578436,3.3636025513158287
ye_hand,2022,R,a8_hand,A8 손 매치업,2v1,83214,0.38343224712474194,0.5109957459081405,0.5123267283297681,0.0013309824216276578,0.5367363870942113,0.24896933449284683,364.0797099397686,38187.22934299127,0.2717170748467004
ye_hand,2022,R,a8_hand,A8 손 매치업,2v2,79377,0.3657521748746682,0.5059778021341195,0.5140381814998468,0.008060379365727344,0.5394080798336416,0.24889130667104423,429.245039012538,36414.998908816226,9.505643854703045
ye_hand,2022,R,a9_batn,A9 타자 누적 이력,0-99,3441,0.015855389265703332,0.5117698343504795,0.5426317529562379,0.030861918605758376,0.5339714988778022,0.25058729709395255,-290.49140377155334,1589.350258423531,6.0409662334249346
ye_hand,2022,R,a9_batn,A9 타자 누적 이력,100-499,14808,0.0682320849306989,0.5103322528363047,0.5258908223580813,0.015558569521776588,0.5289414662694903,0.25010352157137267,-84.14674051056004,6826.405854722361,6.607111377556138
ye_hand,2022,R,a9_batn,A9 타자 누적 이력,500-1499,34054,0.1569135210852256,0.50601985082516,0.5186257827505826,0.012605931925422587,0.5383945185881512,0.24905261635688328,364.51085312159125,15632.741000934155,9.974564413426286
ye_hand,2022,R,a9_batn,A9 타자 누적 이력,1500-3999,50087,0.23079014302565615,0.5043224788867371,0.5089826622451047,0.004660183358367598,0.5342863972609699,0.24931610535619086,266.1042154101456,23017.1340280191,2.00496558270298
ye_hand,2022,R,a9_batn,A9 타자 누적 이력,4000+,114634,0.528208861692716,0.5016225552628365,0.505917837662996,0.004295282400159528,0.5442739354199346,0.24852461051393765,589.108923946835,52512.021980779995,3.898277796470237
ye_hand,2022,R,a10_base,A10 주자 상황,___,116959,0.538921962547921,0.5010815755948665,0.5104716138588985,0.009390038264031952,0.5380960151667721,0.24910682716033125,356.8028831208103,53702.58227537377,19.008343124492637
ye_hand,2022,R,a10_base,A10 주자 상황,1__,43047,0.19835133441462696,0.5085604107138709,0.5104915118225817,0.0019311011087107532,0.5439062047706057,0.2485281324369577,559.5988035959176,19719.429176983434,0.2958889925938252
ye_hand,2022,R,a10_base,A10 주자 상황,_2_,16187,0.07458622087879682,0.5078149132019522,0.5115323881552799,0.0037174749533277485,0.5361903435613512,0.24902971293829335,363.7745443604734,7430.078928023964,0.4123237599096625
ye_hand,2022,R,a10_base,A10 주자 상황,__3,5285,0.02435214538484223,0.5086092715231788,0.5092556540052627,0.0006463824820839292,0.5442964037029906,0.24877333538198326,461.15474708346983,2423.3978211617073,0.004070052769038714
ye_hand,2022,R,a10_base,A10 주자 상황,12_,17551,0.08087124004718373,0.5017377927183636,0.5107357950333242,0.008998002314960618,0.5375478632415369,0.24919295975658184,321.6120129292066,8061.45672799858,2.619207826937203
ye_hand,2022,R,a10_base,A10 주자 상황,1_3,6960,0.032070185785903864,0.5100574712643678,0.5125883676507954,0.0025308963864275613,0.5381758291685598,0.24892230978565183,390.7731055088126,3193.367892119699,0.08217389325956034
ye_hand,2022,R,a10_base,A10 주자 상황,_23,4595,0.021172773518136245,0.5133841131664854,0.5089842527146071,-0.004399860451878235,0.5441588981717337,0.24839992247391535,568.7847722021022,2103.840756537875,0.16396049208103208
ye_hand,2022,R,a10_base,A10 주자 상황,123,6440,0.029674137422589206,0.4956521739130435,0.5098415310216978,0.014189357108654321,0.5531628003969283,0.24797175349819292,803.7979427222841,2943.4995446801263,2.3899410986162293
ye_hand,2022,R,a11_typemo,A11 game_type x 월블록,R|early,75061,0.34586497345915657,0.5135822864070556,0.5148606289820107,0.0012783425749550714,0.5393715821690963,0.24888244994222244,373.5042355041851,34433.76504175407,0.2260917654278648
ye_hand,2022,R,a11_typemo,A11 game_type x 월블록,R|mid,64405,0.2967644131524624,0.5053179101001475,0.5126737036445312,0.00735579354438376,0.5388987506506274,0.2488438702496232,451.1908720317703,29540.811700215432,6.4232457736174595
ye_hand,2022,R,a11_typemo,A11 game_type x 월블록,R|late,77558,0.357370613388381,0.4927667036282524,0.5046541429185247,0.011887439290272306,0.5384471471067048,0.24904913182697597,359.49427443962014,35603.07638090963,20.20129068001617
ye_hand,2022,R,a12_role,A12 투수 역할(전시즌),불펜(<30구/경기),65155,0.3002202521380124,0.49343872304504643,0.5026042302984931,0.00916550725344667,0.5412498987499655,0.24883983439259297,446.92306163731655,29884.33149913757,10.088733557932
ye_hand,2022,R,a12_role,A12 투수 역할(전시즌),스윙(30-70),33492,0.15432394573872013,0.49659620207810823,0.5119818415750025,0.015385639496894254,0.5289878926815463,0.2500928286546314,-41.767733626962844,15438.9661026753,14.613292575322154
ye_hand,2022,R,a12_role,A12 투수 역할(전시즌),선발(>=70),71091,0.327572065762312,0.5117244095595785,0.5093931216954245,-0.0023312878641540413,0.5413360487137029,0.2485832436828412,511.99933641481454,32573.345550549904,0.7121677803704642
ye_hand,2022,R,a12_role,A12 투수 역할(전시즌),전시즌없음,47286,0.21788373636095548,0.5107642854121728,0.5222883875595727,0.011524102147399962,0.5404933162919962,0.24875455316519848,452.0403091006653,21681.00997051639,11.575044482246145
ye_hand,2022,R,a13_tens,A13 이닝 x 점수차,초반|0-1점,52862,0.24357674727219109,0.5104612008626235,0.5166013417685481,0.006140140905924629,0.5407315542138741,0.24879858471827876,436.9827111177393,24241.940917762146,3.673467129123489
ye_hand,2022,R,a13_tens,A13 이닝 x 점수차,초반|2-3점,14390,0.06630603066941905,0.5070187630298819,0.5135550826476517,0.006536319617769792,0.534823662602199,0.2491912067234975,303.87197543554345,6609.512064471904,1.1331913413586303
ye_hand,2022,R,a13_tens,A13 이닝 x 점수차,초반|4점+,5425,0.02499723532881156,0.5177880184331797,0.5102130998160518,-0.00757491861712789,0.5340986350121878,0.2488668502040103,327.1084847769723,2488.52888569189,0.5737617302506057
ye_hand,2022,R,a13_tens,A13 이닝 x 점수차,중반|0-1점,30302,0.13962511058684754,0.5065672232855917,0.5148146969742916,0.008247473688699936,0.5429377046723238,0.24876750482699767,475.82878750618283,13894.433243674099,3.799172944759503
ye_hand,2022,R,a13_tens,A13 이닝 x 점수차,중반|2-3점,24508,0.11292760247714538,0.5126489309613188,0.5106082981154615,-0.0020406328458573153,0.5401229296091087,0.24870235450701703,455.35143204474826,11234.756421529992,0.18811070438712882
ye_hand,2022,R,a13_tens,A13 이닝 x 점수차,중반|4점+,17525,0.08075143762901799,0.49586305278174037,0.5091461181255977,0.01328306534385737,0.527325256606381,0.25003371130574875,-20.33164706440882,8076.672747951682,5.699418363295507
ye_hand,2022,R,a13_tens,A13 이닝 x 점수차,후반|0-1점,24933,0.11488591123562371,0.5043115549673124,0.5071575455225736,0.0028459905552612463,0.5353077062694906,0.24917344972681502,323.208339913339,11451.231498134528,0.37223511363635803
ye_hand,2022,R,a13_tens,A13 이닝 x 점수차,후반|2-3점,21189,0.09763436301975818,0.4940771154844495,0.5042326507008178,0.010155535216368305,0.5530151518769701,0.24786281840772142,840.9584176898521,9680.498838108704,4.028023415407945
ye_hand,2022,R,a13_tens,A13 이닝 x 점수차,후반|4점+,25890,0.11929556178118549,0.4857860177674778,0.5010541591755548,0.01526814140807703,0.5334819417294446,0.2493686668540913,171.85722827620654,11900.078505554222,11.124494614288588
sj_cb_ft_fonly,2022,R,a1_count,A1 볼카운트,0-0,56002,0.2580451931583604,0.5062140637834363,0.5045104333826096,-0.0017036304008266612,0.5486826809803315,0.24806662562773374,758.020996100639,25606.3553973147,0.2995919863544966
sj_cb_ft_fonly,2022,R,a1_count,A1 볼카운트,0-1,27455,0.1265067457976998,0.5179384447277363,0.5114061055964129,-0.00653233913132345,0.5482694683416781,0.24798927005334775,676.4475492335831,12549.610035616168,2.1594084044297754
sj_cb_ft_fonly,2022,R,a1_count,A1 볼카운트,0-2,13808,0.06362429961663227,0.49985515643105444,0.5049095404089693,0.005054383977914856,0.5321567645602835,0.24934175980244713,263.28770925210245,6346.023722054444,0.6501942652015726
sj_cb_ft_fonly,2022,R,a1_count,A1 볼카운트,1-0,22089,0.10178136980241817,0.500928063742134,0.5032733653942991,0.002345301652165066,0.5527271804621983,0.2478531503517187,858.3982957504621,10091.28312581679,0.22394912334035325
sj_cb_ft_fonly,2022,R,a1_count,A1 볼카운트,1-1,22133,0.1019841123562371,0.5111372159219265,0.5057788863474849,-0.0053583295744416,0.5488873562925416,0.24807844453711478,719.3640664648782,10120.575445204804,1.171318549391212
sj_cb_ft_fonly,2022,R,a1_count,A1 볼카운트,1-2,21152,0.09746387496313771,0.5096444780635401,0.5039424537028906,-0.0057020243606494825,0.537918459288494,0.24891406996784418,397.3134559806191,9704.580710464556,1.2676094469324688
sj_cb_ft_fonly,2022,R,a1_count,A1 볼카운트,2-0,7519,0.03464593777646712,0.4935496741587977,0.4966939705347789,0.0031442963759811815,0.5603579042773131,0.24721920156020713,1095.8590748683105,3426.2431226056274,0.13701967328722664
sj_cb_ft_fonly,2022,R,a1_count,A1 볼카운트,2-1,11379,0.052431989088764376,0.4974075050531681,0.5000349250136819,0.002627419960513744,0.5606960123622393,0.2473468373341903,1058.6051139712672,5187.837350996567,0.1447901372495555
sj_cb_ft_fonly,2022,R,a1_count,A1 볼카운트,2-2,17854,0.08226739899734592,0.5015682760165789,0.5002057542441627,-0.0013625217724162475,0.5480940304775177,0.24822879688881472,707.5044090075644,8168.900106385913,0.06109396680222848
sj_cb_ft_fonly,2022,R,a1_count,A1 볼카운트,3-0,2406,0.011086331465644353,0.47339983374896094,0.4813742935494533,0.007974459800492384,0.5241024091668497,0.24961408197417703,-129.0255052145639,1106.98209894232,0.28201620342662814
sj_cb_ft_fonly,2022,R,a1_count,A1 볼카운트,3-1,4847,0.02233393541728104,0.4730761295646792,0.48245710127580593,0.009380971711126729,0.55168482880552,0.2471669193572772,845.7265886245513,2208.2043287135502,0.7862208646303505
sj_cb_ft_fonly,2022,R,a1_count,A1 볼카운트,3-2,10380,0.04782881156001179,0.4745664739884393,0.4822451957080645,0.007678721719625192,0.5462851299340247,0.24774073048034545,646.6352506032002,4739.91615923674,1.128109103124024
sj_cb_ft_fonly,2022,R,a1b_phase,A1b 카운트 국면,초구 0-0,56002,0.2580451931583604,0.5062140637834363,0.5045104333826096,-0.0017036304008266612,0.5486826809803315,0.24806662562773374,758.020996100639,25606.3553973147,0.2995919863544966
sj_cb_ft_fonly,2022,R,a1b_phase,A1b 카운트 국면,투수우위 0-1,27455,0.1265067457976998,0.5179384447277363,0.5114061055964129,-0.00653233913132345,0.5482694683416781,0.24798927005334775,676.4475492335831,12549.610035616168,2.1594084044297754
sj_cb_ft_fonly,2022,R,a1b_phase,A1b 카운트 국면,평행 1-1,22133,0.1019841123562371,0.5111372159219265,0.5057788863474849,-0.0053583295744416,0.5488873562925416,0.24807844453711478,719.3640664648782,10120.575445204804,1.171318549391212
sj_cb_ft_fonly,2022,R,a1b_phase,A1b 카운트 국면,타자우위 1-0/2-0/2-1,40987,0.18885929666764967,0.49859711615878205,0.5011673151090921,0.002570198950310021,0.5564525469717579,0.24759628849820833,960.7049304763193,18705.363599418983,0.4990631552613835
sj_cb_ft_fonly,2022,R,a1b_phase,A1b 카운트 국면,2스트라이크,52814,0.2433555735771159,0.5043549058961639,0.5029320871542748,-0.001422818741889098,0.5398760729364288,0.2487942281774705,474.75866244816035,24219.50453890491,0.19707162973032868
sj_cb_ft_fonly,2022,R,a1b_phase,A1b 카운트 국면,3볼,7253,0.03342026688292539,0.47318351027161176,0.4820979070955213,0.008914396823909543,0.54243830408447,0.24797870389557322,522.3713927048012,3315.1864276558704,1.0623741518644103
sj_cb_ft_fonly,2022,R,a1b_phase,A1b 카운트 국면,풀카운트,10380,0.04782881156001179,0.4745664739884393,0.4822451957080645,0.007678721719625192,0.5462851299340247,0.24774073048034545,646.6352506032002,4739.91615923674,1.128109103124024
sj_cb_ft_fonly,2022,R,a2_li,A2 경기 중요도 li,li<0.10,20377,0.09389284134473606,0.48044363743436225,0.4874348658012194,0.006991228366857172,0.5385740003567888,0.24860721767943483,404.7515926248968,9337.484009630007,1.8357904866700288
sj_cb_ft_fonly,2022,R,a2_li,A2 경기 중요도 li,0.10-0.35,24902,0.11474306989088764,0.4981126013974781,0.49584216957027166,-0.0022704318272064317,0.551267828779725,0.24802480625887183,788.6638248022604,11384.271390198306,0.23660670828710623
sj_cb_ft_fonly,2022,R,a2_li,A2 경기 중요도 li,0.35-0.70,48047,0.2213902609849602,0.5062334797177763,0.5045439969905822,-0.0016894827271941582,0.5445871736553365,0.24843311609058638,611.3060683017646,22001.46780323708,0.25278405751977734
sj_cb_ft_fonly,2022,R,a2_li,A2 경기 중요도 li,0.70-1.20,58855,0.2711912046593925,0.508792795854218,0.5065489565010132,-0.002243839353204824,0.5494865087319373,0.2480075101693929,766.3076116244616,26904.448177664613,0.5461887840241108
sj_cb_ft_fonly,2022,R,a2_li,A2 경기 중요도 li,1.20-2.00,41808,0.19264228841049838,0.5088260619977037,0.5064116843346991,-0.0024143776630046743,0.552101510925982,0.24785692290359554,826.3285723089319,19100.130679211405,0.4492061504522781
sj_cb_ft_fonly,2022,R,a2_li,A2 경기 중요도 li,li>=2.00,23035,0.10614033470952522,0.5026264380290861,0.5030374358115028,0.00041099778241671103,0.5499702953232734,0.24797679111572474,806.5465378240489,10528.70954341075,0.0071720459988919814
sj_cb_ft_fonly,2022,R,a3_load,A3 전시즌 경기당 대비 등판 투구수,<0.25,43866,0.20212511058684754,0.502302466602836,0.5002490552554969,-0.0020534113473390514,0.546840486169597,0.24821967977308373,710.0226061039772,20069.665667256777,0.34092263942518997
sj_cb_ft_fonly,2022,R,a3_load,A3 전시즌 경기당 대비 등판 투구수,0.25-0.50,40366,0.18599786198761428,0.5003715998612693,0.4993976693142914,-0.0009739305469779191,0.548287649169297,0.24820559345278032,717.7077807280052,18467.29015193205,0.0705744631900902
sj_cb_ft_fonly,2022,R,a3_load,A3 전시즌 경기당 대비 등판 투구수,0.50-0.75,34107,0.15715773370687114,0.5031225261676489,0.4997484314761388,-0.0033740946915100656,0.5462756677440692,0.24819066327220926,719.8626983830226,15602.883053609667,0.7157048280003943
sj_cb_ft_fonly,2022,R,a3_load,A3 전시즌 경기당 대비 등판 투구수,0.75-1.00,25764,0.1187149808316131,0.5062102158049993,0.5007086417487135,-0.005501574056285707,0.5538612135304172,0.24779335760973656,867.364049722652,11767.354671897016,1.437351907575006
sj_cb_ft_fonly,2022,R,a3_load,A3 전시즌 경기당 대비 등판 투구수,1.00-1.25,11734,0.054067752875258036,0.49846599625021304,0.4976047805972968,-0.0008612156529162474,0.5513613129519994,0.24783519649961058,864.9882750032311,5360.248938299915,0.016041530663258415
sj_cb_ft_fonly,2022,R,a3_load,A3 전시즌 경기당 대비 등판 투구수,1.25-1.50,5170,0.023822250073724564,0.49148936170212765,0.4949336355795183,0.003444273877390658,0.5499820441900044,0.24813889914048312,715.6753063219389,2364.6196092905193,0.11304771572115407
sj_cb_ft_fonly,2022,R,a3_load,A3 전시즌 경기당 대비 등판 투구수,>=1.50,8731,0.040230573577115895,0.4967357690986141,0.49438537742188937,-0.002350391676724739,0.5585006027776573,0.2474231287408176,1026.5301738730525,3981.8067191902733,0.08890380766055811
sj_cb_ft_fonly,2022,R,a3_load,A3 전시즌 경기당 대비 등판 투구수,전시즌없음,47286,0.21788373636095548,0.5107642854121728,0.5145760808787571,0.003811795466584278,0.5460211811104525,0.2483143517911901,628.2025062467111,21642.642791875955,1.2663905142159162
sj_cb_ft_fonly,2022,R,a3b_gp,A3b 등판 내 투구수,1-10,63628,0.2931841639634326,0.4962280756899478,0.4961041136758887,-0.00012396201405912022,0.5472593214017539,0.24822797854340384,703.1576338944245,29112.19124122537,0.0018021934729967241
sj_cb_ft_fonly,2022,R,a3b_gp,A3b 등판 내 투구수,11-20,41971,0.19339335741669125,0.5020132948940935,0.4991281442224178,-0.002885150671675718,0.5504934635805514,0.24798356312503342,804.9664587179706,19184.394882838995,0.6439649143114329
sj_cb_ft_fonly,2022,R,a3b_gp,A3b 등판 내 투구수,21-35,31720,0.14615895016219405,0.5058638083228247,0.5049612607062844,-0.0009025476165402946,0.5459444954025646,0.24832198779381,657.5416195538586,14518.583519549538,0.04762657144027543
sj_cb_ft_fonly,2022,R,a3b_gp,A3b 등판 내 투구수,36-60,36939,0.17020698171630788,0.5075123852838463,0.508327854776075,0.0008154694922286598,0.5484454235046414,0.24813661557542352,722.9425965281755,16894.754335821483,0.04527687695228095
sj_cb_ft_fonly,2022,R,a3b_gp,A3b 등판 내 투구수,61-80,25270,0.11643873488646417,0.5110407597942224,0.5087797268663629,-0.0022610329278595076,0.5502839575781675,0.2479932140077137,754.3228491046938,11551.035845140768,0.2381194707734557
sj_cb_ft_fonly,2022,R,a3b_gp,A3b 등판 내 투구수,81+,17496,0.08061781185491006,0.5122313671696388,0.5102786840825759,-0.0019526830870628675,0.5501184544675702,0.24793268151719902,767.5441738922873,7995.551778776024,0.1229640593642617
sj_cb_ft_fonly,2022,R,a4_prevp,A4 전시즌 투구수,없음,47286,0.21788373636095548,0.5107642854121728,0.5145760808787571,0.003811795466584278,0.5460211811104525,0.2483143517911901,628.2025062467111,21642.642791875955,1.2663905142159162
sj_cb_ft_fonly,2022,R,a4_prevp,A4 전시즌 투구수,1-200,12427,0.057260948097906224,0.4765430111853223,0.4840174122539104,0.007474401068588099,0.5280351980304554,0.24898125869019466,187.81776634326786,5703.071927641551,1.2796611546284726
sj_cb_ft_fonly,2022,R,a4_prevp,A4 전시즌 투구수,201-600,23871,0.10999244323208493,0.4879979891919065,0.49203327584970624,0.00403528665779973,0.5476333409512931,0.24811825133896243,695.4808902980059,10917.047930024359,0.7164655092471949
sj_cb_ft_fonly,2022,R,a4_prevp,A4 전시즌 투구수,601-1200,50346,0.2319835594219994,0.5050252254399555,0.5008985943509279,-0.004126631089027666,0.5489238228105127,0.24807650597951109,759.3731573760532,23021.122746298723,1.5802731290880612
sj_cb_ft_fonly,2022,R,a4_prevp,A4 전시즌 투구수,1201-2000,31403,0.14469828221763492,0.4911951087475719,0.490861171647622,-0.00033393709994988807,0.5490786622529803,0.24794064995553564,792.9754790156562,14351.416451712368,0.006454704639754159
sj_cb_ft_fonly,2022,R,a4_prevp,A4 전시즌 투구수,2001-2600,25524,0.1176091123562371,0.49533772136028836,0.49303493827006883,-0.002302783090219529,0.5382515536891913,0.24891568673027079,425.06752954908353,11710.539283698397,0.2494771027624967
sj_cb_ft_fonly,2022,R,a4_prevp,A4 전시즌 투구수,2601+,26167,0.12057191831318195,0.5386937746015974,0.5268001765108394,-0.011893598090757962,0.5477491304052235,0.2469484942517416,625.4648263854579,11910.670472100828,6.822701082931556
sj_cb_ft_fonly,2022,R,a5_asofn,A5 투수 누적 이력,0-99,4387,0.02021435417281038,0.48301800775017095,0.49473450328503893,0.011716495534867977,0.5546102575754928,0.2476820452083193,812.7642583963701,2002.8021644873622,1.1100409223769045
sj_cb_ft_fonly,2022,R,a5_asofn,A5 투수 누적 이력,100-499,16944,0.07807431436154527,0.4968130311614731,0.4960703473084466,-0.000742683853026449,0.55007966352499,0.24810376996500635,754.4599573525379,7748.634908220483,0.017226609100741246
sj_cb_ft_fonly,2022,R,a5_asofn,A5 투수 누적 이력,500-1499,42035,0.19368825567679152,0.49839419531342927,0.4997754931700082,0.0013812978565789225,0.5401251508979169,0.24883355989196207,465.54940161754877,19279.505790311632,0.14782967430242758
sj_cb_ft_fonly,2022,R,a5_asofn,A5 투수 누적 이력,1500-3999,76996,0.35478103804187555,0.5001168891890487,0.4992677636188613,-0.0008491255701874034,0.5503332910794331,0.24799683798064376,801.2593863001794,35195.74802797155,0.10232644701916693
sj_cb_ft_fonly,2022,R,a5_asofn,A5 투수 누적 이력,4000-7999,60064,0.2767620171040991,0.5106885988279168,0.5071417141579396,-0.0035468846699772127,0.5529492205988968,0.24769149860931222,878.1033780165149,27422.133716769196,1.3927856319945915
sj_cb_ft_fonly,2022,R,a5_asofn,A5 투수 누적 이력,8000+,16598,0.0764800206428782,0.5208458850463912,0.5186018511290298,-0.0022440339173613877,0.5371935846056833,0.24866861945647498,359.35648282878765,7607.686995591955,0.15406021027559355
sj_cb_ft_fonly,2022,R,a6_psucc,A6 투수 수준 5분위,Q1 최저,33663,0.15511187702742554,0.4546831833169949,0.45444454495202813,-0.00023863836496679225,0.5385465977810008,0.24682589179442965,451.90992649561946,15315.0854550372,0.003533533712751384
sj_cb_ft_fonly,2022,R,a6_psucc,A6 투수 수준 5분위,Q2,40640,0.18726039516366855,0.4750246062992126,0.4770956168931476,0.0020710105939349965,0.5271515610395385,0.2487189741486541,263.5598274952855,18631.100545088135,0.32128779849942135
sj_cb_ft_fonly,2022,R,a6_psucc,A6 투수 수준 5분위,Q3,44222,0.20376548215865525,0.5005201031160961,0.4963335034702357,-0.004186599645860378,0.5298859117609259,0.24929535911550127,281.74845575894557,20320.22285033534,1.4286871464578503
sj_cb_ft_fonly,2022,R,a6_psucc,A6 투수 수준 5분위,Q4,52849,0.24351684606310822,0.5223561467577438,0.5174812287865808,-0.0048749179711630175,0.5293262593438335,0.2488468199549998,261.8766398063577,24240.67795161335,2.3149802556188948
sj_cb_ft_fonly,2022,R,a6_psucc,A6 투수 수준 5분위,Q5 최고,45604,0.21013344146269536,0.5468599245680204,0.5500620124963567,0.003202087928336317,0.5386990596275818,0.24659992393574423,485.95777997764156,20728.68575949318,0.861877089080249
sj_cb_ft_fonly,2022,R,a7_inning,A7 이닝,1-3회,72677,0.3348800132704217,0.5103265132022511,0.509443811864295,-0.0008827013379560933,0.5465600058049432,0.2482350169163149,663.6215496202524,33253.39025037548,0.10437595309850335
sj_cb_ft_fonly,2022,R,a7_inning,A7 이닝,4-6회,72335,0.3333041506930109,0.506034423169973,0.5048539153797204,-0.001180507790252694,0.5484791765688823,0.24817028392711465,717.4252219992683,33088.2772344993,0.1858070092779359
sj_cb_ft_fonly,2022,R,a7_inning,A7 이닝,7-8회,49396,0.2276061633736361,0.4980970119037979,0.49251668289547973,-0.0055803290083181745,0.5526063632055673,0.24783865934327298,863.1002196122895,22565.0721055929,2.8352234002928363
sj_cb_ft_fonly,2022,R,a7_inning,A7 이닝,9회+,22616,0.10420967266293128,0.48708878669968164,0.49621521514717404,0.009126428447492396,0.5452917230110434,0.2482784898667036,622.3392561583552,10349.772012884485,3.472109350970192
sj_cb_ft_fonly,2022,R,a8_hand,A8 손 매치업,1v1,26793,0.12345639191978768,0.4681073414697869,0.46930450478450436,0.0011971633147174754,0.5460053266704876,0.247376135963637,645.314452168655,12216.731755757464,0.0707789371430946
sj_cb_ft_fonly,2022,R,a8_hand,A8 손 매치업,1v2,27640,0.12735918608080213,0.5096237337192475,0.5085006043511273,-0.0011231293681202015,0.5427853664406954,0.24853315413886187,549.895561236291,12661.882024423436,0.06426485001317238
sj_cb_ft_fonly,2022,R,a8_hand,A8 손 매치업,2v1,83214,0.38343224712474194,0.5109957459081405,0.5097084978424357,-0.0012872480657047936,0.5467282690235928,0.24822346444156035,662.5720890438225,38072.82685737365,0.254153904982057
sj_cb_ft_fonly,2022,R,a8_hand,A8 손 매치업,2v2,79377,0.3657521748746682,0.5059778021341195,0.5045579704134727,-0.001419831720646747,0.5479607811281691,0.24813996491085158,729.8247068873054,36305.07096579761,0.2949472305730572
sj_cb_ft_fonly,2022,R,a9_batn,A9 타자 누적 이력,0-99,3441,0.015855389265703332,0.5117698343504795,0.5109814306788747,-0.0007884036716048204,0.5597708958654444,0.247037304064,1130.293087632328,1566.8344230041425,0.003942374176211419
sj_cb_ft_fonly,2022,R,a9_batn,A9 타자 누적 이력,100-499,14808,0.0682320849306989,0.5103322528363047,0.505287092765416,-0.005045160070888732,0.5397420098220289,0.24865356835532212,496.08231636286695,6786.830365897042,0.6947398300914454
sj_cb_ft_fonly,2022,R,a9_batn,A9 타자 누적 이력,500-1499,34054,0.1569135210852256,0.50601985082516,0.5026805439302583,-0.0033393068949016946,0.5497131118201206,0.24806665852392823,758.9511621681866,15570.853582661293,0.6999333590019013
sj_cb_ft_fonly,2022,R,a9_batn,A9 타자 누적 이력,1500-3999,50087,0.23079014302565615,0.5043224788867371,0.5027814807803658,-0.0015409981063713163,0.5472486215856801,0.2482742839881567,682.8639092824385,22920.95194613138,0.21923259406376674
sj_cb_ft_fonly,2022,R,a9_batn,A9 타자 누적 이력,4000+,114634,0.528208861692716,0.5016225552628365,0.5020546750043057,0.0004321197414691724,0.550082631964055,0.2480466973241974,780.276212976394,52411.041285658306,0.03945459179908802
sj_cb_ft_fonly,2022,R,a10_base,A10 주자 상황,___,116959,0.538921962547921,0.5010815755948665,0.5030196891203369,0.001938113525470353,0.547800176797839,0.24822135088379382,710.9950510799434,53511.6908287775,0.8097817104372298
sj_cb_ft_fonly,2022,R,a10_base,A10 주자 상황,1__,43047,0.19835133441462696,0.5085604107138709,0.5027778850096352,-0.005782525704235764,0.553123281377483,0.24782327313803473,841.6251914524108,19663.502216568297,2.6531018762266463
sj_cb_ft_fonly,2022,R,a10_base,A10 주자 상황,_2_,16187,0.07458622087879682,0.5078149132019522,0.5026602790598199,-0.005154634142132242,0.5458429036808465,0.24831436050463063,649.9854367061575,7408.73559119578,0.792753104168793
sj_cb_ft_fonly,2022,R,a10_base,A10 주자 상황,__3,5285,0.02435214538484223,0.5086092715231788,0.5046808305511503,-0.003928440972028491,0.5450140214441572,0.24815440718866,708.7994456733471,2417.368600896392,0.15033543133251304
sj_cb_ft_fonly,2022,R,a10_base,A10 주자 상황,12_,17551,0.08087124004718373,0.5017377927183636,0.5008847385569075,-0.0008530541614560905,0.5464593959599509,0.248317077235284,671.9692536566457,8033.121701795793,0.02354132866314088
sj_cb_ft_fonly,2022,R,a10_base,A10 주자 상황,1_3,6960,0.032070185785903864,0.5100574712643678,0.5042836066555418,-0.005773864608826007,0.5474065507413985,0.24819077615804644,683.5049990696618,3183.9832130187674,0.4276793919337442
sj_cb_ft_fonly,2022,R,a10_base,A10 주자 상황,_23,4595,0.021172773518136245,0.5133841131664854,0.49878920452386055,-0.014594908642624804,0.5470060613597981,0.24823257875437277,635.7702576609614,2102.423427039468,1.8041148028773049
sj_cb_ft_fonly,2022,R,a10_base,A10 주자 상황,123,6440,0.029674137422589206,0.4956521739130435,0.5002912037213786,0.004639029808335082,0.5605007940108893,0.24731351238766655,1067.114297432248,2935.6860240601727,0.25545598735818126
sj_cb_ft_fonly,2022,R,a11_typemo,A11 game_type x 월블록,R|early,75061,0.34586497345915657,0.5135822864070556,0.5061793598401849,-0.007402926566870693,0.5534900943627635,0.24766653192531118,860.2306044783959,34265.538494184824,7.58223291855048
sj_cb_ft_fonly,2022,R,a11_typemo,A11 game_type x 월블록,R|mid,64405,0.2967644131524624,0.5053179101001475,0.5071152870607901,0.0017973769606426382,0.5480653037558599,0.24811920837246543,741.0884162997066,29454.785470041596,0.3835074615316147
sj_cb_ft_fonly,2022,R,a11_typemo,A11 game_type x 월블록,R|late,77558,0.357370613388381,0.4927667036282524,0.49561778624787584,0.002851082619623413,0.5428883015674161,0.2485812345337182,546.6923689915637,35536.18763912574,1.1620427329666352
sj_cb_ft_fonly,2022,R,a12_role,A12 투수 역할(전시즌),불펜(<30구/경기),65155,0.3002202521380124,0.49343872304504643,0.49098123774434044,-0.002457485300705997,0.5506734532658348,0.24789452805809048,825.1107198905095,29770.80527076073,0.7252796618861902
sj_cb_ft_fonly,2022,R,a12_role,A12 투수 역할(전시즌),스윙(30-70),33492,0.15432394573872013,0.49659620207810823,0.4994057671764414,0.002809565098333189,0.5457211605120857,0.24843512703419296,621.343645358552,15336.631304576622,0.48729861112248574
sj_cb_ft_fonly,2022,R,a12_role,A12 투수 역할(전시즌),선발(>=70),71091,0.327572065762312,0.5117244095595785,0.5070401063142772,-0.004684303245301336,0.5479022367817401,0.24807259522285868,716.371093629542,32506.432236138862,2.8752824914829223
sj_cb_ft_fonly,2022,R,a12_role,A12 투수 역할(전시즌),전시즌없음,47286,0.21788373636095548,0.5107642854121728,0.5145760808787571,0.003811795466584278,0.5460211811104525,0.2483143517911901,628.2025062467111,21642.642791875955,1.2663905142159162
sj_cb_ft_fonly,2022,R,a13_tens,A13 이닝 x 점수차,초반|0-1점,52862,0.24357674727219109,0.5104612008626235,0.5109205582999528,0.0004593574373292775,0.5483749753999743,0.24811996779900836,708.5483558433858,24175.819194114178,0.020559899503335404
sj_cb_ft_fonly,2022,R,a13_tens,A13 이닝 x 점수차,초반|2-3점,14390,0.06630603066941905,0.5070187630298819,0.5062525441849193,-0.0007662188449626406,0.542441641286929,0.24854971637880796,560.518686094369,6592.497265963493,0.015571926484780785
sj_cb_ft_fonly,2022,R,a13_tens,A13 이닝 x 점수차,초반|4점+,5425,0.02499723532881156,0.5177880184331797,0.5035191246430017,-0.014268893790177928,0.5405077661034922,0.24852132128014645,465.49520408257774,2485.073790297817,2.0358990779344093
sj_cb_ft_fonly,2022,R,a13_tens,A13 이닝 x 점수차,중반|0-1점,30302,0.13962511058684754,0.5065672232855917,0.5090377594734321,0.002470536187840433,0.5511433808600116,0.24794485098783203,804.9471005859954,13848.485486715697,0.3409020601751308
sj_cb_ft_fonly,2022,R,a13_tens,A13 이닝 x 점수차,중반|2-3점,24508,0.11292760247714538,0.5126489309613188,0.5035375409548375,-0.009111390006481312,0.5500667193480432,0.2480425542829467,719.440533896365,11204.950934489088,3.7501879806799607
sj_cb_ft_fonly,2022,R,a13_tens,A13 이닝 x 점수차,중반|4점+,17525,0.08075143762901799,0.49586305278174037,0.49946064066801577,0.0035975878862753996,0.5405489204655352,0.24873869859447045,497.7089011192204,8034.840813294509,0.41807745010489655
sj_cb_ft_fonly,2022,R,a13_tens,A13 이닝 x 점수차,후반|0-1점,24933,0.11488591123562371,0.5043115549673124,0.4990660310934735,-0.00524552387383892,0.5456841288068848,0.24829043227768174,676.4415852931194,11410.650781216238,1.264527170928472
sj_cb_ft_fonly,2022,R,a13_tens,A13 이닝 x 점수차,후반|2-3점,21189,0.09763436301975818,0.4940771154844495,0.49490610381866224,0.0008289883342127435,0.5590764595686198,0.24722924534317944,1094.4232102550911,9655.7540887568,0.02684004203233798
sj_cb_ft_fonly,2022,R,a13_tens,A13 이닝 x 점수차,후반|4점+,25890,0.11929556178118549,0.4857860177674778,0.4874846885672615,0.001698670799783697,0.545093613709862,0.24828655527962976,605.0519440080282,11848.439248504355,0.13769760468881476
TEAM,2022,R,a1_count,A1 볼카운트,0-0,56002,0.2580451931583604,0.5062140637834363,0.4939578462088345,-0.012256217574601769,0.5478963542045252,0.2482281927297584,693.3841715931921,25623.03295167933,15.505734872170391
TEAM,2022,R,a1_count,A1 볼카운트,0-1,27455,0.1265067457976998,0.5179384447277363,0.5017900826717088,-0.016148362056027543,0.5483311521628126,0.24819395558010698,594.4678182209894,12559.9682399861,13.196364310247192
TEAM,2022,R,a1_count,A1 볼카운트,0-2,13808,0.06362429961663227,0.49985515643105444,0.4958132242548795,-0.004041932176174934,0.5326551783720169,0.2492458069540044,301.6688518500898,6343.581615874962,0.41580021963936104
TEAM,2022,R,a1_count,A1 볼카운트,1-0,22089,0.10178136980241817,0.500928063742134,0.49269325909114114,-0.00823480465099291,0.5530310157618559,0.24794150905564497,823.0546924138494,10094.880629809313,2.760950052296529
TEAM,2022,R,a1_count,A1 볼카운트,1-1,22133,0.1019841123562371,0.5111372159219265,0.4958233832267958,-0.015313832695130702,0.54975323238131,0.24825020288491745,650.6266232397695,10127.582476067659,9.56718061032509
TEAM,2022,R,a1_count,A1 볼카운트,1-2,21152,0.09746387496313771,0.5096444780635401,0.49664775408460116,-0.012996723978938918,0.5364744134164552,0.24909740301500014,323.95294232466784,9711.728439611607,6.5855965544743
TEAM,2022,R,a1_count,A1 볼카운트,2-0,7519,0.03464593777646712,0.4935496741587977,0.4864250076906785,-0.007124666468119212,0.5586495916070551,0.24738297827958303,1030.337482568111,3428.512925496597,0.7035015421773845
TEAM,2022,R,a1_count,A1 볼카운트,2-1,11379,0.052431989088764376,0.4974075050531681,0.48863913832144334,-0.008768366731724764,0.5598579405206252,0.2475206189718441,989.0905900729274,5191.482236374744,1.6125656379038518
TEAM,2022,R,a1_count,A1 볼카운트,2-2,17854,0.08226739899734592,0.5015682760165789,0.4903671948665136,-0.01120108115006535,0.5469731697781713,0.24841246168923398,634.037766078066,8174.944285894854,4.128870961844228
TEAM,2022,R,a1_count,A1 볼카운트,3-0,2406,0.011086331465644353,0.47339983374896094,0.4698730225800803,-0.0035268111688806503,0.5240386580953813,0.24939661406414276,-41.79144478746455,1106.0176778583875,0.05516148260875735
TEAM,2022,R,a1_count,A1 볼카운트,3-1,4847,0.02233393541728104,0.4730761295646792,0.4707828981185269,-0.0022932314461522885,0.5497021850915984,0.24725844318593435,809.0105962339611,2209.0220081795032,0.04698342676560515
TEAM,2022,R,a1_count,A1 볼카운트,3-2,10380,0.04782881156001179,0.4745664739884393,0.4709726619777823,-0.003593812010657005,0.544415062023187,0.2477568080402758,640.1875434662086,4740.223764231556,0.24710637946877131
TEAM,2022,R,a1b_phase,A1b 카운트 국면,초구 0-0,56002,0.2580451931583604,0.5062140637834363,0.4939578462088345,-0.012256217574601769,0.5478963542045252,0.2482281927297584,693.3841715931921,25623.03295167933,15.505734872170391
TEAM,2022,R,a1b_phase,A1b 카운트 국면,투수우위 0-1,27455,0.1265067457976998,0.5179384447277363,0.5017900826717088,-0.016148362056027543,0.5483311521628126,0.24819395558010698,594.4678182209894,12559.9682399861,13.196364310247192
TEAM,2022,R,a1b_phase,A1b 카운트 국면,평행 1-1,22133,0.1019841123562371,0.5111372159219265,0.4958233832267958,-0.015313832695130702,0.54975323238131,0.24825020288491745,650.6266232397695,10127.582476067659,9.56718061032509
TEAM,2022,R,a1b_phase,A1b 카운트 국면,타자우위 1-0/2-0/2-1,40987,0.18885929666764967,0.49859711615878205,0.49041783462683614,-0.008179281531945914,0.5561069330891085,0.24772219802607995,910.3407228438942,18714.87579168065,5.054199007354069
TEAM,2022,R,a1b_phase,A1b 카운트 국면,2스트라이크,52814,0.2433555735771159,0.5043549058961639,0.49430639966780765,-0.010048506228356291,0.5390465715930534,0.24890465524280983,430.58448522305116,24230.25434138142,9.829421659515285
TEAM,2022,R,a1b_phase,A1b 카운트 국면,3볼,7253,0.03342026688292539,0.47318351027161176,0.4704810698342994,-0.002702440437312381,0.5411412608154299,0.24796772750042065,526.7746166239596,3315.039686037889,0.09763506763595482
TEAM,2022,R,a1b_phase,A1b 카운트 국면,풀카운트,10380,0.04782881156001179,0.4745664739884393,0.4709726619777823,-0.003593812010657005,0.544415062023187,0.2477568080402758,640.1875434662086,4740.223764231556,0.24710637946877131
TEAM,2022,R,a2_li,A2 경기 중요도 li,li<0.10,20377,0.09389284134473606,0.48044363743436225,0.47681020357483184,-0.0036334338595304105,0.5376453941190427,0.24859181236366898,410.9231602278718,9336.905398554392,0.4958503863905024
TEAM,2022,R,a2_li,A2 경기 중요도 li,0.10-0.35,24902,0.11474306989088764,0.4981126013974781,0.4855126955888507,-0.01259990580862741,0.5517331725026988,0.24809805619817463,759.363431577087,11387.633542560872,7.2869320263021145
TEAM,2022,R,a2_li,A2 경기 중요도 li,0.35-0.70,48047,0.2213902609849602,0.5062334797177763,0.49469612985048234,-0.011537349867293989,0.5443642051332793,0.24853757897274864,569.5144199666769,22010.71913323162,11.788384532428443
TEAM,2022,R,a2_li,A2 경기 중요도 li,0.70-1.20,58855,0.2711912046593925,0.508792795854218,0.49640149144147544,-0.012391304412742554,0.548465775402027,0.2482167099346046,682.6018192693906,26927.142668803503,16.656866656519323
TEAM,2022,R,a2_li,A2 경기 중요도 li,1.20-2.00,41808,0.19264228841049838,0.5088260619977037,0.49677928139013156,-0.012046780607572194,0.5511157645198893,0.2480755092413995,738.8667843144736,19116.975185985055,11.183488287401607
TEAM,2022,R,a2_li,A2 경기 중요도 li,li>=2.00,23035,0.10614033470952522,0.5026264380290861,0.49323033579206293,-0.009396102237023196,0.5506040649519146,0.24804489955338804,779.3024110195223,10531.60132192916,3.748517790086472
TEAM,2022,R,a3_load,A3 전시즌 경기당 대비 등판 투구수,<0.25,43866,0.20212511058684754,0.502302466602836,0.49148170450603285,-0.010820762096803105,0.546714201025079,0.24831520859438305,671.8102672759518,20077.389597554396,9.467157983101005
TEAM,2022,R,a3_load,A3 전시즌 경기당 대비 등판 투구수,0.25-0.50,40366,0.18599786198761428,0.5003715998612693,0.4906045624443207,-0.00976703741694862,0.5488779120228185,0.24826176703032346,695.2383372998528,18471.469645798126,7.09769464543927
TEAM,2022,R,a3_load,A3 전시즌 경기당 대비 등판 투구수,0.50-0.75,34107,0.15715773370687114,0.5031225261676489,0.4907135272570932,-0.012408998910555635,0.5465317760856794,0.2482880142548771,680.920786554906,15609.003171013333,9.68039116423545
TEAM,2022,R,a3_load,A3 전시즌 경기당 대비 등판 투구수,0.75-1.00,25764,0.1187149808316131,0.5062102158049993,0.49152241338894614,-0.014687802416053108,0.5529363720384249,0.24805429854255248,762.9715722692887,11779.746386245131,10.244784474378003
TEAM,2022,R,a3_load,A3 전시즌 경기당 대비 등판 투구수,1.00-1.25,11734,0.054067752875258036,0.49846599625021304,0.48830398015171267,-0.01016201609850037,0.5505764225213032,0.24798467566755503,805.1960450209173,5363.481915546847,2.2334782806503735
TEAM,2022,R,a3_load,A3 전시즌 경기당 대비 등판 투구수,1.25-1.50,5170,0.023822250073724564,0.49148936170212765,0.4859795647999711,-0.005509796902156527,0.5489295448146031,0.2482033962063505,689.8690032733357,2365.2342288734226,0.2892927944818477
TEAM,2022,R,a3_load,A3 전시즌 경기당 대비 등판 투구수,>=1.50,8731,0.040230573577115895,0.4967357690986141,0.48589211316297487,-0.01084365593563924,0.5568527901201347,0.247685922934282,921.4080160954152,3986.0358940884566,1.892305880829643
TEAM,2022,R,a3_load,A3 전시즌 경기당 대비 등판 투구수,전시즌없음,47286,0.21788373636095548,0.5107642854121728,0.5006440623334456,-0.010120223078727175,0.544377140863978,0.24849762326830693,554.8599226261385,21658.6164119449,8.926652769037712
TEAM,2022,R,a3b_gp,A3b 등판 내 투구수,1-10,63628,0.2931841639634326,0.4962280756899478,0.48659914849156627,-0.009628927198381543,0.5473208298109754,0.24828014371176615,682.2903790012824,29118.309175095703,10.873765707367633
TEAM,2022,R,a3b_gp,A3b 등판 내 투구수,11-20,41971,0.19339335741669125,0.5020132948940935,0.48969125501736194,-0.012322039876731583,0.5500443714959989,0.24815461512867515,736.5445479077359,19197.627732395675,11.746011702697082
TEAM,2022,R,a3b_gp,A3b 등판 내 투구수,21-35,31720,0.14615895016219405,0.5058638083228247,0.4951167138639264,-0.01074709445889832,0.5460899060282713,0.24845035421819117,606.1879867771958,14526.0886892288,6.752913755683401
TEAM,2022,R,a3b_gp,A3b 등판 내 투구수,36-60,36939,0.17020698171630788,0.5075123852838463,0.4980061646513448,-0.00950622063250156,0.5476201873918121,0.24825952366280754,673.7682607765638,16903.122717639795,6.152856780656748
TEAM,2022,R,a3b_gp,A3b 등판 내 투구수,61-80,25270,0.11643873488646417,0.5110407597942224,0.49781384253383065,-0.013226917260391713,0.5488577710564091,0.24825255806288749,650.53462056881,11563.115580828387,8.148889113940792
TEAM,2022,R,a3b_gp,A3b 등판 내 투구수,81+,17496,0.08061781185491006,0.5122313671696388,0.4987775725672219,-0.013453794602416913,0.5493589264507535,0.2481547536222245,678.6621426195238,8002.713355876257,5.837195630364896
TEAM,2022,R,a4_prevp,A4 전시즌 투구수,없음,47286,0.21788373636095548,0.5107642854121728,0.5006440623334456,-0.010120223078727175,0.544377140863978,0.24849762326830693,554.8599226261385,21658.6164119449,8.926652769037712
TEAM,2022,R,a4_prevp,A4 전시즌 투구수,1-200,12427,0.057260948097906224,0.4765430111853223,0.4742756307603162,-0.0022673804250060714,0.5266566050431163,0.24893489802051574,206.40293871652116,5702.010007418386,0.117758150673352
TEAM,2022,R,a4_prevp,A4 전시즌 투구수,201-600,23871,0.10999244323208493,0.4879979891919065,0.4840468871453564,-0.003951102046550137,0.5468363278882832,0.24813961354556888,686.9310813148788,10917.987853758928,0.6868833643550669
TEAM,2022,R,a4_prevp,A4 전시즌 투구수,601-1200,50346,0.2319835594219994,0.5050252254399555,0.4916183087561818,-0.01340691668377375,0.5487717432983692,0.24823829556734414,694.6507845348004,23036.1365741736,16.680101344826287
TEAM,2022,R,a4_prevp,A4 전시즌 투구수,1201-2000,31403,0.14469828221763492,0.4911951087475719,0.48249519764432225,-0.008699911103249636,0.5489467385564389,0.24806044732383595,745.0416672076799,14358.350618911674,4.381034383501666
TEAM,2022,R,a4_prevp,A4 전시즌 투구수,2001-2600,25524,0.1176091123562371,0.49533772136028836,0.483870053789236,-0.011467667571052387,0.5375006041436391,0.24905130929462216,370.8137865883532,11716.919811131022,6.186924530179266
TEAM,2022,R,a4_prevp,A4 전시즌 투구수,2601+,26167,0.12057191831318195,0.5386937746015974,0.5176905804890305,-0.021003194112566903,0.5493018346519755,0.24716174749763856,539.6495949563817,11920.9559737261,21.2765162410387
TEAM,2022,R,a5_asofn,A5 투수 누적 이력,0-99,4387,0.02021435417281038,0.48301800775017095,0.482121001100862,-0.0008970066493089734,0.5549641981134824,0.24745607385174387,903.2571893500264,2000.9749189085367,0.006506311495637069
TEAM,2022,R,a5_asofn,A5 투수 누적 이력,100-499,16944,0.07807431436154527,0.4968130311614731,0.48236431999609974,-0.014448711165373329,0.5476488225163654,0.2484656567623764,609.699357203819,7759.937149501707,6.520036908885287
TEAM,2022,R,a5_asofn,A5 투수 누적 이력,500-1499,42035,0.19368825567679152,0.49839419531342927,0.4880482370523693,-0.01034595826105994,0.5388837612052139,0.24895334019601345,417.63678580545303,19288.786311261163,8.293319335082918
TEAM,2022,R,a5_asofn,A5 투수 누적 이력,1500-3999,76996,0.35478103804187555,0.5001168891890487,0.4901206505106411,-0.009996238678407654,0.5500663542409596,0.2481129296139229,754.822730450655,35212.22376978471,14.18134069299941
TEAM,2022,R,a5_asofn,A5 투수 누적 이력,4000-7999,60064,0.2767620171040991,0.5106885988279168,0.49800712619556464,-0.012681472632352198,0.5526327617013104,0.24785735590000854,811.730130187227,27440.495916638436,17.804489302798274
TEAM,2022,R,a5_asofn,A5 투수 누적 이력,8000+,16598,0.0764800206428782,0.5208458850463912,0.5102120271100979,-0.010633857936293234,0.5393595121483307,0.24869712826982193,347.93310132609224,7608.559184970065,3.4595002062690314
TEAM,2022,R,a6_psucc,A6 투수 수준 5분위,Q1 최저,33663,0.15511187702742554,0.4546831833169949,0.44687410574350667,-0.0078090775734882545,0.5396343849510942,0.2468559015916629,439.8065852442401,15316.947506889923,3.7838000940146865
TEAM,2022,R,a6_psucc,A6 투수 수준 5분위,Q2,40640,0.18726039516366855,0.4750246062992126,0.4684364070483007,-0.006588199250911919,0.5245715324177944,0.2488326425874272,217.97872343194413,18639.615247751386,3.25134490680234
TEAM,2022,R,a6_psucc,A6 투수 수준 5분위,Q3,44222,0.20376548215865525,0.5005201031160961,0.4861544871076899,-0.01436561600840619,0.5289632110394601,0.24952367570506895,190.42172111369825,20338.83308037293,16.821424859988678
TEAM,2022,R,a6_psucc,A6 투수 수준 5분위,Q4,52849,0.24351684606310822,0.5223561467577438,0.5066194379205292,-0.015736708837214564,0.5287731841731292,0.24908441750268415,166.64723914411317,24263.822814933483,24.123509288160715
TEAM,2022,R,a6_psucc,A6 투수 수준 5분위,Q5 최고,45604,0.21013344146269536,0.5468599245680204,0.5381998565032277,-0.008660068064792692,0.5401144512426435,0.24662896633775927,474.23787847009623,20731.127004467882,6.304076001761536
TEAM,2022,R,a7_inning,A7 이닝,1-3회,72677,0.3348800132704217,0.5103265132022511,0.4999132559200091,-0.010413257282241961,0.5460991366125801,0.24835859785270653,614.168080810118,33269.94506667975,14.526001407885971
TEAM,2022,R,a7_inning,A7 이닝,4-6회,72335,0.3333041506930109,0.506034423169973,0.4944005266963068,-0.01163389647366625,0.5476049337639085,0.24834553344100824,647.3152044233599,33111.643063836964,18.04574299779698
TEAM,2022,R,a7_inning,A7 이닝,7-8회,49396,0.2276061633736361,0.4980970119037979,0.4825114534862453,-0.015585558417552603,0.5530337280175285,0.24802946053632563,786.7786368383922,22582.444063182065,22.11629677710797
TEAM,2022,R,a7_inning,A7 이닝,9회+,22616,0.10420967266293128,0.48708878669968164,0.4860580482560333,-0.0010307384436483158,0.5447033781584153,0.2482106746292066,649.4834508441571,10346.945057365823,0.04428826189617272
TEAM,2022,R,a8_hand,A8 손 매치업,1v1,26793,0.12345639191978768,0.4681073414697869,0.46150296728809675,-0.006604374181690131,0.546442658722408,0.2473622471190929,650.8926854001063,12216.045851729044,2.1540738004133164
TEAM,2022,R,a8_hand,A8 손 매치업,1v2,27640,0.12735918608080213,0.5096237337192475,0.49909678077151615,-0.010526952947731372,0.5399182818685555,0.24878559257915683,448.88276341187304,12674.742866915532,5.645719470929133
TEAM,2022,R,a8_hand,A8 손 매치업,2v1,83214,0.38343224712474194,0.5109957459081405,0.4975283427452849,-0.013467403162855551,0.5460339764887632,0.24844475027410112,574.0149275071826,38106.7679564042,27.818903880933284
TEAM,2022,R,a8_hand,A8 손 매치업,2v2,79377,0.3657521748746682,0.5059778021341195,0.49586246442370013,-0.010115337710419336,0.5483178209250205,0.2481970333018904,706.9940871434976,36313.42057601584,14.970329071307397
TEAM,2022,R,a9_batn,A9 타자 누적 이력,0-99,3441,0.015855389265703332,0.5117698343504795,0.49930124639490586,-0.012468587955573651,0.5577249127930559,0.2473496753755313,1005.2752886568039,1568.8156384546617,0.9860413135828264
TEAM,2022,R,a9_batn,A9 타자 누적 이력,100-499,14808,0.0682320849306989,0.5103322528363047,0.4947943320906317,-0.01553792074567295,0.5400361564161287,0.24883969117498983,421.60138351416964,6791.910461922457,6.589585572031106
TEAM,2022,R,a9_batn,A9 타자 누적 이력,500-1499,34054,0.1569135210852256,0.50601985082516,0.49222143591902834,-0.01379841490613165,0.5495362573185598,0.24824137494811466,689.0544606580784,15581.820327953388,11.950949838012596
TEAM,2022,R,a9_batn,A9 타자 누적 이력,1500-3999,50087,0.23079014302565615,0.5043224788867371,0.4916882216523903,-0.012634257234346802,0.5464071070939962,0.2485036523043181,591.1097255419052,22942.127478563692,14.736703389113371
TEAM,2022,R,a9_batn,A9 타자 누적 이력,4000+,114634,0.528208861692716,0.5016225552628365,0.49276109687970465,-0.008861458383131848,0.5497307034269973,0.24811892834871882,751.3834989060997,52426.30334417041,16.592038383434907
TEAM,2022,R,a10_base,A10 주자 상황,___,116959,0.538921962547921,0.5010815755948665,0.4928033062546165,-0.008278269340250055,0.5473506433883826,0.2482884670754041,684.1484488145921,53526.159773057545,14.773678498517896
TEAM,2022,R,a10_base,A10 주자 상황,1__,43047,0.19835133441462696,0.5085604107138709,0.49270074616195325,-0.015859664551917674,0.5523347592830501,0.2481170983298711,724.0606539036021,19686.81573445465,19.95752938758312
TEAM,2022,R,a10_base,A10 주자 상황,_2_,16187,0.07458622087879682,0.5078149132019522,0.49274501439136953,-0.015069898810582627,0.5452813262249357,0.24851386581798934,570.1638116202723,7414.68805448751,6.775836712368936
TEAM,2022,R,a10_base,A10 주자 상황,__3,5285,0.02435214538484223,0.5086092715231788,0.49575202501898274,-0.012857246504196063,0.547046471890643,0.24822746722598166,679.5667638910929,2418.0803071368837,1.610337198086041
TEAM,2022,R,a10_base,A10 주자 상황,12_,17551,0.08087124004718373,0.5017377927183636,0.49117701653727075,-0.010560776181092857,0.5461564552574542,0.24843067024013488,626.5315028421647,8036.796464895453,3.6080241501705115
TEAM,2022,R,a10_base,A10 주자 상황,1_3,6960,0.032070185785903864,0.5100574712643678,0.49521461263178007,-0.014842858632587774,0.5470051629424642,0.24841447438501552,593.9894893299158,3186.8529868696623,2.8263128586456547
TEAM,2022,R,a10_base,A10 주자 상황,_23,4595,0.021172773518136245,0.5133841131664854,0.4905365367905294,-0.02284757637595597,0.5461480069857684,0.248566508262873,502.1026763673886,2105.2516666894508,4.421215498883256
TEAM,2022,R,a10_base,A10 주자 상황,123,6440,0.029674137422589206,0.4956521739130435,0.49020831532295606,-0.005443858590087447,0.5605972482005507,0.2473679540881181,1045.3359704972297,2936.332263473453,0.35178347182133907
TEAM,2022,R,a11_typemo,A11 game_type x 월블록,R|early,75061,0.34586497345915657,0.5135822864070556,0.494936190401436,-0.018646096005619617,0.553101846853822,0.2479688027767853,739.2329780442797,34307.358732940294,48.10232524922924
TEAM,2022,R,a11_typemo,A11 game_type x 월블록,R|mid,64405,0.2967644131524624,0.5053179101001475,0.4948959118142834,-0.010421998285864098,0.5473469194278973,0.2482583562494167,685.4229686063862,29471.304025340465,12.894291139205631
TEAM,2022,R,a11_typemo,A11 game_type x 월블록,R|late,77558,0.357370613388381,0.4927667036282524,0.48863180828179886,-0.00413489534645356,0.5431941334175175,0.24855414126448588,557.5319452159832,35532.31449278385,2.4441707250894624
TEAM,2022,R,a12_role,A12 투수 역할(전시즌),불펜(<30구/경기),65155,0.3002202521380124,0.49343872304504643,0.4821096831369771,-0.011329039908069327,0.5504339448073634,0.2480177391267025,775.817804135559,29785.602260269072,15.413804805977117
TEAM,2022,R,a12_role,A12 투수 역할(전시즌),스윙(30-70),33492,0.15432394573872013,0.49659620207810823,0.4897006112825487,-0.006895590795559514,0.544307811493458,0.24855555760100836,573.1691860660248,15344.065837780918,2.935350306319307
TEAM,2022,R,a12_role,A12 투수 역할(전시즌),선발(>=70),71091,0.327572065762312,0.5117244095595785,0.4984473135203709,-0.013277096039207625,0.5483661535837016,0.24819668714499063,666.7070171274326,32522.692741069728,23.099187771157002
TEAM,2022,R,a12_role,A12 투수 역할(전시즌),전시즌없음,47286,0.21788373636095548,0.5107642854121728,0.5006440623334456,-0.010120223078727175,0.544377140863978,0.24849762326830693,554.8599226261385,21658.6164119449,8.926652769037712
TEAM,2022,R,a13_tens,A13 이닝 x 점수차,초반|0-1점,52862,0.24357674727219109,0.5104612008626235,0.5016478599356133,-0.008813340927010138,0.5484363637632186,0.24819636240062454,677.9771327389494,24183.26277913663,7.568339814976309
TEAM,2022,R,a13_tens,A13 이닝 x 점수차,초반|2-3점,14390,0.06630603066941905,0.5070187630298819,0.49639761656449466,-0.010621146465387254,0.5404549078415661,0.24871632894657442,493.8605238544169,6596.916473973377,2.9921232723528552
TEAM,2022,R,a13_tens,A13 이닝 x 점수차,초반|4점+,5425,0.02499723532881156,0.5177880184331797,0.4923363734965948,-0.02545164493658486,0.5396569621672583,0.24899054993145264,277.56588999701125,2489.7658135697498,6.4774988863811735
TEAM,2022,R,a13_tens,A13 이닝 x 점수차,중반|0-1점,30302,0.13962511058684754,0.5065672232855917,0.4989069890516777,-0.007660234233913987,0.5503492043159174,0.24806041110473362,758.7150781687368,13854.939876050177,3.2774138576871734
TEAM,2022,R,a13_tens,A13 이닝 x 점수차,중반|2-3점,24508,0.11292760247714538,0.5126489309613188,0.4932620348401111,-0.019386896121207697,0.5489477665378046,0.2484059664605902,573.9825723883207,11221.367535387522,16.978539553929604
TEAM,2022,R,a13_tens,A13 이닝 x 점수차,중반|4점+,17525,0.08075143762901799,0.49586305278174037,0.4882006599984004,-0.007662392783339966,0.5399626837240471,0.24875401758308383,491.58088616633177,8035.335652399259,1.896543203748197
TEAM,2022,R,a13_tens,A13 이닝 x 점수차,후반|0-1점,24933,0.11488591123562371,0.5043115549673124,0.4894969522645663,-0.014814602702746094,0.5451876231812774,0.2484978028012342,593.4872075484376,11420.180881127333,10.086266704067338
TEAM,2022,R,a13_tens,A13 이닝 x 점수차,후반|2-3점,21189,0.09763436301975818,0.4940771154844495,0.4848347274705094,-0.009242388013940117,0.5587118792796929,0.2473405701122588,1049.8870532098636,9660.101974836076,3.3362205083751104
TEAM,2022,R,a13_tens,A13 이닝 x 점수차,후반|4점+,25890,0.11929556178118549,0.4857860177674778,0.47698084297334753,-0.008805174794130288,0.5458206367875517,0.2483005327429376,599.4564366803235,11849.106264584483,3.6998482038996197
sj_stdmlp,2024,all,a1_count,A1 볼카운트,0-0,65317,0.25765363481087306,0.4862899398318967,0.48569632730657536,-0.0005936125253213631,0.5519723839603917,0.24770664589998653,842.7890019469309,25548.738184141297,0.03634443394104336
sj_stdmlp,2024,all,a1_count,A1 볼카운트,0-1,31402,0.12387034677543421,0.5010508884784408,0.49428571789157516,-0.006765170586865654,0.5542419685076498,0.24764692873270766,940.7909161915251,12279.928078158538,2.269448756271412
sj_stdmlp,2024,all,a1_count,A1 볼카운트,0-2,16155,0.06372605095717278,0.49229340761374185,0.4858198652795921,-0.006473542334149762,0.5308083153609141,0.2493501832232478,236.22620359454726,6360.953512604421,1.0690463002985409
sj_stdmlp,2024,all,a1_count,A1 볼카운트,1-0,26438,0.10428903343891885,0.4799152734700053,0.4808452946235251,0.0009300211535198111,0.5575127077840193,0.2470512354520159,1019.7928456769922,10313.859143011692,0.03610936235761811
sj_stdmlp,2024,all,a1_count,A1 볼카운트,1-1,25313,0.09985128615777868,0.4862323707186031,0.48831155270063836,0.002079181982035272,0.5610655047925993,0.24692466896940024,1155.1892192782077,9869.920782734414,0.1727962020293568
sj_stdmlp,2024,all,a1_count,A1 볼카운트,1-2,24399,0.09624586303336792,0.497807287183901,0.4881796298304622,-0.00962765735343879,0.5458162394799722,0.24841010582019044,634.0466700851865,9570.769446337947,3.5712384226438063
sj_stdmlp,2024,all,a1_count,A1 볼카운트,2-0,9392,0.037048286635083055,0.47327512776831343,0.4754848344753039,0.002209706706990444,0.5474875980102245,0.24734562152508222,778.2873414382885,3668.3256157727856,0.07241573104257724
sj_stdmlp,2024,all,a1_count,A1 볼카운트,2-1,13446,0.05303995550418726,0.47411869701026327,0.4775326809060174,0.003413983895754147,0.5592445919677446,0.24663918295214488,1079.2818740080756,5236.736810787973,0.24746946011505447
sj_stdmlp,2024,all,a1_count,A1 볼카운트,2-2,20640,0.0814178701179849,0.49064922480620154,0.4817191180894719,-0.008930106716729669,0.5509147777379285,0.24797228273355915,776.3836465037865,8081.991708787773,2.5991333287921705
sj_stdmlp,2024,all,a1_count,A1 볼카운트,3-0,3214,0.012678150899186216,0.4819539514623522,0.46019926005470607,-0.021754691407646132,0.5820637939424254,0.245410208594927,1707.8773633655953,1245.5009543416138,2.40191311984605
sj_stdmlp,2024,all,a1_count,A1 볼카운트,3-1,6020,0.023746878784412263,0.4591362126245847,0.4598618952040474,0.0007256825794627053,0.567355891116745,0.2449948163529965,1343.1049417491404,2328.9435094040537,0.005006053126103575
sj_stdmlp,2024,all,a1_count,A1 볼카운트,3-2,11771,0.04643264288560079,0.45697052077138733,0.4569798920500069,9.371278619552115e-06,0.5495793682426513,0.24631470717364057,738.9756578484619,4578.352964087377,1.6323625693301854e-06
sj_stdmlp,2024,all,a1b_phase,A1b 카운트 국면,초구 0-0,65317,0.25765363481087306,0.4862899398318967,0.48569632730657536,-0.0005936125253213631,0.5519723839603917,0.24770664589998653,842.7890019469309,25548.738184141297,0.03634443394104336
sj_stdmlp,2024,all,a1b_phase,A1b 카운트 국면,투수우위 0-1,31402,0.12387034677543421,0.5010508884784408,0.49428571789157516,-0.006765170586865654,0.5542419685076498,0.24764692873270766,940.7909161915251,12279.928078158538,2.269448756271412
sj_stdmlp,2024,all,a1b_phase,A1b 카운트 국면,평행 1-1,25313,0.09985128615777868,0.4862323707186031,0.48831155270063836,0.002079181982035272,0.5610655047925993,0.24692466896940024,1155.1892192782077,9869.920782734414,0.1727962020293568
sj_stdmlp,2024,all,a1b_phase,A1b 카운트 국면,타자우위 1-0/2-0/2-1,49276,0.19437727557818915,0.4770679438266093,0.4789196747323468,0.0018517309057375364,0.5561956122581639,0.2469949081544466,993.775481507675,19218.921569572456,0.2668067203036495
sj_stdmlp,2024,all,a1b_phase,A1b 카운트 국면,2스트라이크,61194,0.2413897841085256,0.49393731411576297,0.48537760743196984,-0.008559706683793133,0.5438693389673792,0.24851061047650186,581.1387870681361,24013.714667730143,7.079982360260123
sj_stdmlp,2024,all,a1b_phase,A1b 카운트 국면,3볼,9234,0.03642502968359848,0.4670781893004115,0.4599793189239972,-0.0070988703764143235,0.5724552732618922,0.24513939840471455,1517.2803809978209,3574.4444637456672,0.7348080917251739
sj_stdmlp,2024,all,a1b_phase,A1b 카운트 국면,풀카운트,11771,0.04643264288560079,0.45697052077138733,0.4569798920500069,9.371278619552115e-06,0.5495793682426513,0.24631470717364057,738.9756578484619,4578.352964087377,1.6323625693301854e-06
sj_stdmlp,2024,all,a2_li,A2 경기 중요도 li,li<0.10,28368,0.11190223544123042,0.47303299492385786,0.46584411462973396,-0.0071888802941239005,0.5553599579654364,0.24703769355400004,896.6430580626072,11066.174387491068,2.3150308879016177
sj_stdmlp,2024,all,a2_li,A2 경기 중요도 li,0.10-0.35,31697,0.1250340227291554,0.4814335741552828,0.47758550665862,-0.0038480674966628325,0.5509161315004644,0.24757184732679244,834.5268881176593,12391.531486993093,0.7411550801087572
sj_stdmlp,2024,all,a2_li,A2 경기 중요도 li,0.35-0.70,56451,0.22268024157123867,0.48280809905936123,0.48548646729065154,0.0026783682312903068,0.5549344696786619,0.24730278225941674,961.7995966163418,22044.802363859973,0.6394664699325356
sj_stdmlp,2024,all,a2_li,A2 경기 중요도 li,0.70-1.20,64983,0.2563361169514057,0.4933751904344213,0.48800601097464247,-0.005369179459778828,0.5516362338884175,0.24784962888414971,842.7411508656668,25432.766128965446,2.958156625707804
sj_stdmlp,2024,all,a2_li,A2 경기 중요도 li,1.20-2.00,47218,0.1862591565518901,0.4910627303147105,0.4885382795633241,-0.002524450751386409,0.5530123693017334,0.24767370638433944,898.8547138171543,18466.860086766595,0.47516775397091465
sj_stdmlp,2024,all,a2_li,A2 경기 중요도 li,li>=2.00,24790,0.09778822675507974,0.48604275917708756,0.4838739286005893,-0.0021688305764982485,0.5567543706382362,0.24733061750891355,990.6030639001973,9681.88625609371,0.18413372930759864
sj_stdmlp,2024,all,a3_load,A3 전시즌 경기당 대비 등판 투구수,<0.25,46261,0.1824841128647335,0.49052117334255635,0.4847314760307711,-0.005789697311785247,0.5505228909701222,0.2479393314003636,788.6115991219689,18111.983331399388,2.4486815132677013
sj_stdmlp,2024,all,a3_load,A3 전시즌 경기당 대비 등판 투구수,0.25-0.50,43301,0.1708079066850225,0.4870095378859611,0.4845555825748085,-0.002453955311152556,0.5531163798871828,0.24757176130166036,904.4051180344792,16927.95906473462,0.4117530196949635
sj_stdmlp,2024,all,a3_load,A3 전시즌 경기당 대비 등판 투구수,0.50-0.75,35948,0.14180279045549038,0.4893457215978636,0.48774092561054017,-0.0016047959873234374,0.5484590828940105,0.2480781477242462,723.6640339719047,14082.144980942398,0.14619077221631593
sj_stdmlp,2024,all,a3_load,A3 전시즌 경기당 대비 등판 투구수,0.75-1.00,28037,0.11059655157451273,0.4906730391982024,0.48944604617370485,-0.0012269930244975247,0.5585867261057218,0.24723038213024143,1073.4237867616403,10945.584281045461,0.06665324484139559
sj_stdmlp,2024,all,a3_load,A3 전시즌 경기당 대비 등판 투구수,1.00-1.25,14289,0.05636530746685496,0.47882986913010006,0.4847655525468989,0.005935683416798843,0.5542475606730316,0.24709693641264843,983.7191696772219,5575.3837476960125,0.7949665642827545
sj_stdmlp,2024,all,a3_load,A3 전시즌 경기당 대비 등판 투구수,1.25-1.50,6780,0.026744823614338064,0.48348082595870207,0.478098973169254,-0.005381852789448083,0.5578492757036945,0.24731477453592446,965.9913521290475,2647.8008868916822,0.31009794631426835
sj_stdmlp,2024,all,a3_load,A3 전시즌 경기당 대비 등판 투구수,>=1.50,17167,0.06771805117807397,0.471311236675016,0.4672714898420983,-0.00403974683291769,0.5504801487094874,0.24723235732230406,780.4082595359807,6702.013288177458,0.4423930270573683
sj_stdmlp,2024,all,a3_load,A3 전시즌 경기당 대비 등판 투구수,전시즌없음,61724,0.24348045616097386,0.4842848810835331,0.4808928557820841,-0.0033920253014489976,0.5574954669683442,0.24717123175014363,1033.7425076378358,24091.15112928287,1.1214445283370593
sj_stdmlp,2024,all,a3b_gp,A3b 등판 내 투구수,1-10,76617,0.30222834083476985,0.47788349844029393,0.4762990345346635,-0.00158446390563044,0.5497143382842998,0.24754471769263267,787.9988323152731,29949.14123558142,0.3037353998279556
sj_stdmlp,2024,all,a3b_gp,A3b 등판 내 투구수,11-20,53275,0.21015198791354875,0.48247770999530737,0.47856366105183656,-0.003914048943470805,0.5518160548467329,0.24754722375407706,859.3536311713112,20825.09954779937,1.2887881376070105
sj_stdmlp,2024,all,a3b_gp,A3b 등판 내 투구수,21-35,39529,0.15592863313439076,0.48850211237319435,0.48314368044007455,-0.0053584319331198005,0.5558130675217196,0.24747614747733496,957.1665962469056,15447.376864403614,1.7922427492605872
sj_stdmlp,2024,all,a3b_gp,A3b 등판 내 투구수,36-60,41814,0.16494219094541768,0.49347108623905866,0.4895568752991261,-0.00391421093993255,0.5555908713608635,0.24745607667678562,1000.6892677110968,16338.997472862191,1.0116161065378442
sj_stdmlp,2024,all,a3b_gp,A3b 등판 내 투구수,61-80,26329,0.10385906503567949,0.4956132021725094,0.49355969957871026,-0.0020535025937991613,0.5526662708770557,0.24783621697867633,857.881646738845,10303.972796737386,0.17531958890765845
sj_stdmlp,2024,all,a3b_gp,A3b 등판 내 투구수,81+,15943,0.06288978213619348,0.4967697422066111,0.5007142174894212,0.003944475282810167,0.562096630016984,0.24704448630011944,1178.0808248332387,6219.4327927859085,0.391700469150153
sj_stdmlp,2024,all,a4_prevp,A4 전시즌 투구수,없음,61724,0.24348045616097386,0.4842848810835331,0.4808928557820841,-0.0033920253014489976,0.5574954669683442,0.24717123175014363,1033.7425076378358,24091.15112928287,1.1214445283370593
sj_stdmlp,2024,all,a4_prevp,A4 전시즌 투구수,1-200,18380,0.07250292891320555,0.45250272034820455,0.4560672875255914,0.003564567177386846,0.5354091395663375,0.24679631373760813,382.52981135376007,7162.9141046116965,0.3687777262190204
sj_stdmlp,2024,all,a4_prevp,A4 전시즌 투구수,201-600,31140,0.12283684474195979,0.46149646756583174,0.4599863997996491,-0.0015100677661826212,0.5380253919522954,0.2474243392761382,439.8639173363694,12166.526182292544,0.1121287679779963
sj_stdmlp,2024,all,a4_prevp,A4 전시즌 투구수,601-1200,69766,0.27520344605868874,0.48806008657512256,0.4820890260223861,-0.00597106055273644,0.550428157422012,0.24793937615303155,767.6626824240418,27314.603168465444,3.9278269176557714
sj_stdmlp,2024,all,a4_prevp,A4 전시즌 투구수,1201-2000,28911,0.1140441881289274,0.5086299332434021,0.507000334409046,-0.001629598834356094,0.5515653169233797,0.24777757257941557,859.436697882543,11311.77284322761,0.12123557930763207
sj_stdmlp,2024,all,a4_prevp,A4 전시즌 투구수,2001-2600,23910,0.09431692221516566,0.4913007109995818,0.4916458487951409,0.00034513779555911395,0.5604887769148558,0.24712699645729647,1119.2691799878362,9330.50896736073,0.0044974897837973555
sj_stdmlp,2024,all,a4_prevp,A4 전시즌 투구수,2601+,19676,0.07761521378107902,0.5158060581418987,0.5132513840185833,-0.002554674123315448,0.5450430446326641,0.24803747325330688,685.7634102175325,7706.544314928995,0.20277452814884017
sj_stdmlp,2024,all,a5_asofn,A5 투수 누적 이력,0-99,7915,0.031222017537977254,0.4578648136449779,0.45670643969102787,-0.0011583739539500204,0.5416682743233309,0.24675109005464654,593.6300678565875,3084.008502575214,0.016770810608817313
sj_stdmlp,2024,all,a5_asofn,A5 투수 누적 이력,100-499,24122,0.09515319103614496,0.46882513887737337,0.46570901653691904,-0.0031161223404543303,0.5480888674049756,0.24716806620265014,746.9284076539906,9414.80307482155,0.36986895531049535
sj_stdmlp,2024,all,a5_asofn,A5 투수 누적 이력,500-1499,46761,0.1844564449896847,0.4740275015504373,0.47131361559568097,-0.0027138859547563565,0.5509645868776608,0.24726390219664218,826.8419042663844,18257.868572985983,0.5438417498043377
sj_stdmlp,2024,all,a5_asofn,A5 투수 누적 이력,1500-3999,80756,0.31855530616511574,0.48610629550745454,0.4818776696665696,-0.004228625840884959,0.5542398558980164,0.24745276297789504,942.4084704003133,31555.326225430697,2.280231210853178
sj_stdmlp,2024,all,a5_asofn,A5 투수 누적 이력,4000-7999,54350,0.21439250198219378,0.49236430542778287,0.4920635068934566,-0.00030079853432624093,0.5490613705600532,0.24809031903109938,740.7236030170238,21291.925290135205,0.007765269763496618
sj_stdmlp,2024,all,a5_asofn,A5 투수 누적 이력,8000+,39603,0.15622053828888355,0.5079413175769513,0.5047217372879186,-0.0032195802890326863,0.5552510633073389,0.24753681637605168,960.2898805363025,15480.089044221242,0.6482345478605442
sj_stdmlp,2024,all,a6_psucc,A6 투수 수준 5분위,Q1 최저,64207,0.25327505749348145,0.4478327908172006,0.4438595620894045,-0.0039732287277960965,0.5369714583580194,0.2462624004053,410.94617713490766,24968.132161467485,1.6005715014565756
sj_stdmlp,2024,all,a6_psucc,A6 투수 수준 5분위,Q2,57443,0.2265933485071418,0.4768030917605278,0.47098070536990977,-0.005822386390618051,0.5348809326023775,0.24841309256780678,420.4292783089536,22532.903786433693,3.0749972166603032
sj_stdmlp,2024,all,a6_psucc,A6 투수 수준 5분위,Q3,52870,0.2085543988923383,0.49031586911291847,0.4896409477987002,-0.0006749213142182575,0.5436970468136564,0.24833648754538698,628.1276546832859,20732.67845510433,0.03802954812381426
sj_stdmlp,2024,all,a6_psucc,A6 투수 수준 5분위,Q4,43880,0.173091867285716,0.5142433910665452,0.5145359583689142,0.00029256730236904005,0.5465356301983495,0.248083501241647,686.0065197769937,17189.770127752505,0.005930943148815787
sj_stdmlp,2024,all,a6_psucc,A6 투수 수준 5분위,Q5 최고,35026,0.1381658100170804,0.5300919317078742,0.5274723191448245,-0.002619612563049656,0.5603865462744811,0.24640550858884938,1079.4968657031668,13628.451832320512,0.37955108743404764
sj_stdmlp,2024,all,a7_inning,A7 이닝,1-3회,85260,0.336322073946676,0.49460473844710295,0.49033389292312346,-0.004270845523979494,0.5560190292769495,0.24745504142949915,1006.4570765317859,33315.5664747268,2.4557187296997522
sj_stdmlp,2024,all,a7_inning,A7 이닝,4-6회,85051,0.33549763911844643,0.4851912381982575,0.4846256754715004,-0.0005655627267571184,0.5527553685254191,0.2475889345595308,877.4761257905994,33251.88140096959,0.04295824704833086
sj_stdmlp,2024,all,a7_inning,A7 이닝,7-8회,58238,0.2297293565858142,0.4760980802912188,0.472444315310684,-0.003653764980534824,0.5496223315945582,0.24752294815219636,764.0460362139056,22762.894671287486,1.227702775587799
sj_stdmlp,2024,all,a7_inning,A7 이닝,9회+,24958,0.09845093034906334,0.4835323343216604,0.4806651946781909,-0.002867139643469463,0.5548199522591531,0.24748738867996628,897.544521756699,9753.678163186023,0.3239761494439284
sj_stdmlp,2024,all,a8_hand,A8 손 매치업,1v1,30493,0.12028464697227295,0.453841865346145,0.45904696261566846,0.005205097269523451,0.5527881788468363,0.2457788315608322,843.4259412612444,11834.507702156467,1.30455808557911
sj_stdmlp,2024,all,a8_hand,A8 손 매치업,1v2,41337,0.16306058609821425,0.5069550281829838,0.4951166777431892,-0.011838350439794587,0.5556918100901251,0.2476992406050277,901.1291503587038,16168.480143251629,9.148015803189635
sj_stdmlp,2024,all,a8_hand,A8 손 매치업,2v1,89268,0.3521322882602847,0.49815163328404355,0.49328560274074085,-0.004866030543302702,0.5484782021490349,0.24805158645175698,778.0094676419491,34965.79293371318,3.337728703763066
sj_stdmlp,2024,all,a8_hand,A8 손 매치업,2v2,92409,0.36452247866922804,0.47578699044465367,0.47652765071176756,0.0007406602671138907,0.5499884364125285,0.24749741440351075,768.3280962395567,36115.239931048614,0.08004937272688753
sj_stdmlp,2024,all,a9_batn,A9 타자 누적 이력,0-99,6710,0.0264686971168449,0.45424739195231,0.4706975300780404,0.016450138125730374,0.5534676560432676,0.24589957326087414,809.6294312399443,2605.4687155013535,2.8672607232011322
sj_stdmlp,2024,all,a9_batn,A9 타자 누적 이력,100-499,17316,0.06830580615130943,0.474994224994225,0.4740886577539802,-0.00090556724024482,0.5465736078201529,0.2476182801958725,704.334056938194,6770.735490071952,0.022423043063885546
sj_stdmlp,2024,all,a9_batn,A9 타자 누적 이력,500-1499,32038,0.12637915323837212,0.48355078344465946,0.48015567011706106,-0.003395113327598398,0.5483568581066035,0.24786402292331058,746.9685898216505,12539.622396380673,0.5831489736053344
sj_stdmlp,2024,all,a9_batn,A9 타자 누적 이력,1500-3999,60091,0.23703881944088329,0.4875938160456641,0.48201642065724404,-0.005577395388420059,0.5554951953404229,0.24745002777731126,959.0139493435123,23480.238605254686,2.9517384020528126
sj_stdmlp,2024,all,a9_batn,A9 타자 누적 이력,4000+,137352,0.5418075240525903,0.48900634865163956,0.48647740317998683,-0.0025289454716527215,0.5545880231909831,0.24753482690188947,938.1786457293595,53687.95550296122,1.3871374145442195
sj_stdmlp,2024,all,a10_base,A10 주자 상황,___,131633,0.5192479892073986,0.48431624288742187,0.4833977211141666,-0.0009185217732552431,0.551421818140483,0.247668206860122,835.1468795946948,51480.24519269096,0.1753675594437748
sj_stdmlp,2024,all,a10_base,A10 주자 상황,1__,50798,0.20038105456654057,0.48958620418126697,0.4848963465740412,-0.004689857607225789,0.5540323520628775,0.2475123838222064,952.0806154676986,19854.05013883362,1.7642961857927904
sj_stdmlp,2024,all,a10_base,A10 주자 상황,_2_,20024,0.07898795694004505,0.49330803036356374,0.48299747321301834,-0.010310557150545407,0.5573370040574249,0.24754225576822003,965.357634015307,7827.187697840918,3.3614036856266516
sj_stdmlp,2024,all,a10_base,A10 주자 상황,__3,6671,0.026314855211098706,0.4994753410283316,0.4930640262767448,-0.006411314751586794,0.5574475971880216,0.247436369558257,1025.3431988553107,2606.5138879134447,0.4330028001422011
sj_stdmlp,2024,all,a10_base,A10 주자 상황,12_,21934,0.08652226565735857,0.48080605452721803,0.48048815251643995,-0.00031790201077808167,0.557494552275408,0.24704801604628798,1034.9557063146885,8556.669885815922,0.0035003377888512925
sj_stdmlp,2024,all,a10_base,A10 주자 상황,1_3,8472,0.033419195525172876,0.4884324834749764,0.4855143494842262,-0.0029181339907501935,0.5536239024534947,0.24772671682760383,856.2485832545485,3314.0904833800273,0.1139205238631647
sj_stdmlp,2024,all,a10_base,A10 주자 상황,_23,5567,0.02195994587920649,0.48661756781031074,0.47824650119517037,-0.008371066615140366,0.5522827647829682,0.247607019541492,886.1912170155861,2176.6557152903433,0.6160108829962029
sj_stdmlp,2024,all,a10_base,A10 주자 상황,123,8408,0.033166737013179126,0.4764509990485252,0.4752722004181271,-0.0011787986303981035,0.5659372708315991,0.2461866677103808,1306.4086416293308,3268.607708404645,0.018449199020190044
sj_stdmlp,2024,all,a11_typemo,A11 game_type x 월블록,R|early,87355,0.3445861455502215,0.4950603857821533,0.4884354996885423,-0.006624886093611004,0.5595102021919865,0.24727794641599057,1079.1668439268265,34109.76450545723,6.054108036711298
sj_stdmlp,2024,all,a11_typemo,A11 game_type x 월블록,R|mid,68816,0.27145601502128147,0.49006045105789353,0.48667915729422695,-0.003381293763666582,0.5565347643795499,0.2473610233373565,1016.4745006900899,26879.8141582839,1.242398160929553
sj_stdmlp,2024,all,a11_typemo,A11 game_type x 월블록,R|late,67326,0.2655784652889269,0.4823990731663845,0.4832883358472251,0.0008892626808406079,0.5452017899479713,0.24813731347676327,621.9282342557752,26380.34411200948,0.08407144542360863
sj_stdmlp,2024,all,a11_typemo,A11 game_type x 월블록,F|early,11672,0.04604212112486046,0.465301576422207,0.4721845957535624,0.006883019331355433,0.536313503007579,0.24785447107567504,378.44187692674944,4568.226240465674,0.8731901441515669
sj_stdmlp,2024,all,a11_typemo,A11 game_type x 월블록,F|mid,8768,0.034586816143143975,0.43909671532846717,0.4555199875136251,0.016423272185157933,0.5472111459098039,0.24493850692238972,549.0595057527358,3391.2763009765868,3.734440032107193
sj_stdmlp,2024,all,a11_typemo,A11 game_type x 월블록,F|late,9570,0.03775043687156568,0.4704284221525601,0.45272891159211354,-0.017699510560446552,0.5352731067171058,0.24845379658142291,269.63323443566225,3754.5953929770144,4.734128256552863
sj_stdmlp,2024,all,a12_role,A12 투수 역할(전시즌),불펜(<30구/경기),92356,0.3643134114639832,0.4758976135822253,0.4740105492848153,-0.001887064297410035,0.5500703087812333,0.24745802615174153,786.2465280455089,36088.78219348048,0.5193307983461979
sj_stdmlp,2024,all,a12_role,A12 투수 역할(전시즌),스윙(30-70),37096,0.1463312650143783,0.4808604701315506,0.47639254047532803,-0.004467929656222558,0.5413645933373591,0.24837937232696475,502.45867364824284,14549.503581807465,1.1693521118165966
sj_stdmlp,2024,all,a12_role,A12 투수 역할(전시즌),선발(>=70),62331,0.2458748673606646,0.5061526367297171,0.5037912659427807,-0.002361370786936434,0.5562428845190994,0.24744065134534612,1008.7502310831553,24354.58380559908,0.5488302424475101
sj_stdmlp,2024,all,a12_role,A12 투수 역할(전시즌),전시즌없음,61724,0.24348045616097386,0.4842848810835331,0.4808928557820841,-0.0033920253014489976,0.5574954669683442,0.24717123175014363,1033.7425076378358,24091.15112928287,1.1214445283370593
sj_stdmlp,2024,all,a13_tens,A13 이닝 x 점수차,초반|0-1점,56713,0.22371374360471308,0.4945603300830497,0.49170421563479844,-0.00285611444825129,0.5556960512933946,0.24741046305804684,1024.099985769511,22156.75986902442,0.7305322637800897
sj_stdmlp,2024,all,a13_tens,A13 이닝 x 점수차,초반|2-3점,20053,0.07910235220329222,0.49264449209594574,0.48921650064808064,-0.0034279914478650975,0.5530915029195511,0.24788795379411105,823.3552693407642,7849.470181852105,0.37210403634712
sj_stdmlp,2024,all,a13_tens,A13 이닝 x 점수차,초반|4점+,8494,0.033505978138670726,0.4995290793501295,0.48382246784002997,-0.015706611510099555,0.5655749270402223,0.2467306455656666,1307.6542272043246,3309.336423850266,3.308893797251618
sj_stdmlp,2024,all,a13_tens,A13 이닝 x 점수차,중반|0-1점,31591,0.12461588831866575,0.4924503814377513,0.49057590916453236,-0.0018744722732189079,0.5517438160050536,0.24778904680147676,861.779057624168,12360.92713028119,0.1752778279525129
sj_stdmlp,2024,all,a13_tens,A13 이닝 x 점수차,중반|2-3점,28192,0.1112079745332476,0.4830093643586833,0.48526035282965974,0.002250988470976434,0.5498572450867654,0.24778273281757487,772.3260187222692,11030.685257091896,0.22556826321712686
sj_stdmlp,2024,all,a13_tens,A13 이닝 x 점수차,중반|4점+,25268,0.09967377626653308,0.47854994459395284,0.47647834854899734,-0.0020715960449554927,0.5559399918375233,0.24712252224648293,968.7320239524344,9860.269013596504,0.17123265172425742
sj_stdmlp,2024,all,a13_tens,A13 이닝 x 점수차,후반|0-1점,25356,0.10002090672052448,0.4861965609717621,0.4799590605304802,-0.006237500441281907,0.5506169684543071,0.24794959488179996,744.5155005096349,9927.72443224113,1.5577848987210392
sj_stdmlp,2024,all,a13_tens,A13 이닝 x 점수차,후반|2-3점,23832,0.09400923840367327,0.47394259818731116,0.47845009146305734,0.004507493275746177,0.54761573912975,0.24752684076030182,719.6228819382533,9315.117913843425,0.7646034140559256
sj_stdmlp,2024,all,a13_tens,A13 이닝 x 점수차,후반|4점+,34008,0.13415014181067977,0.47553516819571867,0.4686658858293185,-0.0068692823664001645,0.5547044985457686,0.24717602047576384,892.3169182344037,13273.730488388945,2.5340162583060564
sj_grid_w060,2024,all,a1_count,A1 볼카운트,0-0,65317,0.25765363481087306,0.4862899398318967,0.48855300450405226,0.0022630646721555348,0.5519273510328161,0.24772346793928698,836.0551232725277,25550.473227931703,0.5282332409074025
sj_grid_w060,2024,all,a1_count,A1 볼카운트,0-1,31402,0.12387034677543421,0.5010508884784408,0.4968421396761485,-0.004208748802292328,0.5539859084715096,0.24765982796478916,935.6312005660561,12280.567705078342,0.8783525945788944
sj_grid_w060,2024,all,a1_count,A1 볼카운트,0-2,16155,0.06372605095717278,0.49229340761374185,0.48867943759749055,-0.0036139700162513,0.53049260418124,0.24930787175954158,253.15481074300595,6359.8741420172155,0.3331820685035337
sj_grid_w060,2024,all,a1_count,A1 볼카운트,1-0,26438,0.10428903343891885,0.4799152734700053,0.48446044076516437,0.0045451672951590805,0.5570488249455463,0.2471221249668935,991.3912112758716,10316.81862819632,0.8624499710844555
sj_grid_w060,2024,all,a1_count,A1 볼카운트,1-1,25313,0.09985128615777868,0.4862323707186031,0.4907472784752093,0.0045149077566062346,0.5601479493962286,0.2470223256314758,1116.0969150356914,9873.824254682419,0.8147923639382454
sj_grid_w060,2024,all,a1_count,A1 볼카운트,1-2,24399,0.09624586303336792,0.497807287183901,0.49060410761661233,-0.0072031795672886645,0.5458419878528691,0.2483715942395127,649.4515986232296,9569.285668298951,1.9990611422762712
sj_grid_w060,2024,all,a1_count,A1 볼카운트,2-0,9392,0.037048286635083055,0.47327512776831343,0.47757331305978007,0.0042981852914666385,0.5469251910521494,0.24738516793749338,762.4234553312958,3668.912119454417,0.27398949938441525
sj_grid_w060,2024,all,a1_count,A1 볼카운트,2-1,13446,0.05303995550418726,0.47411869701026327,0.48090837063072955,0.0067896736204662855,0.5593220139703456,0.24667407126108562,1065.2890585384878,5237.477572614659,0.9788056578164614
sj_grid_w060,2024,all,a1_count,A1 볼카운트,2-2,20640,0.0814178701179849,0.49064922480620154,0.48432415344645,-0.006325071359751522,0.5498592633377283,0.24801249225516214,760.2942106147759,8083.302230337308,1.3039055077146728
sj_grid_w060,2024,all,a1_count,A1 볼카운트,3-0,3214,0.012678150899186216,0.4819539514623522,0.462273313114129,-0.0196806383482232,0.581030869475027,0.24558651689955283,1637.262055227595,1246.395750702886,1.965756867983117
sj_grid_w060,2024,all,a1_count,A1 볼카운트,3-1,6020,0.023746878784412263,0.4591362126245847,0.46329071519680504,0.004154502572220331,0.5666886380526033,0.24510018984871274,1300.6721178080104,2329.9451996543403,0.16407413497892112
sj_grid_w060,2024,all,a1_count,A1 볼카운트,3-2,11771,0.04643264288560079,0.45697052077138733,0.4608267761936148,0.0038562554222274503,0.548150897280273,0.24641244678597637,699.5881029980833,4580.169690538594,0.2764079381685154
sj_grid_w060,2024,all,a1b_phase,A1b 카운트 국면,초구 0-0,65317,0.25765363481087306,0.4862899398318967,0.48855300450405226,0.0022630646721555348,0.5519273510328161,0.24772346793928698,836.0551232725277,25550.473227931703,0.5282332409074025
sj_grid_w060,2024,all,a1b_phase,A1b 카운트 국면,투수우위 0-1,31402,0.12387034677543421,0.5010508884784408,0.4968421396761485,-0.004208748802292328,0.5539859084715096,0.24765982796478916,935.6312005660561,12280.567705078342,0.8783525945788944
sj_grid_w060,2024,all,a1b_phase,A1b 카운트 국면,평행 1-1,25313,0.09985128615777868,0.4862323707186031,0.4907472784752093,0.0045149077566062346,0.5601479493962286,0.2470223256314758,1116.0969150356914,9873.824254682419,0.8147923639382454
sj_grid_w060,2024,all,a1b_phase,A1b 카운트 국면,타자우위 1-0/2-0/2-1,49276,0.19437727557818915,0.4770679438266093,0.4821784974573355,0.005110553630726211,0.555888992812239,0.24704999998620475,971.6922964536301,19223.208320265392,2.032248981382075
sj_grid_w060,2024,all,a1b_phase,A1b 카운트 국면,2스트라이크,61194,0.2413897841085256,0.49393731411576297,0.4879778485351492,-0.005959465580613776,0.5434171701956686,0.24849764742085517,586.3247717943443,24012.462040653478,3.4318558797151573
sj_grid_w060,2024,all,a1b_phase,A1b 카운트 국면,3볼,9234,0.03642502968359848,0.4670781893004115,0.4629365966897961,-0.004141592610615419,0.5714553332403894,0.24526946157725943,1465.0285804392315,3576.3409503572266,0.2501095023367748
sj_grid_w060,2024,all,a1b_phase,A1b 카운트 국면,풀카운트,11771,0.04643264288560079,0.45697052077138733,0.4608267761936148,0.0038562554222274503,0.548150897280273,0.24641244678597637,699.5881029980833,4580.169690538594,0.2764079381685154
sj_grid_w060,2024,all,a2_li,A2 경기 중요도 li,li<0.10,28368,0.11190223544123042,0.47303299492385786,0.4685590776645446,-0.004473917259313287,0.5549922173475117,0.2470785775057518,880.24176801913,11068.005804119137,0.896623633299203
sj_grid_w060,2024,all,a2_li,A2 경기 중요도 li,0.10-0.35,31697,0.1250340227291554,0.4814335741552828,0.4802296847741186,-0.0012038893811642248,0.5499244225001119,0.24764838118620144,803.8710746262501,12395.362179937094,0.07254323106370679
sj_grid_w060,2024,all,a2_li,A2 경기 중요도 li,0.35-0.70,56451,0.22268024157123867,0.48280809905936123,0.4882313893198486,0.005423290260487379,0.554627688661648,0.24736362881017557,937.4321680219233,22050.226282562977,2.621820200128624
sj_grid_w060,2024,all,a2_li,A2 경기 중요도 li,0.70-1.20,64983,0.2563361169514057,0.4933751904344213,0.490924020978623,-0.002451169455798319,0.551295971136638,0.2478554379573001,840.4171136151772,25433.362219423703,0.6165268529515388
sj_grid_w060,2024,all,a2_li,A2 경기 중요도 li,1.20-2.00,47218,0.1862591565518901,0.4910627303147105,0.491496047016696,0.0004333167019855422,0.5528962328864053,0.24768429671220646,894.6172287974563,18467.64971480523,0.013999870341843027
sj_grid_w060,2024,all,a2_li,A2 경기 중요도 li,li>=2.00,24790,0.09778822675507974,0.48604275917708756,0.4869294695629179,0.0008867103858303249,0.5565312640496066,0.24734476299809724,984.9404558189723,9682.43998865902,0.03077837487434107
sj_grid_w060,2024,all,a3_load,A3 전시즌 경기당 대비 등판 투구수,<0.25,46261,0.1824841128647335,0.49052117334255635,0.4875209886986964,-0.0030001846438599267,0.5503046478059699,0.24793478448864012,790.4310176969686,18111.65117921974,0.6575314827155057
sj_grid_w060,2024,all,a3_load,A3 전시즌 경기당 대비 등판 투구수,0.25-0.50,43301,0.1708079066850225,0.4870095378859611,0.4872752116835178,0.00026567379755670917,0.5529729970477582,0.24757741596191082,902.1417261256937,16928.345707608354,0.00482615138995803
sj_grid_w060,2024,all,a3_load,A3 전시즌 경기당 대비 등판 투구수,0.50-0.75,35948,0.14180279045549038,0.4893457215978636,0.4903389771401495,0.000993255542285909,0.547970622955729,0.2480916486590117,718.2612068872496,14082.911360901657,0.056001839784029867
sj_grid_w060,2024,all,a3_load,A3 전시즌 경기당 대비 등판 투구수,0.75-1.00,28037,0.11059655157451273,0.4906730391982024,0.4920457963408845,0.001372757142682146,0.5576159369032195,0.24733014918111085,1033.5030752521513,10950.001248953506,0.08343043989550011
sj_grid_w060,2024,all,a3_load,A3 전시즌 경기당 대비 등판 투구수,1.00-1.25,14289,0.05636530746685496,0.47882986913010006,0.48725637041436143,0.008426501284261367,0.5539928129747203,0.24718026151242492,950.3292717713108,5577.263857639154,1.6021456186964642
sj_grid_w060,2024,all,a3_load,A3 전시즌 경기당 대비 등판 투구수,1.25-1.50,6780,0.026744823614338064,0.48348082595870207,0.4804807993166365,-0.0030000266420655564,0.5571794762793961,0.24736355188402348,946.4590927946714,2648.323106826982,0.09635749132226555
sj_grid_w060,2024,all,a3_load,A3 전시즌 경기당 대비 등판 투구수,>=1.50,17167,0.06771805117807397,0.471311236675016,0.47017348407515885,-0.0011377525998571558,0.5503630638464112,0.2472539165464099,771.7560853740201,6702.597718985808,0.03509099218662328
sj_grid_w060,2024,all,a3_load,A3 전시즌 경기당 대비 등판 투구수,전시즌없음,61724,0.24348045616097386,0.4842848810835331,0.4842329030335529,-5.197804998025024e-05,0.5571056005817979,0.24722048798695592,1014.020530363402,24095.952009371955,0.0002633295487934964
sj_grid_w060,2024,all,a3b_gp,A3b 등판 내 투구수,1-10,76617,0.30222834083476985,0.47788349844029393,0.4792253696474979,0.0013418712072039707,0.5490703559526148,0.2475951267670829,767.7956738724956,29955.239965961682,0.21784739896916425
sj_grid_w060,2024,all,a3b_gp,A3b 등판 내 투구수,11-20,53275,0.21015198791354875,0.48247770999530737,0.48144852818213,-0.001029181813177349,0.5512704019703062,0.24758172266870057,845.5370969241094,20828.00179538038,0.08910728928121973
sj_grid_w060,2024,all,a3b_gp,A3b 등판 내 투구수,21-35,39529,0.15592863313439076,0.48850211237319435,0.4860068351455996,-0.002495277227594739,0.555859361483214,0.24746031535801669,963.5027945918862,15446.388628906316,0.3886502950052088
sj_grid_w060,2024,all,a3b_gp,A3b 등판 내 투구수,36-60,41814,0.16494219094541768,0.49347108623905866,0.4923751356069336,-0.0010959506321250867,0.5552292447451666,0.24748108257749604,990.6852016650424,16340.648559204466,0.07930658796997307
sj_grid_w060,2024,all,a3b_gp,A3b 등판 내 투구수,61-80,26329,0.10385906503567949,0.4956132021725094,0.49628055893842904,0.0006673567659196133,0.5524420869161373,0.24784608168730732,853.9354595248128,10304.382929245945,0.018516379272028982
sj_grid_w060,2024,all,a3b_gp,A3b 등판 내 투구수,81+,15943,0.06288978213619348,0.4967697422066111,0.5032391969834296,0.006469454776818484,0.5615451615116641,0.24716172468470507,1131.183513586731,6222.384310808372,1.053685434050643
sj_grid_w060,2024,all,a4_prevp,A4 전시즌 투구수,없음,61724,0.24348045616097386,0.4842848810835331,0.4842329030335529,-5.197804998025024e-05,0.5571056005817979,0.24722048798695592,1014.020530363402,24095.952009371955,0.0002633295487934964
sj_grid_w060,2024,all,a4_prevp,A4 전시즌 투구수,1-200,18380,0.07250292891320555,0.45250272034820455,0.4586171037443133,0.006114383396108758,0.5351441025542927,0.24682544495808256,370.771213977561,7163.759597102491,1.0850666342301865
sj_grid_w060,2024,all,a4_prevp,A4 전시즌 투구수,201-600,31140,0.12283684474195979,0.46149646756583174,0.4630649861137959,0.0015685185479641373,0.5376789276351033,0.24744587252404368,431.19923585012157,12167.585030525499,0.12097719013309852
sj_grid_w060,2024,all,a4_prevp,A4 전시즌 투구수,601-1200,69766,0.27520344605868874,0.48806008657512256,0.4846920772725269,-0.003368009302595676,0.5496701528077019,0.24797986011123357,751.4598595461774,27319.063142795196,1.2496717606412202
sj_grid_w060,2024,all,a4_prevp,A4 전시즌 투구수,1201-2000,28911,0.1140441881289274,0.5086299332434021,0.5099467813413393,0.0013168480979371955,0.5514435668336355,0.247804297981383,848.7433515156906,11312.992936204762,0.07916624442670284
sj_grid_w060,2024,all,a4_prevp,A4 전시즌 투구수,2001-2600,23910,0.09431692221516566,0.4913007109995818,0.49409289373605564,0.0027921827364738583,0.5606001580598813,0.24712461054639745,1120.2238333310465,9330.41888508175,0.2943559500381024
sj_grid_w060,2024,all,a4_prevp,A4 전시즌 투구수,2601+,19676,0.07761521378107902,0.5158060581418987,0.5156207693072774,-0.00018528883462132217,0.5444161669925707,0.24806097732795548,676.352375667555,7707.2745884255155,0.0010666965271387714
sj_grid_w060,2024,all,a5_asofn,A5 투수 누적 이력,0-99,7915,0.031222017537977254,0.4578648136449779,0.4609567279507555,0.003091914305777599,0.5419932781945681,0.24671564435794346,607.9097536654365,3083.56548597096,0.11948444873165291
sj_grid_w060,2024,all,a5_asofn,A5 투수 누적 이력,100-499,24122,0.09515319103614496,0.46882513887737337,0.4690714683780405,0.00024632950066710846,0.5470582413518215,0.24722531467031958,723.9396520778985,9416.983708662012,0.002311275595994495
sj_grid_w060,2024,all,a5_asofn,A5 투수 누적 이력,500-1499,46761,0.1844564449896847,0.4740275015504373,0.4744506817785187,0.0004231802280813546,0.5506901967976133,0.24728186011438413,819.6393025138749,18259.194578517174,0.01322330741006119
sj_grid_w060,2024,all,a5_asofn,A5 투수 누적 이력,1500-3999,80756,0.31855530616511574,0.48610629550745454,0.4844233740112506,-0.0016829214962039707,0.5537489660087261,0.2474966582019741,924.8368129873952,31560.92377099408,0.3611670172735076
sj_grid_w060,2024,all,a5_asofn,A5 투수 누적 이력,4000-7999,54350,0.21439250198219378,0.49236430542778287,0.4949579847035632,0.0025936792757803584,0.5486288995222051,0.24813443097353619,723.0747100499646,21295.711121788914,0.5773479922527016
sj_grid_w060,2024,all,a5_asofn,A5 투수 누적 이력,8000+,39603,0.15622053828888355,0.5079413175769513,0.5071577580698158,-0.0007835595071354895,0.5549266619287815,0.2475460666417909,956.5888406233181,15480.66752357402,0.03839526082683494
sj_grid_w060,2024,all,a6_psucc,A6 투수 수준 5분위,Q1 최저,64207,0.25327505749348145,0.4478327908172006,0.44807009965316363,0.00023730883596301267,0.5361024658362042,0.24630436811024617,393.97434538216424,24972.38719675458,0.005709732527579399
sj_grid_w060,2024,all,a6_psucc,A6 투수 수준 5분위,Q2,57443,0.2265933485071418,0.4768030917605278,0.4740791354460404,-0.002723956314487408,0.5343352592227998,0.24844207656447173,408.81067191481657,22535.532849183353,0.6730432257010722
sj_grid_w060,2024,all,a6_psucc,A6 투수 수준 5분위,Q3,52870,0.2085543988923383,0.49031586911291847,0.49258780861004575,0.0022719394971272844,0.5433745889491448,0.24836515679812488,616.6556501000508,20735.071943086856,0.43093165915054116
sj_grid_w060,2024,all,a6_psucc,A6 투수 수준 5분위,Q4,43880,0.173091867285716,0.5142433910665452,0.5163511251024792,0.0021077340359340058,0.5465964288326178,0.24808858676002304,683.9706603332329,17190.12250463943,0.30782494019986617
sj_grid_w060,2024,all,a6_psucc,A6 투수 수준 5분위,Q5 최고,35026,0.1381658100170804,0.5300919317078742,0.5285277869765177,-0.001564144731356465,0.5597389506536302,0.24646740510197684,1054.6482563685288,13631.875268965974,0.13531625919426293
sj_grid_w060,2024,all,a7_inning,A7 이닝,1-3회,85260,0.336322073946676,0.49460473844710295,0.49328366270039287,-0.0013210757467100875,0.5557568174502601,0.24748089257425473,996.1154144941031,33319.04688687188,0.23496670949439527
sj_grid_w060,2024,all,a7_inning,A7 이닝,4-6회,85051,0.33549763911844643,0.4851912381982575,0.4873749615476132,0.002183723349355682,0.5525544879022248,0.24760697900310666,870.2520113836765,33254.304819846526,0.6404426228993978
sj_grid_w060,2024,all,a7_inning,A7 이닝,7-8회,58238,0.2297293565858142,0.4760980802912188,0.4753364641518039,-0.000761616139414889,0.5488852868561741,0.24756726282984068,746.2795650908794,22766.969971566265,0.05334384263114985
sj_grid_w060,2024,all,a7_inning,A7 이닝,9회+,24958,0.09845093034906334,0.4835323343216604,0.48335179141062784,-0.00018054291103253295,0.553958072602807,0.24756468595264083,866.5920374112179,9756.724511222505,0.0012846245851824711
sj_grid_w060,2024,all,a8_hand,A8 손 매치업,1v1,30493,0.12028464697227295,0.453841865346145,0.46139294895727667,0.007551083611131659,0.5527745916725456,0.24580998861389958,830.8559952642236,11836.007946836455,2.745517900658083
sj_grid_w060,2024,all,a8_hand,A8 손 매치업,1v2,41337,0.16306058609821425,0.5069550281829838,0.497770146069003,-0.009184882113980775,0.5548812772720896,0.24773151698401158,888.2161002233713,16170.58697245071,5.506703531640347
sj_grid_w060,2024,all,a8_hand,A8 손 매치업,2v1,89268,0.3521322882602847,0.49815163328404355,0.49572216707355893,-0.002429466210484621,0.5476169132953963,0.24809279595411424,761.5254414310102,34971.601898481094,0.8319995640957392
sj_grid_w060,2024,all,a8_hand,A8 손 매치업,2v2,92409,0.36452247866922804,0.47578699044465367,0.48001304867263667,0.004226058227982998,0.5498228742381878,0.24752214986809565,758.4106532149804,36118.8493717389,2.6060982908574957
sj_grid_w060,2024,all,a9_batn,A9 타자 누적 이력,0-99,6710,0.0264686971168449,0.45424739195231,0.4726394890955956,0.018392097143285602,0.5500166819330544,0.24622443931902127,678.5857524506333,2608.910886384394,3.5841864367114082
sj_grid_w060,2024,all,a9_batn,A9 타자 누적 이력,100-499,17316,0.06830580615130943,0.474994224994225,0.4765682242572097,0.0015739992629846822,0.5455482107792904,0.24770858818428365,668.1202853128898,6773.204821099083,0.06774265194309909
sj_grid_w060,2024,all,a9_batn,A9 타자 누적 이력,500-1499,32038,0.12637915323837212,0.48355078344465946,0.4826690966261385,-0.0008816868185209659,0.548183076691357,0.24787546748405223,742.3858055459531,12540.20138508787,0.039327800730997495
sj_grid_w060,2024,all,a9_batn,A9 타자 누적 이력,1500-3999,60091,0.23703881944088329,0.4875938160456641,0.4848603738864528,-0.0027334421592112856,0.5556283577832847,0.24743196150430327,966.2449103138737,23478.52431811257,0.708981292629557
sj_grid_w060,2024,all,a9_batn,A9 타자 누적 이력,4000+,137352,0.5418075240525903,0.48900634865163956,0.4894873635457249,0.00048101489408536313,0.5540764499504954,0.24757286118822883,922.9575726955486,53696.20477882325,0.05018311357412519
sj_grid_w060,2024,all,a10_base,A10 주자 상황,___,131633,0.5192479892073986,0.48431624288742187,0.48635347398143164,0.0020372310940097726,0.5510331218366428,0.24769837336152026,823.0683947611394,51486.51559335432,0.8626824025559433
sj_grid_w060,2024,all,a10_base,A10 주자 상황,1__,50798,0.20038105456654057,0.48958620418126697,0.48759003498156245,-0.0019961691997045228,0.5535534928186272,0.24754795028864993,937.8478548813796,19856.903080561733,0.31962951949268475
sj_grid_w060,2024,all,a10_base,A10 주자 상황,_2_,20024,0.07898795694004505,0.49330803036356374,0.48576027077850986,-0.0075477595850538814,0.5572420051336336,0.24752448715049108,972.4663544907752,7826.625861213615,1.801326843415946
sj_grid_w060,2024,all,a10_base,A10 주자 상황,__3,6671,0.026314855211098706,0.4994753410283316,0.4940910300158647,-0.005384311012466891,0.5571524207167143,0.24746783862173324,1012.755559604972,2606.845385466277,0.3053913868645797
sj_grid_w060,2024,all,a10_base,A10 주자 상황,12_,21934,0.08652226565735857,0.48080605452721803,0.4831928637647287,0.0023868092375106675,0.5568171546254518,0.24713256198022016,1001.0874234183009,8559.598189626748,0.19731442069364993
sj_grid_w060,2024,all,a10_base,A10 주자 상황,1_3,8472,0.033419195525172876,0.4884324834749764,0.48863411623167996,0.0002016327567035403,0.553374768011673,0.24773946116471549,851.1481184893865,3314.2609772487535,0.0005438932766608037
sj_grid_w060,2024,all,a10_base,A10 주자 상황,_23,5567,0.02195994587920649,0.48661756781031074,0.4810213727535951,-0.005596195056715658,0.5518819160453414,0.24758921465187042,893.3182783914084,2176.4991966471052,0.2753039711602402
sj_grid_w060,2024,all,a10_base,A10 주자 상황,123,8408,0.033166737013179126,0.4764509990485252,0.47902177642426674,0.0025707773757415175,0.5651733383568446,0.2462763115757635,1270.4713786567013,3269.797905388609,0.0877459760197495
sj_grid_w060,2024,all,a11_typemo,A11 game_type x 월블록,R|early,87355,0.3445861455502215,0.4950603857821533,0.4910403435033169,-0.0040200422788364,0.5592147813118005,0.24729697891524713,1071.553101129341,34112.38986722928,2.2292284492758427
sj_grid_w060,2024,all,a11_typemo,A11 game_type x 월블록,R|mid,68816,0.27145601502128147,0.49006045105789353,0.4896201664275674,-0.0004402846303261376,0.5557873195993633,0.24742650799767205,990.2702812188746,26886.930135877104,0.021065028117335634
sj_grid_w060,2024,all,a11_typemo,A11 game_type x 월블록,R|late,67326,0.2655784652889269,0.4823990731663845,0.4864409157841893,0.004041842617804825,0.5449737262282398,0.2481427320924014,619.7580988327234,26380.920183955863,1.7367894728655833
sj_grid_w060,2024,all,a11_typemo,A11 game_type x 월블록,F|early,11672,0.04604212112486046,0.465301576422207,0.4738059715581106,0.00850439513590362,0.536076475995439,0.24790056921336173,359.91339009739943,4569.075879051184,1.3330231981008258
sj_grid_w060,2024,all,a11_typemo,A11 game_type x 월블록,F|mid,8768,0.034586816143143975,0.43909671532846717,0.458392777240331,0.019296061911863838,0.5455012860258895,0.24517086392875503,454.71695788712464,3394.4933811284727,5.155175759068633
sj_grid_w060,2024,all,a11_typemo,A11 game_type x 월블록,F|late,9570,0.03775043687156568,0.4704284221525601,0.4563353290651224,-0.01409309308743767,0.5351300719806369,0.24836389024206268,305.7220055565635,3753.2367422652683,3.0014433201755164
sj_grid_w060,2024,all,a12_role,A12 투수 역할(전시즌),불펜(<30구/경기),92356,0.3643134114639832,0.4758976135822253,0.47687248049128605,0.0009748669090607343,0.5494636322822379,0.24750634382111714,766.8744453843912,36095.82874546875,0.13859939691570816
sj_grid_w060,2024,all,a12_role,A12 투수 역할(전시즌),스윙(30-70),37096,0.1463312650143783,0.4808604701315506,0.4788726863181126,-0.0019877838134380044,0.5412499886034231,0.24836641754762148,507.6481895126439,14548.744720044144,0.23145733595491447
sj_grid_w060,2024,all,a12_role,A12 투수 역할(전시즌),선발(>=70),62331,0.2458748673606646,0.5061526367297171,0.5063314283256777,0.00017879159596057015,0.5560391453759564,0.24746033018831595,1000.8775018084837,24356.520714622315,0.003146327051485144
sj_grid_w060,2024,all,a12_role,A12 투수 역할(전시즌),전시즌없음,61724,0.24348045616097386,0.4842848810835331,0.4842329030335529,-5.197804998025024e-05,0.5571056005817979,0.24722048798695592,1014.020530363402,24095.952009371955,0.0002633295487934964
sj_grid_w060,2024,all,a13_tens,A13 이닝 x 점수차,초반|0-1점,56713,0.22371374360471308,0.4945603300830497,0.4948269339855087,0.0002666039024589728,0.5555065235903187,0.2474394083759512,1012.5204880580219,22159.35205712436,0.00636533394722946
sj_grid_w060,2024,all,a13_tens,A13 이닝 x 점수차,초반|2-3점,20053,0.07910235220329222,0.49264449209594574,0.49179908110810766,-0.00084541098783808,0.5528640306306665,0.24789148441319975,821.9427160089832,7849.581980303124,0.022631883432612774
sj_grid_w060,2024,all,a13_tens,A13 이닝 x 점수차,초반|4점+,8494,0.033505978138670726,0.4995290793501295,0.4864843655821116,-0.013044713768017913,0.5649630179487235,0.24678853269575457,1284.4993546292537,3310.1128494443915,2.2823746365008195
sj_grid_w060,2024,all,a13_tens,A13 이닝 x 점수차,중반|0-1점,31591,0.12461588831866575,0.4924503814377513,0.49354606365960896,0.0010956822218576856,0.5522232000266131,0.24774147212699402,880.8132669688273,12358.553873302648,0.05988777404154539
sj_grid_w060,2024,all,a13_tens,A13 이닝 x 점수차,중반|2-3점,28192,0.1112079745332476,0.4830093643586833,0.48794105887625566,0.00493169451757236,0.5493443986057687,0.24782612010748917,754.9510394023184,11032.616753825992,1.08273902217166
sj_grid_w060,2024,all,a13_tens,A13 이닝 x 점수차,중반|4점+,25268,0.09967377626653308,0.47854994459395284,0.47902801273056617,0.0004780681366133299,0.5552588397874945,0.24719433066166768,939.9556973657242,9863.134192717878,0.009119185150491472
sj_grid_w060,2024,all,a13_tens,A13 이닝 x 점수차,후반|0-1점,25356,0.10002090672052448,0.4861965609717621,0.4829911926273069,-0.0032053683444552283,0.5497069053037466,0.24797754697745347,733.3261343879127,9928.843614158262,0.41137907560322634
sj_grid_w060,2024,all,a13_tens,A13 이닝 x 점수차,후반|2-3점,23832,0.09400923840367327,0.47394259818731116,0.48130092965439847,0.007358331467087309,0.5473015244508834,0.2475897557589569,694.3883466705936,9317.48557881754,2.0376273091842765
sj_grid_w060,2024,all,a13_tens,A13 이닝 x 점수차,후반|4점+,34008,0.13415014181067977,0.47553516819571867,0.47133176233585017,-0.004203405859868503,0.5538833888302231,0.24724370572460888,865.1778447153258,13277.365289812964,0.9488319718541354
sj_e2var,2024,all,a1_count,A1 볼카운트,0-0,65317,0.25765363481087306,0.4862899398318967,0.4963147633677155,0.010024823535818794,0.5519980028593295,0.24781536526717465,799.2685336418504,25559.95162025135,10.365381004491386
sj_e2var,2024,all,a1_count,A1 볼카운트,0-1,31402,0.12387034677543421,0.5010508884784408,0.5041774493356701,0.003126560857229288,0.5540593953166829,0.24765757318636528,936.5331159197909,12280.45589865692,0.4847263733920178
sj_e2var,2024,all,a1_count,A1 볼카운트,0-2,16155,0.06372605095717278,0.49229340761374185,0.4962979971144694,0.004004589500727573,0.5304757332405179,0.24928285770427716,263.1628104118766,6359.2360304239455,0.40909911383776887
sj_e2var,2024,all,a1_count,A1 볼카운트,1-0,26438,0.10428903343891885,0.4799152734700053,0.49218170038246256,0.012266426912457273,0.5570522240055027,0.24725478000515505,938.243437522912,10322.356691492127,6.28160056369087
sj_e2var,2024,all,a1_count,A1 볼카운트,1-1,25313,0.09985128615777868,0.4862323707186031,0.49854302449320925,0.012310653774606162,0.5600845003865291,0.247181043258519,1052.5616924184856,9880.168417913568,6.0577510491284965
sj_e2var,2024,all,a1_count,A1 볼카운트,1-2,24399,0.09624586303336792,0.497807287183901,0.4981620248873778,0.0003547377034768262,0.5457952517339534,0.24832225744112893,669.1866975213289,9567.384815187552,0.004848331369134936
sj_e2var,2024,all,a1_count,A1 볼카운트,2-0,9392,0.037048286635083055,0.47327512776831343,0.4855986440474845,0.012323516279171054,0.5469050449955126,0.247522178819512,707.4620847482005,3670.944096107368,2.2523347520762176
sj_e2var,2024,all,a1_count,A1 볼카운트,2-1,13446,0.05303995550418726,0.47411869701026327,0.4886998225060582,0.014581125495794933,0.5595356454560327,0.24684048518710625,998.5446553536948,5241.010936299169,4.514199727522522
sj_e2var,2024,all,a1_count,A1 볼카운트,2-2,20640,0.0814178701179849,0.49064922480620154,0.49217938383087584,0.0015301590246742935,0.5499292674651821,0.2479620348628912,780.4842289414249,8081.657706919265,0.07631121998534539
sj_e2var,2024,all,a1_count,A1 볼카운트,3-0,3214,0.012678150899186216,0.4819539514623522,0.4708685142161012,-0.011085437246250995,0.5807986165636263,0.24540068667124296,1711.6911007640679,1245.452628866062,0.623673219190373
sj_e2var,2024,all,a1_count,A1 볼카운트,3-1,6020,0.023746878784412263,0.4591362126245847,0.4717393519601488,0.012603139335564117,0.5670277648389082,0.24526301673453746,1235.103404042548,2331.493047174312,1.5099394577369478
sj_e2var,2024,all,a1_count,A1 볼카운트,3-2,11771,0.04643264288560079,0.45697052077138733,0.4690719290371977,0.012101408265810354,0.5481636944628453,0.2465394995484015,648.3878012031763,4582.531272589943,2.722016499394599
sj_e2var,2024,all,a1b_phase,A1b 카운트 국면,초구 0-0,65317,0.25765363481087306,0.4862899398318967,0.4963147633677155,0.010024823535818794,0.5519980028593295,0.24781536526717465,799.2685336418504,25559.95162025135,10.365381004491386
sj_e2var,2024,all,a1b_phase,A1b 카운트 국면,투수우위 0-1,31402,0.12387034677543421,0.5010508884784408,0.5041774493356701,0.003126560857229288,0.5540593953166829,0.24765757318636528,936.5331159197909,12280.45589865692,0.4847263733920178
sj_e2var,2024,all,a1b_phase,A1b 카운트 국면,평행 1-1,25313,0.09985128615777868,0.4862323707186031,0.49854302449320925,0.012310653774606162,0.5600845003865291,0.247181043258519,1052.5616924184856,9880.168417913568,6.0577510491284965
sj_e2var,2024,all,a1b_phase,A1b 카운트 국면,타자우위 1-0/2-0/2-1,49276,0.19437727557818915,0.4770679438266093,0.48997686648717376,0.012908922660564481,0.5559454942829083,0.24719269707514768,914.4931414929669,19234.311723898663,12.966447678561304
sj_e2var,2024,all,a1b_phase,A1b 카운트 국면,2스트라이크,61194,0.2413897841085256,0.49393731411576297,0.49565205528124745,0.001714741165484479,0.5434197203037214,0.24845435377796476,603.6447754178221,24008.278552530763,0.28412637981042965
sj_e2var,2024,all,a1b_phase,A1b 카운트 국면,3볼,9234,0.03642502968359848,0.4670781893004115,0.47143624685841945,0.004358057558007944,0.5716165166175539,0.24531093434083714,1448.3672417322402,3576.945676040374,0.27693724113523466
sj_e2var,2024,all,a1b_phase,A1b 카운트 국면,풀카운트,11771,0.04643264288560079,0.45697052077138733,0.4690719290371977,0.012101408265810354,0.5481636944628453,0.2465394995484015,648.3878012031763,4582.531272589943,2.722016499394599
sj_e2var,2024,all,a2_li,A2 경기 중요도 li,li<0.10,28368,0.11190223544123042,0.47303299492385786,0.47683422522065394,0.0038012302967960765,0.5551050634531653,0.24708296467624402,878.4817802334533,11068.202329568498,0.6472657842804341
sj_e2var,2024,all,a2_li,A2 경기 중요도 li,0.10-0.35,31697,0.1250340227291554,0.4814335741552828,0.48809311840388625,0.006659544248603433,0.5499398533548524,0.24769056933929703,786.9725128284766,12397.473792517872,2.2197943683606938
sj_e2var,2024,all,a2_li,A2 경기 중요도 li,0.35-0.70,56451,0.22268024157123867,0.48280809905936123,0.4959462573302768,0.013138158270915579,0.5546895024283024,0.24751137095137948,878.2653618303549,22063.396155840976,15.386724790084308
sj_e2var,2024,all,a2_li,A2 경기 중요도 li,0.70-1.20,64983,0.2563361169514057,0.4933751904344213,0.4985337378140916,0.0051585473796703085,0.5513021638644339,0.24787503988049445,832.5749676298288,25435.37364518425,2.730613117703566
sj_e2var,2024,all,a2_li,A2 경기 중요도 li,1.20-2.00,47218,0.1862591565518901,0.4910627303147105,0.4990820930772744,0.00801936276256393,0.5529082813754693,0.24775075966339855,868.0235516631774,18472.605275242124,4.795047069213866
sj_e2var,2024,all,a2_li,A2 경기 중요도 li,li>=2.00,24790,0.09778822675507974,0.48604275917708756,0.4946693006478306,0.008626541470743043,0.5565785098441886,0.24742528242066258,952.7075703390619,9685.591963527864,2.913100872721982
sj_e2var,2024,all,a3_load,A3 전시즌 경기당 대비 등판 투구수,<0.25,46261,0.1824841128647335,0.49052117334255635,0.49536938401858666,0.004848210676030307,0.5502383124295189,0.24794725661581354,785.4403732268089,18112.562268872985,1.7170524091509103
sj_e2var,2024,all,a3_load,A3 전시즌 경기당 대비 등판 투구수,0.25-0.50,43301,0.1708079066850225,0.4870095378859611,0.4950844540398427,0.008074916153881617,0.5529354341573756,0.24764789109171123,873.9326328299323,16933.16451289564,4.458405202216961
sj_e2var,2024,all,a3_load,A3 전시즌 경기당 대비 등판 투구수,0.50-0.75,35948,0.14180279045549038,0.4893457215978636,0.4980031856551176,0.008657464057253983,0.5480550639007916,0.248141198404275,698.4323053781161,14085.724049979546,4.254628990764789
sj_e2var,2024,all,a3_load,A3 전시즌 경기당 대비 등판 투구수,0.75-1.00,28037,0.11059655157451273,0.4906730391982024,0.49958559570099104,0.00891255650278866,0.5578783676005838,0.24739633470503575,1007.0196502768081,10952.931468225357,3.5167516636666285
sj_e2var,2024,all,a3_load,A3 전시즌 경기당 대비 등판 투구수,1.00-1.25,14289,0.05636530746685496,0.47882986913010006,0.4948652209672271,0.016035351837127065,0.5540331938213516,0.24736990529299752,874.3355257236351,5581.542894309565,5.80182186770071
sj_e2var,2024,all,a3_load,A3 전시즌 경기당 대비 등판 투구수,1.25-1.50,6780,0.026744823614338064,0.48348082595870207,0.4883872505095869,0.004906424550884858,0.557286623280552,0.24738984392087754,935.9307860646649,2648.6045945732394,0.2577303189042093
sj_e2var,2024,all,a3_load,A3 전시즌 경기당 대비 등판 투구수,>=1.50,17167,0.06771805117807397,0.471311236675016,0.4784958303213661,0.0071845936463501014,0.5504981172459875,0.2473157096234423,746.957212192767,6704.272815352132,1.3992792517780017
sj_e2var,2024,all,a3_load,A3 전시즌 경기당 대비 등판 투구수,전시즌없음,61724,0.24348045616097386,0.4842848810835331,0.4918596277456098,0.007574746662076692,0.5570723633101281,0.24730142318967227,981.6144365979329,24103.840557673117,5.5923694558348975
sj_e2var,2024,all,a3b_gp,A3b 등판 내 투구수,1-10,76617,0.30222834083476985,0.47788349844029393,0.48730056575853214,0.009417067318238215,0.5490445695952276,0.24768466763856145,731.9091111193554,29966.073047884267,10.72906954742108
sj_e2var,2024,all,a3b_gp,A3b 등판 내 투구수,11-20,53275,0.21015198791354875,0.48247770999530737,0.48934266902197315,0.0068649590266657845,0.5513424128089046,0.24762744549576585,827.2254771841681,20831.848263180746,3.9646506506462353
sj_e2var,2024,all,a3b_gp,A3b 등판 내 투구수,21-35,39529,0.15592863313439076,0.48850211237319435,0.4937440062084357,0.0052418938352413735,0.555804450075403,0.2474955559702648,949.3990915743766,15448.588335924056,1.7151331345951493
sj_e2var,2024,all,a3b_gp,A3b 등판 내 투구수,36-60,41814,0.16494219094541768,0.49347108623905866,0.49987301999144496,0.006401933752386291,0.5553909620277981,0.2475211868878767,974.6407418223191,16343.296561366144,2.7061360947124036
sj_e2var,2024,all,a3b_gp,A3b 등판 내 투구수,61-80,26329,0.10385906503567949,0.4956132021725094,0.5036263428796537,0.008013140707144262,0.5524876635055819,0.24790095780531513,831.9833225344242,10306.664444167518,2.669595550445887
sj_e2var,2024,all,a3b_gp,A3b 등판 내 투구수,81+,15943,0.06288978213619348,0.4967697422066111,0.5102676890254978,0.013497946818886719,0.5616703618510922,0.24731219717891592,1070.9920036134024,6226.172509358857,4.586813046839098
sj_e2var,2024,all,a4_prevp,A4 전시즌 투구수,없음,61724,0.24348045616097386,0.4842848810835331,0.4918596277456098,0.007574746662076692,0.5570723633101281,0.24730142318967227,981.6144365979329,24103.840557673117,5.5923694558348975
sj_e2var,2024,all,a4_prevp,A4 전시즌 투구수,1-200,18380,0.07250292891320555,0.45250272034820455,0.4673017952155689,0.01479907486736437,0.5350092780279239,0.24701147418136613,295.6819214188,7169.158832314507,6.356531583217586
sj_e2var,2024,all,a4_prevp,A4 전시즌 투구수,201-600,31140,0.12283684474195979,0.46149646756583174,0.4715851435872546,0.010088676021422882,0.5379674117182416,0.2475213061251771,400.845796831073,12171.294305392714,5.0048668424826666
sj_e2var,2024,all,a4_prevp,A4 전시즌 투구수,601-1200,69766,0.27520344605868874,0.48806008657512256,0.49257595319902175,0.00451586662389919,0.5496724847956197,0.24799202770285855,746.5900459038055,27320.40360328158,2.246630261266423
sj_e2var,2024,all,a4_prevp,A4 전시즌 투구수,1201-2000,28911,0.1140441881289274,0.5086299332434021,0.5169758455939051,0.00834591235050297,0.5515337131687847,0.2478705509588793,822.234263380528,11316.017578926958,3.1799209221063283
sj_e2var,2024,all,a4_prevp,A4 전시즌 투구수,2001-2600,23910,0.09431692221516566,0.4913007109995818,0.50152774702598,0.01022703602639824,0.5605244015238906,0.24720909636220403,1086.4192740128065,9333.608725420112,3.9489780102900043
sj_e2var,2024,all,a4_prevp,A4 전시즌 투구수,2601+,19676,0.07761521378107902,0.5158060581418987,0.5226025656350741,0.006796507493175397,0.5446192862074622,0.248094610019695,662.8858415154482,7708.319558872607,1.435205141777082
sj_e2var,2024,all,a5_asofn,A5 투수 누적 이력,0-99,7915,0.031222017537977254,0.4578648136449779,0.4693890767905778,0.0115242631455999,0.5420444659827567,0.2468248053639527,563.9330508953822,3084.929830382195,1.659903419757808
sj_e2var,2024,all,a5_asofn,A5 투수 누적 이력,100-499,24122,0.09515319103614496,0.46882513887737337,0.47720624094279546,0.008381102065422086,0.5473602657162934,0.24728596298835978,699.5856489702912,9419.293845161197,2.6755997077583427
sj_e2var,2024,all,a5_asofn,A5 투수 누적 이력,500-1499,46761,0.1844564449896847,0.4740275015504373,0.4824802950183723,0.008452793467934983,0.550681000630314,0.24736685252420268,785.5503569743516,18265.47038438444,5.275818825506849
sj_e2var,2024,all,a5_asofn,A5 투수 누적 이력,1500-3999,80756,0.31855530616511574,0.48610629550745454,0.4922932267311559,0.006186931223701342,0.553800274257822,0.24754230002149752,906.5659775333579,31566.744043466493,4.88124878947554
sj_e2var,2024,all,a5_asofn,A5 투수 누적 이력,4000-7999,54350,0.21439250198219378,0.49236430542778287,0.5025449333131453,0.010180627885362448,0.5486238250844769,0.24823386286097318,683.2926772954106,21304.2446926555,8.89516981563164
sj_e2var,2024,all,a5_asofn,A5 투수 누적 이력,8000+,39603,0.15622053828888355,0.5079413175769513,0.5141710895732703,0.006229771996319022,0.5549362652330548,0.24756674004073867,948.3173945049273,15481.960365831763,2.4270457214378363
sj_e2var,2024,all,a6_psucc,A6 투수 수준 5분위,Q1 최저,64207,0.25327505749348145,0.4478327908172006,0.4570069503153087,0.00917415949810807,0.536293263394384,0.24637627453562166,364.8952295482233,24979.677668743316,8.533368861329892
sj_e2var,2024,all,a6_psucc,A6 투수 수준 5분위,Q2,57443,0.2265933485071418,0.4768030917605278,0.48228769654281706,0.005484604782289237,0.5344095003377797,0.2484573792161254,402.67640794818817,22536.920912806832,2.728559048817779
sj_e2var,2024,all,a6_psucc,A6 투수 수준 5분위,Q3,52870,0.2085543988923383,0.49031586911291847,0.500116148008256,0.009800278895337522,0.5433653733927778,0.24846935495040956,574.9607481957963,20743.771054555687,8.018474418202821
sj_e2var,2024,all,a6_psucc,A6 투수 수준 5분위,Q4,43880,0.173091867285716,0.5142433910665452,0.5232051653720292,0.00896177430548406,0.5465154752197876,0.24817463755448177,649.5223878884016,17196.084986499984,5.56493622092439
sj_e2var,2024,all,a6_psucc,A6 투수 수준 5분위,Q5 최고,35026,0.1381658100170804,0.5300919317078742,0.5347900108481066,0.004698079140232458,0.5597605004698829,0.24650464231751604,1039.6992232987957,13633.934823564618,1.2207782063895272
sj_e2var,2024,all,a7_inning,A7 이닝,1-3회,85260,0.336322073946676,0.49460473844710295,0.5008073769016076,0.006202638454504639,0.5557848628805386,0.24753066276978955,976.2050180054272,33325.74758792942,5.179690741915696
sj_e2var,2024,all,a7_inning,A7 이닝,4-6회,85051,0.33549763911844643,0.4851912381982575,0.49500811413845214,0.009816875940194647,0.5526053484745767,0.2476902862493558,836.8998564502795,33265.49321434019,12.942900045314683
sj_e2var,2024,all,a7_inning,A7 이닝,7-8회,58238,0.2297293565858142,0.4760980802912188,0.48344875133368037,0.007350671042461565,0.548935935897671,0.2476161605754876,726.6756678677156,22771.46674344998,4.968965655038505
sj_e2var,2024,all,a7_inning,A7 이닝,9회+,24958,0.09845093034906334,0.4835323343216604,0.4914035866504971,0.007871252328836731,0.5539576033200023,0.24764616372573936,833.965537030612,9759.935616162013,2.441760239554912
sj_e2var,2024,all,a8_hand,A8 손 매치업,1v1,30493,0.12028464697227295,0.453841865346145,0.47008314002225016,0.016241274676105144,0.5528007051671866,0.2460093811096877,750.4134418929165,11845.608903974102,12.701234781226528
sj_e2var,2024,all,a8_hand,A8 손 매치업,1v2,41337,0.16306058609821425,0.5069550281829838,0.5051392337126197,-0.0018157944703640627,0.5549245161314673,0.24766534180346378,914.6912951191632,16166.26741099364,0.2152176579072778
sj_e2var,2024,all,a8_hand,A8 손 매치업,2v1,89268,0.3521322882602847,0.49815163328404355,0.5032526415113218,0.005101008227278214,0.5476066882476214,0.24811890577643006,751.0813697776841,34975.2823854866,3.6678656569768986
sj_e2var,2024,all,a8_hand,A8 손 매치업,2v2,92409,0.36452247866922804,0.47578699044465367,0.48782876852800955,0.01204177808335588,0.5499326237812604,0.24763614998810302,712.7034181199199,36135.484461427244,21.15928932280825
sj_e2var,2024,all,a9_batn,A9 타자 누적 이력,0-99,6710,0.0264686971168449,0.45424739195231,0.48045306042331515,0.02620566847100514,0.5503697619446941,0.2465570452042117,544.4200010916833,2612.4350658571902,7.276433634714016
sj_e2var,2024,all,a9_batn,A9 타자 누적 이력,100-499,17316,0.06830580615130943,0.474994224994225,0.48456094179976705,0.009566716805542053,0.545473712436128,0.24779902488713815,631.8548988134443,6775.677671621821,2.5025282056941376
sj_e2var,2024,all,a9_batn,A9 타자 누적 이력,500-1499,32038,0.12637915323837212,0.48355078344465946,0.49066218213929913,0.00711139869463967,0.5480797979696784,0.247935160624254,718.4826789463639,12543.221304755742,2.5584740715336522
sj_e2var,2024,all,a9_batn,A9 타자 누적 이력,1500-3999,60091,0.23703881944088329,0.4875938160456641,0.4927414472583413,0.005147631212677195,0.5556798554783583,0.24746198794686172,954.2269343803312,23481.373491507587,2.514373843174919
sj_e2var,2024,all,a9_batn,A9 타자 누적 이력,4000+,137352,0.5418075240525903,0.48900634865163956,0.4970852449457559,0.008078896294116344,0.55412678285644,0.24763616893345416,897.6222264481248,53709.93562813924,14.156132593925344
sj_e2var,2024,all,a10_base,A10 주자 상황,___,131633,0.5192479892073986,0.48431624288742187,0.49417122338538993,0.009854980497968069,0.5510950470669046,0.24778658938874143,787.7472306393573,51504.85215245024,20.18746958091493
sj_e2var,2024,all,a10_base,A10 주자 상황,1__,50798,0.20038105456654057,0.48958620418126697,0.4952670059975831,0.005680801816316139,0.5535373350555874,0.2475852734159868,922.9121249976769,19859.896931738152,2.5886388120562023
sj_e2var,2024,all,a10_base,A10 주자 상황,_2_,20024,0.07898795694004505,0.49330803036356374,0.49335495105871013,4.6920695146390745e-05,0.5571995394872041,0.24748606236165677,987.8390237281432,7825.410884669419,6.961218723915418e-05
sj_e2var,2024,all,a10_base,A10 주자 상황,__3,6671,0.026314855211098706,0.4994753410283316,0.50164855529938,0.0021732142710484403,0.557082761226683,0.24745400356993696,1018.2895864168206,2606.699645958737,0.04975097598183889
sj_e2var,2024,all,a10_base,A10 주자 상황,12_,21934,0.08652226565735857,0.48080605452721803,0.49094404194549296,0.01013798741827493,0.5568883382489918,0.24724136170677896,957.5033059242455,8563.36653943473,3.5598106873987234
sj_e2var,2024,all,a10_base,A10 주자 상황,1_3,8472,0.033419195525172876,0.4884324834749764,0.49628615641049034,0.007853672935513922,0.553425537239354,0.24779286897570818,829.7735537892925,3314.9754674757896,0.8251580429286666
sj_e2var,2024,all,a10_base,A10 주자 상황,_23,5567,0.02195994587920649,0.48661756781031074,0.48878616145885084,0.002168593648540107,0.5518480760681357,0.24756462779596153,903.1600710014965,2176.283059315723,0.04134120697125916
sj_e2var,2024,all,a10_base,A10 주자 상황,123,8408,0.033166737013179126,0.4764509990485252,0.48668941497085516,0.010238415922329935,0.5654607309843958,0.24637878809363564,1229.3896431071482,3271.158480838785,1.3917582586985633
sj_e2var,2024,all,a11_typemo,A11 game_type x 월블록,R|early,87355,0.3445861455502215,0.4950603857821533,0.49871537333812654,0.003654987555973266,0.5591655301256324,0.2473168596588738,1063.6000274654168,34115.132236668716,1.8427445737033457
sj_e2var,2024,all,a11_typemo,A11 game_type x 월블록,R|mid,68816,0.27145601502128147,0.49006045105789353,0.49733450083845243,0.0072740497805589,0.5559400249344411,0.24747426662512248,971.1592779804823,26892.119890564416,5.749731049934471
sj_e2var,2024,all,a11_typemo,A11 game_type x 월블록,R|late,67326,0.2655784652889269,0.4823990731663845,0.49420864663733205,0.011809573470947576,0.5449303216612661,0.24825509545762103,574.7569886966453,26392.865925604085,14.82712009252991
sj_e2var,2024,all,a11_typemo,A11 game_type x 월블록,F|early,11672,0.04604212112486046,0.465301576422207,0.48113967122649764,0.01583809480429066,0.5363821564625515,0.24805455859081124,298.0195632507621,4571.914069993492,4.623349479248618
sj_e2var,2024,all,a11_typemo,A11 game_type x 월블록,F|mid,8768,0.034586816143143975,0.43909671532846717,0.46666612512799693,0.027569409799529765,0.5455896970049064,0.2455620616870462,295.8812343002881,3399.9096780731925,10.523520383432
sj_e2var,2024,all,a11_typemo,A11 game_type x 월블록,F|late,9570,0.03775043687156568,0.4704284221525601,0.46486693282973635,-0.005561489322823743,0.5349486871922573,0.24819611581079934,373.06734619535484,3750.701360977689,0.4674118525597633
sj_e2var,2024,all,a12_role,A12 투수 역할(전시즌),불펜(<30구/경기),92356,0.3643134114639832,0.4758976135822253,0.48497847674920375,0.009080863166978426,0.5495724168441735,0.24758550079446334,735.1379098543554,36107.37283969197,12.026103744214742
sj_e2var,2024,all,a12_role,A12 투수 역할(전시즌),스윙(30-70),37096,0.1463312650143783,0.4808604701315506,0.48691702342839066,0.006056553296840073,0.5411705953621829,0.24838785519105258,499.06054878692265,14550.000488858455,2.148739349823729
sj_e2var,2024,all,a12_role,A12 투수 역할(전시즌),선발(>=70),62331,0.2458748673606646,0.5061526367297171,0.5134912227189596,0.00733858598924253,0.5560691631493327,0.24751020078144725,980.9262435413357,24361.42927565805,5.300714786492567
sj_e2var,2024,all,a12_role,A12 투수 역할(전시즌),전시즌없음,61724,0.24348045616097386,0.4842848810835331,0.4918596277456098,0.007574746662076692,0.5570723633101281,0.24730142318967227,981.6144365979329,24103.840557673117,5.5923694558348975
sj_e2var,2024,all,a13_tens,A13 이닝 x 점수차,초반|0-1점,56713,0.22371374360471308,0.4945603300830497,0.5023356182474217,0.007775288164371952,0.5555836042053547,0.24751297265634,983.0912926618862,22165.940081233635,5.414036459115972
sj_e2var,2024,all,a13_tens,A13 이닝 x 점수차,초반|2-3점,20053,0.07910235220329222,0.49264449209594574,0.49929639104257306,0.0066518989466273215,0.5529093300809264,0.2479302842304366,806.4194296579674,7850.810591874602,1.4011228228224033
sj_e2var,2024,all,a13_tens,A13 이닝 x 점수차,초반|4점+,8494,0.033505978138670726,0.4995290793501295,0.49417076847048635,-0.005358310879643169,0.5646736681663069,0.24670533315520382,1317.7792003709499,3308.996914821187,0.3851001060972497
sj_e2var,2024,all,a13_tens,A13 이닝 x 점수차,중반|0-1점,31591,0.12461588831866575,0.4924503814377513,0.501029140891731,0.008578759453979734,0.5521141421461461,0.24781772742012229,850.3041940466804,12362.357859531352,3.671283497753826
sj_e2var,2024,all,a13_tens,A13 이닝 x 점수차,중반|2-3점,28192,0.1112079745332476,0.4830093643586833,0.4955374792647259,0.012528114906042609,0.5493697931565968,0.2479426025498675,708.3041980932902,11037.802269157275,6.987195749703127
sj_e2var,2024,all,a13_tens,A13 이닝 x 점수차,중반|4점+,25268,0.09967377626653308,0.47854994459395284,0.4868897779898554,0.008339833395902552,0.5555410944748428,0.2472494403110262,917.8711928694239,9865.333085651553,2.7751801826246587
sj_e2var,2024,all,a13_tens,A13 이닝 x 점수차,후반|0-1점,25356,0.10002090672052448,0.4861965609717621,0.49104454321565527,0.004847982243893156,0.5498566258826145,0.24798030246398978,732.2230991063993,9928.953941868303,0.9410405802023577
sj_e2var,2024,all,a13_tens,A13 이닝 x 점수차,후반|2-3점,23832,0.09400923840367327,0.47394259818731116,0.4892922124556216,0.01534961426831044,0.5471929269089039,0.24777975596006496,618.1812914656804,9324.635810572365,8.866679088290976
sj_e2var,2024,all,a13_tens,A13 이닝 x 점수차,후반|4점+,34008,0.13415014181067977,0.47553516819571867,0.4795283948122635,0.003993226616544832,0.5539729088709249,0.24725203541946175,861.8379707418856,13277.812607171318,0.8563170159338316
sj3way_nv,2024,all,a1_count,A1 볼카운트,0-0,65175,0.25757306301499794,0.48644418872266976,0.49381363504976084,0.007369446327091078,0.5504098146569882,0.2478536239252158,785.6238872020139,25555.999759426002,5.599733032460097
sj3way_nv,2024,all,a1_count,A1 볼카운트,0-1,31381,0.12401841642460529,0.5009400592715337,0.5104124009105644,0.009472341639030657,0.5504363036622146,0.24800906595268524,796.0229481706272,12312.631956108986,4.454490611501045
sj3way_nv,2024,all,a1_count,A1 볼카운트,0-2,16119,0.06370264983105103,0.4920900800297785,0.48931199881012505,-0.00277808121965345,0.5279584927360763,0.2495054337580673,172.84302016111752,6362.600654171676,0.1968088097057081
sj3way_nv,2024,all,a1_count,A1 볼카운트,1-0,26404,0.10434920070346,0.4798136645962733,0.48844546639966213,0.00863180180338885,0.5551472292637757,0.2473169109582436,911.7264327120566,10330.946198493168,3.112355563920539
sj3way_nv,2024,all,a1_count,A1 볼카운트,1-1,25285,0.09992688758472149,0.48609847735811745,0.49478672746049246,0.008688250102375006,0.5551909909991816,0.24744919944485244,943.7488159910856,9898.41307073787,3.0195633716183883
sj3way_nv,2024,all,a1_count,A1 볼카운트,1-2,24352,0.09623965064121565,0.49753613666228647,0.49191870983290414,-0.0056174268293823215,0.541993630467214,0.24862814902190303,546.325408361381,9578.58801438037,1.2156989615889116
sj3way_nv,2024,all,a1_count,A1 볼카운트,2-0,9376,0.037054162467642815,0.47312286689419797,0.4827741750383544,0.009651308144156434,0.5489742555389653,0.24729600776209754,794.9417826489835,3668.185301917519,1.381676989005012
sj3way_nv,2024,all,a1_count,A1 볼카운트,2-1,13431,0.053079613492204636,0.47427592882138336,0.48327300404804874,0.008997075226665374,0.5569299335216749,0.2469280632406611,966.6421847065787,5246.8102886606075,1.7199967048521463
sj3way_nv,2024,all,a1_count,A1 볼카운트,2-2,20593,0.08138399826111012,0.4907007235468363,0.4907544333327837,5.370978594737563e-05,0.5478552005996533,0.24808281089271064,732.5384154526105,8082.260718102485,9.398164122361549e-05
sj3way_nv,2024,all,a1_count,A1 볼카운트,3-0,3202,0.01265437587685498,0.4831355402873204,0.4685147560196133,-0.014620784267707132,0.5757007520647115,0.24575682043022107,1585.3113409541431,1244.9258058542528,1.0828772456447742
sj3way_nv,2024,all,a1_count,A1 볼카운트,3-1,5999,0.023708182662477522,0.4589098183030505,0.4708157865826398,0.011905968279589285,0.5690785093234983,0.2452785895948753,1221.4521634387854,2327.850387569122,1.3453177323062993
sj3way_nv,2024,all,a1_count,A1 볼카운트,3-2,11718,0.046309799039658546,0.4565625533367469,0.46613825412801013,0.009575700791263242,0.5516995462123703,0.24622600590172883,760.6134680429589,4564.613142320262,1.6998523136717234
sj3way_nv,2024,all,a1b_phase,A1b 카운트 국면,초구 0-0,65175,0.25757306301499794,0.48644418872266976,0.49381363504976084,0.007369446327091078,0.5504098146569882,0.2478536239252158,785.6238872020139,25555.999759426002,5.599733032460097
sj3way_nv,2024,all,a1b_phase,A1b 카운트 국면,투수우위 0-1,31381,0.12401841642460529,0.5009400592715337,0.5104124009105644,0.009472341639030657,0.5504363036622146,0.24800906595268524,796.0229481706272,12312.631956108986,4.454490611501045
sj3way_nv,2024,all,a1b_phase,A1b 카운트 국면,평행 1-1,25285,0.09992688758472149,0.48609847735811745,0.49478672746049246,0.008688250102375006,0.5551909909991816,0.24744919944485244,943.7488159910856,9898.41307073787,3.0195633716183883
sj3way_nv,2024,all,a1b_phase,A1b 카운트 국면,타자우위 1-0/2-0/2-1,49211,0.19448297666330744,0.47702749385300036,0.4859532315406238,0.008925737687623447,0.5546140345998677,0.24720680138798665,908.1019819063396,19245.941789071298,6.202503123043241
sj3way_nv,2024,all,a1b_phase,A1b 카운트 국면,2스트라이크,61064,0.2413262987333768,0.49379339709157605,0.4908379827114716,-0.0029554143801044375,0.5403736314298764,0.24867581711714362,514.3436392948231,24023.449386654527,0.8437981637675153
sj3way_nv,2024,all,a1b_phase,A1b 카운트 국면,3볼,9201,0.036362558539332505,0.4673405064666884,0.47001501494229514,0.0026745084756067405,0.5709398176926398,0.24544501662832569,1401.3151508118106,3572.7761934233754,0.10412129238847913
sj3way_nv,2024,all,a1b_phase,A1b 카운트 국면,풀카운트,11718,0.046309799039658546,0.4565625533367469,0.46613825412801013,0.009575700791263242,0.5516995462123703,0.24622600590172883,760.6134680429589,4564.613142320262,1.6998523136717234
sj3way_nv,2024,all,a2_li,A2 경기 중요도 li,li<0.10,28260,0.1116841543659968,0.4726114649681529,0.47349928561040405,0.0008878206422511803,0.5501904989175407,0.2473624210568214,757.2509891403456,11059.167675622179,0.035240267514819616
sj3way_nv,2024,all,a2_li,A2 경기 중요도 li,0.10-0.35,31600,0.12488390934060506,0.4812658227848101,0.4852703304542271,0.004004507669416957,0.5490276655655535,0.24773183031354828,767.9582355607728,12384.699011983414,0.8016815788988408
sj3way_nv,2024,all,a2_li,A2 경기 중요도 li,0.35-0.70,56392,0.2228624498587152,0.4828699106256207,0.4933816452440544,0.010511734618433743,0.5547917092263328,0.24744128255761472,907.175798691906,22075.279854372417,9.857864311201832
sj3way_nv,2024,all,a2_li,A2 경기 중요도 li,0.70-1.20,64897,0.2564744007745964,0.4934280475214571,0.4962902565217307,0.002862209000273619,0.5501654798637724,0.24793223439904807,809.969948849365,25455.063089346444,0.8410927112567547
sj3way_nv,2024,all,a2_li,A2 경기 중요도 li,1.20-2.00,47146,0.18632205030924576,0.4910278708692148,0.49720728302289074,0.006179412153675956,0.5485247523255316,0.24801124181600234,763.5494933348141,18498.341003793106,2.8481033169581336
sj3way_nv,2024,all,a2_li,A2 경기 중요도 li,li>=2.00,24740,0.0977730353508408,0.4861358124494745,0.4930612592555327,0.006925446806058166,0.5495617568460162,0.24786348000138328,778.3201422649988,9701.274662624752,1.8772056525825862
sj3way_nv,2024,all,a3_load,A3 전시즌 경기당 대비 등판 투구수,<0.25,46239,0.1827375659493746,0.4905166634226519,0.4934039008157994,0.0028872373931475015,0.5494257804773021,0.24796388838928599,778.7513190946948,18139.00387064362,0.6098035985590514
sj3way_nv,2024,all,a3_load,A3 전시즌 경기당 대비 등판 투구수,0.25-0.50,43271,0.1710079633252317,0.4869543112014975,0.4924801698314807,0.005525858629983171,0.5514706017535737,0.2476899486748172,856.5276213127194,16955.940245965245,2.09032124376057
sj3way_nv,2024,all,a3_load,A3 전시즌 경기당 대비 등판 투구수,0.50-0.75,35908,0.14190922204438122,0.4894174000222792,0.49508588086420674,0.005668480841927559,0.5467652832115891,0.24817006354916166,687.4859815514611,14097.98910951,1.825328964023874
sj3way_nv,2024,all,a3_load,A3 전시즌 경기당 대비 등판 투구수,0.75-1.00,27989,0.11061315628272769,0.49054985887312874,0.49689886004471295,0.006349001171584212,0.5570065202555143,0.24739982375137784,1004.7073347482893,10954.771678849167,1.7849035728914477
sj3way_nv,2024,all,a3_load,A3 전시즌 경기당 대비 등판 투구수,1.00-1.25,14246,0.05630051178690695,0.4786606766811737,0.49162059944333897,0.012959922762165288,0.5460371944451536,0.24790577992974233,656.7375659453534,5587.224921057827,3.785422235615549
sj3way_nv,2024,all,a3_load,A3 전시즌 경기당 대비 등판 투구수,1.25-1.50,6753,0.0266880075878831,0.4833407374500222,0.4861786807214092,0.002837943271386978,0.5520914558500385,0.24765080342782583,829.5871621000317,2645.775882278592,0.08604402780499042
sj3way_nv,2024,all,a3_load,A3 전시즌 경기당 대비 등판 투구수,>=1.50,17114,0.0676349121663011,0.47136847025826806,0.4746922393472978,0.00332376908902976,0.5428833357592691,0.24765935709019363,610.3527478311111,6705.371298384953,0.29910920542349867
sj3way_nv,2024,all,a3_load,A3 전시즌 경기당 대비 등판 투구수,전시즌없음,61515,0.24310866085719368,0.4842233601560595,0.49037301165474856,0.006149651498689068,0.5542014787805658,0.2475133416847889,895.9944407187281,24087.74829105291,3.680430326451475
sj3way_nv,2024,all,a3b_gp,A3b 등판 내 투구수,1-10,76482,0.30225858082873913,0.4779163724797992,0.485425062492355,0.00750869001255583,0.5486566339118188,0.24767137953394738,737.8128303765163,29967.57643442618,6.821881155138357
sj3way_nv,2024,all,a3b_gp,A3b 등판 내 투구수,11-20,53161,0.21009346533088308,0.48242132390286113,0.48681835379433797,0.0043970298914768335,0.5486234557829962,0.24783137229525937,744.7677027994093,20843.27630744099,1.626029948003793
sj3way_nv,2024,all,a3b_gp,A3b 등판 내 투구수,21-35,39442,0.15587566937380204,0.48833730541047615,0.490663719558289,0.002326414147812872,0.5525511346240515,0.24763918788346007,890.4019129153618,15452.361588872887,0.33771437862496245
sj3way_nv,2024,all,a3b_gp,A3b 등판 내 투구수,36-60,41762,0.16504436145197304,0.493415066328241,0.49720647223223,0.0037914059039890202,0.5519939042787249,0.24772741754758806,891.8431264732019,16367.107191445244,0.9497261921776703
sj3way_nv,2024,all,a3b_gp,A3b 등판 내 투구수,61-80,26292,0.10390657418934139,0.4956260459455348,0.5016620959617454,0.0060360500162106034,0.549050939424808,0.24810022675807247,752.3142786672321,10319.706531502214,1.5154647725581214
sj3way_nv,2024,all,a3b_gp,A3b 등판 내 투구수,81+,15896,0.06282134882526133,0.4967916456970307,0.5078638529421505,0.011072207245119814,0.5589234411551033,0.2474862183254094,1001.4364881983928,6223.7972440548065,3.0829950590144
sj3way_nv,2024,all,a4_prevp,A4 전시즌 투구수,없음,61515,0.24310866085719368,0.4842233601560595,0.49037301165474856,0.006149651498689068,0.5542014787805658,0.2475133416847889,895.9944407187281,24087.74829105291,3.680430326451475
sj3way_nv,2024,all,a4_prevp,A4 전시즌 투구수,1-200,18310,0.07236153101349616,0.45243036592026215,0.46482873658418983,0.012398370663927683,0.5326582079254488,0.24705437079898537,275.59821766434123,7156.446819119464,4.452809735671327
sj3way_nv,2024,all,a4_prevp,A4 전시즌 투구수,201-600,31079,0.12282490564546407,0.4615335113742398,0.46909457988875025,0.007561068514510438,0.5328732613184993,0.247809780365184,285.911776214276,12184.340904084558,2.810929450216109
sj3way_nv,2024,all,a4_prevp,A4 전시즌 투구수,601-1200,69682,0.2753848281858241,0.4879308860250854,0.49056993144246736,0.002639045417381969,0.5474314533279261,0.24807672012932014,711.4610790942777,27347.84947997628,0.767769575592657
sj3way_nv,2024,all,a4_prevp,A4 전시즌 투구수,1201-2000,28885,0.11415416839567649,0.5087069413190237,0.5138582131666274,0.005151271847603667,0.5470917908477181,0.24814908246362924,710.2580647005863,11339.701117318202,1.2126008634332364
sj3way_nv,2024,all,a4_prevp,A4 전시즌 투구수,2001-2600,23897,0.09444148042760883,0.49127505544629035,0.4949082690341107,0.003633213587820372,0.5602089373288908,0.2470807025216267,1137.6155307336155,9341.11617452774,0.49904740928058583
sj3way_nv,2024,all,a4_prevp,A4 전시즌 투구수,2601+,19667,0.0777244254747367,0.5157878680022373,0.5225513350696662,0.006763467067428919,0.545914557557976,0.24801193198953095,696.2186426223593,7716.622511663163,1.4232901359991919
sj3way_nv,2024,all,a5_asofn,A5 투수 누적 이력,0-99,7793,0.0307981109332701,0.4578467855767997,0.4681424653785691,0.010295679801769375,0.5380261761350068,0.24706712723405438,465.70172131541466,3046.0442220695363,1.3068667045256293
sj3way_nv,2024,all,a5_asofn,A5 투수 누적 이력,100-499,24053,0.09505799592941688,0.46892279549328564,0.474235268042561,0.00531247254927536,0.5431786555313608,0.24747797007704525,624.909043420141,9417.212245831786,1.0739380047057943
sj3way_nv,2024,all,a5_asofn,A5 투수 누적 이력,500-1499,46680,0.18448040784871658,0.4739288774635818,0.47809541666026056,0.0041665391966787535,0.5490018157689713,0.2474752529979638,740.0294308616551,18275.917402570132,1.2820304880813989
sj3way_nv,2024,all,a5_asofn,A5 투수 누적 이력,1500-3999,80652,0.318738514434762,0.4860511828596935,0.4902587952594814,0.004207612399787897,0.5501451141320992,0.24772358592409974,833.3864368426202,31608.148843961546,2.258931993252113
sj3way_nv,2024,all,a5_asofn,A5 투수 누적 이력,4000-7999,54282,0.21452368249451656,0.4922442061825283,0.5024073257312675,0.010163119548739163,0.5460063331087626,0.24841260014527955,611.0460301812615,21332.709711033625,8.870058241450703
sj3way_nv,2024,all,a5_asofn,A5 투수 누적 이력,8000+,39575,0.15640128835931788,0.5079469361970941,0.510455916460895,0.002508980263800975,0.5556060754763248,0.2474686903567843,987.5117997887539,15493.79287227568,0.3941231779524225
sj3way_nv,2024,all,a6_psucc,A6 투수 수준 5분위,Q1 최저,64076,0.25322979034520915,0.44762469567388724,0.4520392087330316,0.004414513059144365,0.534168315463255,0.24639736370316898,347.5996203135878,24977.445031118466,1.9755024236621401
sj3way_nv,2024,all,a6_psucc,A6 투수 수준 5분위,Q2,57355,0.22666824747564565,0.476784935925377,0.48337129658783407,0.006586360662457047,0.5301827532385839,0.24873709624758988,290.21144626720786,22569.83616309958,3.9362154669929064
sj3way_nv,2024,all,a6_psucc,A6 투수 수준 5분위,Q3,52811,0.20871025747426245,0.49029558235973564,0.4992478681163381,0.008952285756602452,0.5411598511052218,0.24855951566431736,538.7263853630197,20766.884498518168,6.695897952531793
sj3way_nv,2024,all,a6_psucc,A6 투수 수준 5분위,Q4,43816,0.17316181555911236,0.5143098411539164,0.5201356753427792,0.005825834188862733,0.5416571606154118,0.24840212905841633,557.6965566552739,17218.86829220987,2.3526944606987774
sj3way_nv,2024,all,a6_psucc,A6 투수 수준 5분위,Q5 최고,34977,0.13822988914577033,0.5299768419246934,0.5300957749576022,0.00011893303290877455,0.560384588552887,0.24651335106363595,1038.9496002063404,13640.791312796224,0.0007827158119497128
sj3way_nv,2024,all,a7_inning,A7 이닝,1-3회,85180,0.3366332720769854,0.494587931439305,0.4978188317333562,0.003230900294051209,0.5529568592503031,0.2477093202483562,904.6616981388422,33380.785003822464,1.4066994244152815
sj3way_nv,2024,all,a7_inning,A7 이닝,4-6회,84873,0.3354200011856067,0.4851483981949501,0.4929610522671262,0.007812654072176128,0.5514320492387528,0.24771093633486135,828.1280766769927,33260.693229699085,8.195648162082128
sj3way_nv,2024,all,a7_inning,A7 이닝,7-8회,58094,0.22958879206433894,0.47609047405928323,0.4814341028508117,0.005343628791528443,0.5462899067170067,0.24777954489369375,661.0274163292406,22772.63543567834,2.6243418434993786
sj3way_nv,2024,all,a7_inning,A7 이닝,9회+,24888,0.09835793467306894,0.4833654773384764,0.4891556027823047,0.005790125443828287,0.5503954991713954,0.24787368616568142,740.6623829404047,9759.711628542407,1.3200260631304903
sj3way_nv,2024,all,a8_hand,A8 손 매치업,1v1,30434,0.12027585116683463,0.45386738516133274,0.46505969805689523,0.011192312895562495,0.5518630930745464,0.24597816880137605,763.9486159546793,11843.284516629314,6.031360458444289
sj3way_nv,2024,all,a8_hand,A8 손 매치업,1v2,41276,0.16312367854249413,0.5068078302161062,0.5033688210600062,-0.003439009156099959,0.5516747858648926,0.24780372984885307,860.1288955934483,16181.620253423265,0.7722907449028915
sj3way_nv,2024,all,a8_hand,A8 손 매치업,2v1,89135,0.35226352085679846,0.49806473326975936,0.5034569466082136,0.005392213338454244,0.5447440812940159,0.24833475762916063,664.6088019327867,35018.88709477894,4.100142623129984
sj3way_nv,2024,all,a8_hand,A8 손 매치업,2v2,92190,0.3643369494338728,0.47582167263260655,0.4835612934647647,0.007739620832158123,0.5472870962478822,0.24772394421121408,678.1715230708918,36130.033432910786,8.736545581342735
sj3way_nv,2024,all,a9_batn,A9 타자 누적 이력,0-99,6696,0.02646274230837631,0.4541517323775388,0.47341795951766164,0.019266227140122827,0.5466554444479933,0.24652733335345123,552.8900412464677,2611.5424245420413,3.932107292026737
sj3way_nv,2024,all,a9_batn,A9 타자 누적 이력,100-499,17249,0.06816843519671192,0.4747521595454809,0.48037697865352147,0.00562481910804058,0.5384613694621304,0.24831484686104166,420.15118381918404,6776.152501727536,0.8633712944569164
sj3way_nv,2024,all,a9_batn,A9 타자 누적 이력,500-1499,31935,0.12620783686051337,0.483419445749178,0.486667600578661,0.0032481548294829854,0.5492893088877576,0.24782432265763155,761.1420220054677,12520.665428275497,0.5330364745498796
sj3way_nv,2024,all,a9_batn,A9 타자 누적 이력,1500-3999,59955,0.23694350583911317,0.4875990326077892,0.4901268396669856,0.0025278070591964186,0.5542254102653245,0.24751489640738064,933.1018246377831,23477.038449537304,0.6060798064550282
sj3way_nv,2024,all,a9_batn,A9 타자 누적 이력,4000+,137200,0.5422174797952852,0.4890014577259475,0.4956451547429857,0.006643697017038208,0.5513468372887999,0.24780962248420274,828.164558873934,53788.42649365995,9.580547104972812
sj3way_nv,2024,all,a10_base,A10 주자 상황,___,131456,0.519517062856917,0.48432175024342744,0.49189179311266445,0.007570042869237015,0.5497729312322417,0.2478271122634869,771.5907396440347,51540.163507417165,11.917733054046437
sj3way_nv,2024,all,a10_base,A10 주자 상황,1__,50703,0.2003793941549588,0.489537108257894,0.4944524432495062,0.00491533499161223,0.551245831364999,0.24777673018126814,845.8894912580339,19875.16469977472,1.9380119986084494
sj3way_nv,2024,all,a10_base,A10 주자 상황,_2_,19972,0.07892979232122038,0.493490887242139,0.489037545968852,-0.004453341273287004,0.5539507640750412,0.247612158793933,938.3480886564599,7823.662118558134,0.6266284016203846
sj3way_nv,2024,all,a10_base,A10 주자 상황,__3,6650,0.026280949275791887,0.4992481203007519,0.49618253029064935,-0.003065590010102537,0.5495680017366764,0.2480302183486469,787.6883125018996,2609.412889012628,0.09887041383148877
sj3way_nv,2024,all,a10_base,A10 주자 상황,12_,21888,0.08650186733060644,0.4805829678362573,0.48766021462690523,0.0070772467906479175,0.55372486450869,0.2474188513175578,882.9826302222399,8567.525952346494,1.7344082180839149
sj3way_nv,2024,all,a10_base,A10 주자 상황,1_3,8440,0.03335506945679451,0.487914691943128,0.4918822435819132,0.003967551638785205,0.5483331662733265,0.24798467209646416,748.1463741721761,3311.188056687676,0.21018619334247096
sj3way_nv,2024,all,a10_base,A10 주자 상황,_23,5544,0.02191001244887071,0.48647186147186144,0.4854085440555199,-0.0010633174163415249,0.5474726435687626,0.24795585222349967,745.000269368179,2174.774073038177,0.00991666491504379
sj3way_nv,2024,all,a10_base,A10 주자 상황,123,8382,0.03312585215484024,0.47661655929372465,0.4856012320838016,0.008984672790076975,0.5615002283741387,0.24674042928283874,1087.4926671728292,3271.934000907323,1.0704558241540454
sj3way_nv,2024,all,a11_typemo,A11 game_type x 월블록,R|early,87321,0.34509455213705614,0.49506991445356785,0.4961882350517482,0.0011183205981803446,0.5553472141263075,0.2475671804167308,963.4992101682726,34200.1753980054,0.17276983213479824
sj3way_nv,2024,all,a11_typemo,A11 game_type x 월블록,R|mid,68789,0.2718556721402178,0.4900928927590167,0.4953713940026851,0.00527850124366841,0.5549702534218048,0.24749879164998018,961.6005578098608,26934.48284702765,3.03219281850892
sj3way_nv,2024,all,a11_typemo,A11 game_type x 월블록,R|late,67117,0.2652478906080187,0.482217619977055,0.492663360779477,0.010445740802421999,0.5433554980221,0.2483431882012915,536.9186264541081,26369.46694602087,11.585841659225302
sj3way_nv,2024,all,a11_typemo,A11 game_type x 월블록,F|early,11623,0.045934356907147235,0.46554245891766327,0.473399014229268,0.00785655531160473,0.5295467110889874,0.24818401477754587,252.6652140131147,4563.610869216298,1.135008580798477
sj3way_nv,2024,all,a11_typemo,A11 game_type x 월블록,F|mid,8735,0.03452091607880333,0.43892386949055523,0.46120960161081687,0.022285732120261637,0.5457618754308708,0.24533611159576482,379.0944084528958,3390.322012176639,6.863304753378041
sj3way_nv,2024,all,a11_typemo,A11 game_type x 월블록,F|late,9450,0.03734661212875689,0.46984126984126984,0.46402156574373804,-0.005819704097531797,0.527910710111309,0.24854219466826064,220.1033097662952,3715.7672252954626,0.5063492580034185
sj3way_nv,2024,all,a12_role,A12 투수 역할(전시즌),불펜(<30구/경기),92184,0.36431323729918785,0.47582009893256966,0.48179990086879826,0.0059798019362286015,0.5481955402733387,0.24761716592350125,720.9526550264078,36112.10960010838,5.214896700868784
sj3way_nv,2024,all,a12_role,A12 투수 역할(전시즌),스윙(30-70),37044,0.14639871954472702,0.4808875931324911,0.48753511945376776,0.006647526321276687,0.5349081886257374,0.24879840710410422,335.0130195629797,14580.822844924882,2.5897304849058513
sj3way_nv,2024,all,a12_role,A12 투수 역할(전시즌),선발(>=70),62292,0.24617938229889147,0.5061484620818083,0.5096326984283636,0.0034842363465552584,0.5548656218095557,0.247524933388768,975.0526520512559,24393.144561656143,1.1963659692987627
sj3way_nv,2024,all,a12_role,A12 투수 역할(전시즌),전시즌없음,61515,0.24310866085719368,0.4842233601560595,0.49037301165474856,0.006149651498689068,0.5542014787805658,0.2475133416847889,895.9944407187281,24087.74829105291,3.680430326451475
sj3way_nv,2024,all,a13_tens,A13 이닝 x 점수차,초반|0-1점,56668,0.22395320805422175,0.4945824804122256,0.4995905246944333,0.0050080442822077464,0.5530369265506491,0.24769822682072373,909.0761881104803,22206.35841840614,2.248489005076824
sj3way_nv,2024,all,a13_tens,A13 이닝 x 점수차,초반|2-3점,20034,0.07917481771296461,0.4926125586502945,0.49591670061157034,0.0033041419612758194,0.5506557496913452,0.24796822591349166,791.0526032609444,7859.234851236934,0.34602033995282894
sj3way_nv,2024,all,a13_tens,A13 이닝 x 점수차,초반|4점+,8478,0.03350524630979904,0.4992922859164897,0.49047146185550083,-0.008820824060988885,0.5594206382795786,0.24717166116151443,1131.1374578671484,3315.1917341793956,1.0435861197560432
sj3way_nv,2024,all,a13_tens,A13 이닝 x 점수차,중반|0-1점,31540,0.12464678799375581,0.49239061509194676,0.4996061922685501,0.007215577176603316,0.5500274397883165,0.24791487783280933,811.0756254046447,12370.31736302467,2.597887879378346
sj3way_nv,2024,all,a13_tens,A13 이닝 x 점수차,중반|2-3점,28147,0.11123757582943071,0.48307102000213165,0.493987884882748,0.010916864880616328,0.5505295942833559,0.2478072326439501,763.3458671917115,11034.75393502132,5.306944496124916
sj3way_nv,2024,all,a13_tens,A13 이닝 x 점수차,중반|4점+,25186,0.09953563736242022,0.4784006988009211,0.4834919038006446,0.0050912049997234865,0.5529282585566196,0.2473479264461456,875.8519407924825,9855.621931653111,1.0328016670663964
sj3way_nv,2024,all,a13_tens,A13 이닝 x 점수차,후반|0-1점,25315,0.10004544825814611,0.48635196523800117,0.4896276657398796,0.00327570050187842,0.5461901204685259,0.24825273926860592,624.862320962638,9942.338457592086,0.4297371195885533
sj3way_nv,2024,all,a13_tens,A13 이닝 x 점수차,후반|2-3점,23771,0.0939435255992254,0.4741071052963695,0.4876779487833337,0.01357084348696419,0.5451126465339738,0.2478451984403847,595.3403901911236,9320.614028923916,6.92592362259129
sj3way_nv,2024,all,a13_tens,A13 이닝 x 점수차,후반|4점+,33896,0.13395775288003636,0.47515931083313667,0.4766055149376734,0.001446204104536719,0.5503433199404703,0.2474492233784098,775.4005875668657,13269.394577704745,0.11215643410190201
cw_v17_base,2024,all,a1_count,A1 볼카운트,0-0,65317,0.25765363481087306,0.4862899398318967,0.49905633733316157,0.012766397501264848,0.5511051489518758,0.2479326573354562,752.3164047607888,25572.04925425997,16.81003131678644
cw_v17_base,2024,all,a1_count,A1 볼카운트,0-1,31402,0.12387034677543421,0.5010508884784408,0.5075887943041666,0.006537905825725776,0.553161152903295,0.24776046268226418,895.3771357550711,12285.557821850969,2.1195330747705694
cw_v17_base,2024,all,a1_count,A1 볼카운트,0-2,16155,0.06372605095717278,0.49229340761374185,0.4990557816659328,0.006762374052190934,0.5296530736707761,0.24936006657910692,232.27192184696042,6361.2056382149,1.166570282941811
cw_v17_base,2024,all,a1_count,A1 볼카운트,1-0,26438,0.10428903343891885,0.4799152734700053,0.49477519312761165,0.014859919657606357,0.5551417975467156,0.2474537569765579,858.5240149004858,10330.663553232756,9.218644946790432
cw_v17_base,2024,all,a1_count,A1 볼카운트,1-1,25313,0.09985128615777868,0.4862323707186031,0.5014882019763598,0.015255831257756702,0.5589618602479959,0.24731674105893126,998.2413871160944,9885.592446812952,9.302955414801367
cw_v17_base,2024,all,a1_count,A1 볼카운트,1-2,24399,0.09624586303336792,0.497807287183901,0.5009197281740599,0.003112440990158949,0.5450815205446281,0.24839084740258513,641.7501852809982,9570.027456094864,0.3732328380146648
cw_v17_base,2024,all,a1_count,A1 볼카운트,2-0,9392,0.037048286635083055,0.47327512776831343,0.48768596886359955,0.01441084109528612,0.5437875450529266,0.24774597135551238,617.6885987036585,3674.263111367744,3.079940383624261
cw_v17_base,2024,all,a1_count,A1 볼카운트,2-1,13446,0.05303995550418726,0.47411869701026327,0.4918445434224171,0.017725846412153856,0.5584163540115523,0.24700628174402553,932.0478632504847,5244.5311917684285,6.6713332993671735
cw_v17_base,2024,all,a1_count,A1 볼카운트,2-2,20640,0.0814178701179849,0.49064922480620154,0.49520287695204407,0.004553652145842524,0.5496912318285258,0.24797156389838698,776.6712811723031,8081.96828028263,0.6758261063524943
cw_v17_base,2024,all,a1_count,A1 볼카운트,3-0,3214,0.012678150899186216,0.4819539514623522,0.4698847166262333,-0.01206923483611888,0.5730284189935578,0.245957446027435,1488.696877209783,1248.278282751636,0.7392833331308107
cw_v17_base,2024,all,a1_count,A1 볼카운트,3-1,6020,0.023746878784412263,0.4591362126245847,0.4718096549772752,0.012673442352690467,0.5612809436525066,0.2456113176937301,1094.846186803111,2334.8040284852887,1.5268319746997248
cw_v17_base,2024,all,a1_count,A1 볼카운트,3-2,11771,0.04643264288560079,0.45697052077138733,0.4706579027215678,0.013687381950180488,0.5434449369808562,0.24694691874889668,484.2041532113206,4590.104141159656,3.482248022232354
cw_v17_base,2024,all,a1b_phase,A1b 카운트 국면,초구 0-0,65317,0.25765363481087306,0.4862899398318967,0.49905633733316157,0.012766397501264848,0.5511051489518758,0.2479326573354562,752.3164047607888,25572.04925425997,16.81003131678644
cw_v17_base,2024,all,a1b_phase,A1b 카운트 국면,투수우위 0-1,31402,0.12387034677543421,0.5010508884784408,0.5075887943041666,0.006537905825725776,0.553161152903295,0.24776046268226418,895.3771357550711,12285.557821850969,2.1195330747705694
cw_v17_base,2024,all,a1b_phase,A1b 카운트 국면,평행 1-1,25313,0.09985128615777868,0.4862323707186031,0.5014882019763598,0.015255831257756702,0.5589618602479959,0.24731674105893126,998.2413871160944,9885.592446812952,9.302955414801367
cw_v17_base,2024,all,a1b_phase,A1b 카운트 국면,타자우위 1-0/2-0/2-1,49276,0.19437727557818915,0.4770679438266093,0.49262429796112805,0.01555635413451878,0.5540055620321105,0.2473873499116685,836.4678794349767,19249.457856368925,18.830274735241677
cw_v17_base,2024,all,a1b_phase,A1b 카운트 국면,2스트라이크,61194,0.2413897841085256,0.49393731411576297,0.4984994277351084,0.004562113619345443,0.5428388992751634,0.24850529856234033,583.2638651715905,24013.201374592394,2.011159913873563
cw_v17_base,2024,all,a1b_phase,A1b 카운트 국면,3볼,9234,0.03642502968359848,0.4670781893004115,0.47113965802468155,0.004061468724270045,0.5650287762506636,0.24573179164483766,1279.2913113056525,3583.082311236924,0.24052579809042826
cw_v17_base,2024,all,a1b_phase,A1b 카운트 국면,풀카운트,11771,0.04643264288560079,0.45697052077138733,0.4706579027215678,0.013687381950180488,0.5434449369808562,0.24694691874889668,484.2041532113206,4590.104141159656,3.482248022232354
cw_v17_base,2024,all,a2_li,A2 경기 중요도 li,li<0.10,28368,0.11190223544123042,0.47303299492385786,0.47814386490464655,0.00511086998078869,0.5524032424404488,0.2472706125627397,803.2036507818585,11076.60810848236,1.1701026189602854
cw_v17_base,2024,all,a2_li,A2 경기 중요도 li,0.10-0.35,31697,0.1250340227291554,0.4814335741552828,0.49048006564743774,0.009046491492154918,0.547865510722022,0.24785488064093728,721.1572428746371,12405.697945182761,4.096227658282979
cw_v17_base,2024,all,a2_li,A2 경기 중요도 li,0.35-0.70,56451,0.22268024157123867,0.48280809905936123,0.49889441115288324,0.016086312093522015,0.5534188401046788,0.24768122993421995,810.2413475868598,22078.537545162337,23.066950720442374
cw_v17_base,2024,all,a2_li,A2 경기 중요도 li,0.70-1.20,64983,0.2563361169514057,0.4933751904344213,0.5016089776447368,0.00823378721031548,0.5505344622047501,0.24798093421565973,790.2097962559141,25446.239854154446,6.956721267148817
cw_v17_base,2024,all,a2_li,A2 경기 중요도 li,1.20-2.00,47218,0.1862591565518901,0.4910627303147105,0.5018932901060933,0.01083055979138281,0.5522459455927994,0.24785897166853202,824.724915732078,18480.673697149643,8.74611058081813
cw_v17_base,2024,all,a2_li,A2 경기 중요도 li,li>=2.00,24790,0.09778822675507974,0.48604275917708756,0.4974751856513397,0.011432426474252133,0.5548086848544541,0.24757079312678112,894.4578986823659,9691.288056150255,5.116334475640202
cw_v17_base,2024,all,a3_load,A3 전시즌 경기당 대비 등판 투구수,<0.25,46261,0.1824841128647335,0.49052117334255635,0.4981166171800146,0.007595443837458249,0.5490545238127772,0.2480578736598757,741.1776479051669,18120.64285071092,4.2143140661532446
cw_v17_base,2024,all,a3_load,A3 전시즌 경기당 대비 등판 투구수,0.25-0.50,43301,0.1708079066850225,0.4870095378859611,0.497938282694242,0.010928744808280932,0.551160508332316,0.2478386911275374,797.5610670492239,16946.21065022178,8.16665226785327
cw_v17_base,2024,all,a3_load,A3 전시즌 경기당 대비 등판 투구수,0.50-0.75,35948,0.14180279045549038,0.4893457215978636,0.5009967893550683,0.011651067757204703,0.5469539004032005,0.2482910911535206,638.4479695166756,14094.232705199007,7.705693959066448
cw_v17_base,2024,all,a3_load,A3 전시즌 경기당 대비 등판 투구수,0.75-1.00,28037,0.11059655157451273,0.4906730391982024,0.5026223728833962,0.011949333685193797,0.5564270259968492,0.24756793206869712,938.356812287533,10960.528566082736,6.32156324433405
cw_v17_base,2024,all,a3_load,A3 전시즌 경기당 대비 등판 투구수,1.00-1.25,14289,0.05636530746685496,0.47882986913010006,0.4971951714230629,0.01836530229296285,0.5533527152238285,0.24753396621206936,808.5933021577008,5585.244690839724,7.610331353045908
cw_v17_base,2024,all,a3_load,A3 전시즌 경기당 대비 등판 투구수,1.25-1.50,6780,0.026744823614338064,0.48348082595870207,0.48993696961933464,0.006456143660632574,0.5540744781418375,0.2475423053068112,874.8795923324892,2650.236876322882,0.4462534973740514
cw_v17_base,2024,all,a3_load,A3 전시즌 경기당 대비 등판 투구수,>=1.50,17167,0.06771805117807397,0.471311236675016,0.4791337923500366,0.007822555675020604,0.5495799992472143,0.24738852798032884,717.7336602283368,6706.24678672369,1.6588125040204358
cw_v17_base,2024,all,a3_load,A3 전시즌 경기당 대비 등판 투구수,전시즌없음,61724,0.24348045616097386,0.4842848810835331,0.4948276989973964,0.0105428179138633,0.5557052101564123,0.2474231204515834,932.8873963467931,24115.70208018106,10.833606122522628
cw_v17_base,2024,all,a3b_gp,A3b 등판 내 투구수,1-10,76617,0.30222834083476985,0.47788349844029393,0.4897181576366552,0.011834659196361286,0.5467048204574148,0.2478894698764646,649.8276187110963,29990.850999946815,16.945025335957965
cw_v17_base,2024,all,a3b_gp,A3b 등판 내 투구수,11-20,53275,0.21015198791354875,0.48247770999530737,0.49207157843468924,0.00959386843938187,0.5495156293589537,0.24780534104703533,755.9797581995875,20846.813862504045,7.743129869449368
cw_v17_base,2024,all,a3b_gp,A3b 등판 내 투구수,21-35,39529,0.15592863313439076,0.48850211237319435,0.4965008014299821,0.007998689056787744,0.5551928534284438,0.2475731665195396,918.3384468191114,15453.432759984807,3.9935490583722437
cw_v17_base,2024,all,a3b_gp,A3b 등판 내 투구수,36-60,41814,0.16494219094541768,0.49347108623905866,0.5026009807499725,0.009129894510913839,0.5544567864420258,0.2476227879517129,933.9933856347793,16350.00506312352,5.503751309076077
cw_v17_base,2024,all,a3b_gp,A3b 등판 내 투구수,61-80,26329,0.10385906503567949,0.4956132021725094,0.5064387982595834,0.010825596087073952,0.5523664510136492,0.2479654930011267,806.1672569928292,10309.347542344938,4.872407134010275
cw_v17_base,2024,all,a3b_gp,A3b 등판 내 투구수,81+,15943,0.06288978213619348,0.4967697422066111,0.5136341648566793,0.016864422650068267,0.5618679708086726,0.2474084210041861,1032.5008669521908,6228.594978377678,7.160091451573063
cw_v17_base,2024,all,a4_prevp,A4 전시즌 투구수,없음,61724,0.24348045616097386,0.4842848810835331,0.4948276989973964,0.0105428179138633,0.5557052101564123,0.2474231204515834,932.8873963467931,24115.70208018106,10.833606122522628
cw_v17_base,2024,all,a4_prevp,A4 전시즌 투구수,1-200,18380,0.07250292891320555,0.45250272034820455,0.46653303674680163,0.014030316398597087,0.5324451148338989,0.24715110069232274,239.32273362495815,7173.211294401814,5.713286522496724
cw_v17_base,2024,all,a4_prevp,A4 전시즌 투구수,201-600,31140,0.12283684474195979,0.46149646756583174,0.47331840886936166,0.011821941303529926,0.5350970944738461,0.24774943866102744,309.0484159404383,12182.512201249589,6.872294676793414
cw_v17_base,2024,all,a4_prevp,A4 전시즌 투구수,601-1200,69766,0.27520344605868874,0.48806008657512256,0.4948435933308279,0.006783506755705326,0.5477118112721191,0.24813464269478103,689.5115003150654,27336.11499197134,5.069415810321004
cw_v17_base,2024,all,a4_prevp,A4 전시즌 투구수,1201-2000,28911,0.1140441881289274,0.5086299332434021,0.5217182710109416,0.013088337767539482,0.5512580826650246,0.24797370608639968,780.9599166210268,11320.726913020342,7.820556712221222
cw_v17_base,2024,all,a4_prevp,A4 전시즌 투구수,2001-2600,23910,0.09431692221516566,0.4913007109995818,0.5046115590274991,0.013310848027917321,0.5604941800972084,0.24730257722439597,1049.0156066525592,9337.138182077873,6.689545220416779
cw_v17_base,2024,all,a4_prevp,A4 전시즌 투구수,2601+,19676,0.07761521378107902,0.5158060581418987,0.5271401108391237,0.011334052697224983,0.5434452396667631,0.24826583533949909,594.3272011691203,7713.639543379789,3.99128588840805
cw_v17_base,2024,all,a5_asofn,A5 투수 누적 이력,0-99,7915,0.031222017537977254,0.4578648136449779,0.4724757429904693,0.014610929345491408,0.5420966183649437,0.24694364832580945,516.0558665330051,3086.4151843263508,2.668161836800498
cw_v17_base,2024,all,a5_asofn,A5 투수 누적 이력,100-499,24122,0.09515319103614496,0.46882513887737337,0.479592270364647,0.010767131487273651,0.5443197394281414,0.24750290963622035,612.4683222757943,9427.557493450113,4.415896787084742
cw_v17_base,2024,all,a5_asofn,A5 투수 누적 이력,500-1499,46761,0.1844564449896847,0.4740275015504373,0.48462425977513485,0.010596758224697522,0.5503867902279859,0.24742099786069371,763.8336244943256,18269.468454578717,8.291543985530566
cw_v17_base,2024,all,a5_asofn,A5 투수 누적 이력,1500-3999,80756,0.31855530616511574,0.48610629550745454,0.4948036617352531,0.008697366227798542,0.5522448027283374,0.2476788291238616,851.9121361652892,31584.154317300246,9.646191564625692
cw_v17_base,2024,all,a5_asofn,A5 투수 누적 이력,4000-7999,54350,0.21439250198219378,0.49236430542778287,0.505665329413892,0.013301023986109106,0.5464779386229386,0.2484405663721158,600.5919857695941,21321.984666281416,15.183618013469987
cw_v17_base,2024,all,a5_asofn,A5 투수 누적 이력,8000+,39603,0.15622053828888355,0.5079413175769513,0.5173730070868274,0.009431689509876162,0.5543466958199634,0.24768674552704234,900.3030879857544,15489.465090344958,5.5630459120061175
cw_v17_base,2024,all,a6_psucc,A6 투수 수준 5분위,Q1 최저,64207,0.25327505749348145,0.4478327908172006,0.45829445156697235,0.010461660749771728,0.5353471717944992,0.2464618373631413,330.29343479162867,24988.352740463983,11.096581606101783
cw_v17_base,2024,all,a6_psucc,A6 투수 수준 5분위,Q2,57443,0.2265933485071418,0.4768030917605278,0.4845299463804266,0.007726854619898804,0.5325639675254616,0.24860983557450678,341.56232348315774,22550.749831482284,5.4156197452474455
cw_v17_base,2024,all,a6_psucc,A6 투수 수준 5분위,Q3,52870,0.2085543988923383,0.49031586911291847,0.504117869755698,0.013802000642779477,0.5409231471686587,0.24868853107313107,487.257398988028,20762.06924392905,15.9037289231028
cw_v17_base,2024,all,a6_psucc,A6 투수 수준 5분위,Q4,43880,0.173091867285716,0.5142433910665452,0.5261537385733166,0.011910347506771446,0.545487263603532,0.24831900028365575,591.7303982066358,17206.087917436926,9.829265195650692
cw_v17_base,2024,all,a6_psucc,A6 투수 수준 5분위,Q5 최고,35026,0.1381658100170804,0.5300919317078742,0.5384647972038537,0.008372865495979487,0.5584955159480699,0.24660322294084946,1000.1236273014413,13639.387223084392,3.877433339916365
cw_v17_base,2024,all,a7_inning,A7 이닝,1-3회,85260,0.336322073946676,0.49460473844710295,0.5039718844892044,0.009367146042101426,0.5546946888548506,0.24766231594886445,923.5376140257933,33343.47242478763,11.81314347267488
cw_v17_base,2024,all,a7_inning,A7 이닝,4-6회,85051,0.33549763911844643,0.4851912381982575,0.49773432928462114,0.012543091086363645,0.5523727117135491,0.2477695725634719,805.1574864697542,33276.14158648331,21.129739558108106
cw_v17_base,2024,all,a7_inning,A7 이닝,7-8회,58238,0.2297293565858142,0.4760980802912188,0.4856785462701534,0.009580465978934583,0.5463183865062234,0.24782480279341984,643.0276276023883,22790.65405867158,8.44083256818424
cw_v17_base,2024,all,a7_inning,A7 이닝,9회+,24958,0.09845093034906334,0.4835323343216604,0.49340055829915624,0.009868223977495871,0.5508072692806447,0.2478705062459687,744.1310822671188,9768.77713633929,3.837897255953964
cw_v17_base,2024,all,a8_hand,A8 손 매치업,1v1,30493,0.12028464697227295,0.453841865346145,0.47273862738178596,0.018896762035640946,0.5525247746709351,0.24612073527490097,705.4889158074062,11850.970723450233,17.194142019201863
cw_v17_base,2024,all,a8_hand,A8 손 매치업,1v2,41337,0.16306058609821425,0.5069550281829838,0.507402724021738,0.00044769583875425845,0.5533759187534726,0.24779360948761722,863.3742921479115,16174.640038617326,0.013083099307497577
cw_v17_base,2024,all,a8_hand,A8 손 매치업,2v1,89268,0.3521322882602847,0.49815163328404355,0.5035037465729385,0.005352113288894955,0.545154421364544,0.24826032205613927,694.5140848546472,34995.21667586749,4.037866606393676
cw_v17_base,2024,all,a8_hand,A8 손 매치업,2v2,92409,0.36452247866922804,0.47578699044465367,0.49307086762690805,0.01728387718225438,0.549793107345006,0.24779194113594433,650.2404784348493,36158.21776834675,43.59153692425193
cw_v17_base,2024,all,a9_batn,A9 타자 누적 이력,0-99,6710,0.0264686971168449,0.45424739195231,0.4816147084948695,0.027367316542559472,0.5463562429491507,0.2468400663414283,430.2556245251443,2615.4338621099237,7.935832975948664
cw_v17_base,2024,all,a9_batn,A9 타자 누적 이력,100-499,17316,0.06830580615130943,0.474994224994225,0.485420685695308,0.010426460701082996,0.5431871997389449,0.24801232496120593,546.3209354747422,6781.510029315216,2.972534925796477
cw_v17_base,2024,all,a9_batn,A9 타자 누적 이력,500-1499,32038,0.12637915323837212,0.48355078344465946,0.4924623469085384,0.008911563463878946,0.5470823849878387,0.2480402030874611,676.4201691188521,12548.53547987752,4.017711732299372
cw_v17_base,2024,all,a9_batn,A9 타자 누적 이력,1500-3999,60091,0.23703881944088329,0.4875938160456641,0.4945806626175332,0.006986846571869099,0.5549284125508507,0.24752644023032055,928.4301391068839,23487.489291969847,4.632094510144638
cw_v17_base,2024,all,a9_batn,A9 타자 누적 이력,4000+,137352,0.5418075240525903,0.48900634865163956,0.5006563360427292,0.011649987391089633,0.5526803790092361,0.24780280100246527,830.9371605167204,53746.076543009294,29.43685888204749
cw_v17_base,2024,all,a10_base,A10 주자 상황,___,131633,0.5192479892073986,0.48431624288742187,0.4968074501343839,0.01249120724696201,0.5501284459943112,0.2479138296049711,736.80101710073,51531.300268714,32.432406509501824
cw_v17_base,2024,all,a10_base,A10 주자 상황,1__,50798,0.20038105456654057,0.48958620418126697,0.49803625454316724,0.008450050361900274,0.5514258508638626,0.24776743735693882,850.0149266451817,19874.509097647988,5.727574884530885
cw_v17_base,2024,all,a10_base,A10 주자 상황,_2_,20024,0.07898795694004505,0.49330803036356374,0.49621989506984093,0.0029118647062771896,0.5557617091736213,0.24756898651908538,954.6634180160662,7828.032913554405,0.2681012193953825
cw_v17_base,2024,all,a10_base,A10 주자 상황,__3,6671,0.026314855211098706,0.4994753410283316,0.5040834791202249,0.00460813809189331,0.5559006172100467,0.24755415314825016,978.2297109828919,2607.7546293761225,0.2236904681734866
cw_v17_base,2024,all,a10_base,A10 주자 상황,12_,21934,0.08652226565735857,0.48080605452721803,0.4936668190931327,0.012860764565914673,0.5550692631894619,0.2474195952979599,886.1046542445683,8569.53977663253,5.728711909906261
cw_v17_base,2024,all,a10_base,A10 주자 상황,1_3,8472,0.033419195525172876,0.4884324834749764,0.49872295295054686,0.01029046947557044,0.5500555032281534,0.24807223312331583,717.9680531155808,3318.712803823037,1.416647802382005
cw_v17_base,2024,all,a10_base,A10 주자 상황,_23,5567,0.02195994587920649,0.48661756781031074,0.4910344955568119,0.004416927746501154,0.5516525920776738,0.24766878009247523,861.4692868707197,2177.1986379285063,0.17150128520020116
cw_v17_base,2024,all,a10_base,A10 주자 상황,123,8408,0.033166737013179126,0.4764509990485252,0.4899235144129573,0.013472515364432058,0.5652644386441691,0.24644195002926178,1204.0687013922136,3271.9970786052095,2.409881267017137
cw_v17_base,2024,all,a11_typemo,A11 game_type x 월블록,R|early,87355,0.3445861455502215,0.4950603857821533,0.503334315108272,0.0082739293261187,0.557234542979288,0.24749642106428452,991.7684546003502,34139.90111453106,9.443151331842937
cw_v17_base,2024,all,a11_typemo,A11 game_type x 월블록,R|mid,68816,0.27145601502128147,0.49006045105789353,0.5000108704770669,0.009950419419173406,0.5547300554012163,0.2476179985119822,913.6437943521591,26907.738706961936,10.759145158864
cw_v17_base,2024,all,a11_typemo,A11 game_type x 월블록,R|late,67326,0.2655784652889269,0.4823990731663845,0.4962029391596797,0.01380386599329525,0.5442072227807694,0.24834168139598842,540.0796422048493,26402.071179007486,20.25768666784366
cw_v17_base,2024,all,a11_typemo,A11 game_type x 월블록,F|early,11672,0.04604212112486046,0.465301576422207,0.48203447136884325,0.016732894946636268,0.5338532487702933,0.24824781248453842,220.34392591850914,4575.475948480353,5.160514651512936
cw_v17_base,2024,all,a11_typemo,A11 game_type x 월블록,F|mid,8768,0.034586816143143975,0.43909671532846717,0.4648300507591184,0.025733335430651205,0.5422838974770654,0.24559815094404666,281.22812566688805,3400.4093489641573,9.168499608836132
cw_v17_base,2024,all,a11_typemo,A11 game_type x 월블록,F|late,9570,0.03775043687156568,0.4704284221525601,0.46121955564020917,-0.009208866512350922,0.5332415620243498,0.24837792996151625,300.08640493521807,3753.4489083368053,1.2815331972080037
cw_v17_base,2024,all,a12_role,A12 투수 역할(전시즌),불펜(<30구/경기),92356,0.3643134114639832,0.4758976135822253,0.4871216935729864,0.011224079990761082,0.5473573921793327,0.24777098785093074,660.7702791948,36134.42389996534,18.37266637871322
cw_v17_base,2024,all,a12_role,A12 투수 역할(전시즌),스윙(30-70),37096,0.1463312650143783,0.4808604701315506,0.4880485652417834,0.007188095110232828,0.5404388667181076,0.2484682402990144,466.8593215814476,14554.709267229451,3.0266366054634486
cw_v17_base,2024,all,a12_role,A12 투수 역할(전시즌),선발(>=70),62331,0.2458748673606646,0.5061526367297171,0.5176345321348316,0.011481895405114462,0.5555272873273012,0.24764005151561458,928.9780838968031,24374.209958905943,12.97588042466674
cw_v17_base,2024,all,a12_role,A12 투수 역할(전시즌),전시즌없음,61724,0.24348045616097386,0.4842848810835331,0.4948276989973964,0.0105428179138633,0.5557052101564123,0.2474231204515834,932.8873963467931,24115.70208018106,10.833606122522628
cw_v17_base,2024,all,a13_tens,A13 이닝 x 점수차,초반|0-1점,56713,0.22371374360471308,0.4945603300830497,0.5058640817928057,0.011303751709756005,0.5547606939348647,0.24763603497879105,933.8605367274599,22176.960885664335,11.442828997987817
cw_v17_base,2024,all,a13_tens,A13 이닝 x 점수차,초반|2-3점,20053,0.07910235220329222,0.49264449209594574,0.5018111382311752,0.00916664613522944,0.5516274093651325,0.2480779354485263,747.3461581399276,7855.486026142264,2.660760926077565
cw_v17_base,2024,all,a13_tens,A13 이닝 x 점수차,초반|4점+,8494,0.033505978138670726,0.4995290793501295,0.4964391860000495,-0.0030898933500800307,0.5625169893895285,0.24685657717197002,1257.2815399991111,3311.0255129810403,0.12805743648785822
cw_v17_base,2024,all,a13_tens,A13 이닝 x 점수차,중반|0-1점,31591,0.12461588831866575,0.4924503814377513,0.5039712922348019,0.011520910797050588,0.5526834292132112,0.24783577790668518,843.0823529359088,12363.25830590681,6.62128938466834
cw_v17_base,2024,all,a13_tens,A13 이닝 x 점수차,중반|2-3점,28192,0.1112079745332476,0.4830093643586833,0.49834105147241026,0.015331687113726955,0.5496392877886599,0.24798477249641415,691.4167190500198,11039.679572722278,10.464328138032723
cw_v17_base,2024,all,a13_tens,A13 이닝 x 점수차,중반|4점+,25268,0.09967377626653308,0.47854994459395284,0.4892597128338804,0.010709768239927586,0.5534627848606946,0.2474466974048935,838.8228732530312,9873.20370785422,4.576532822140709
cw_v17_base,2024,all,a13_tens,A13 이닝 x 점수차,후반|0-1점,25356,0.10002090672052448,0.4861965609717621,0.4935170045471609,0.007320443575398794,0.5467370346642194,0.24822143725029763,635.6956171555739,9938.608806239561,2.1456609917431417
cw_v17_base,2024,all,a13_tens,A13 이닝 x 점수차,후반|2-3점,23832,0.09400923840367327,0.47394259818731116,0.49174257650906905,0.017799978321757892,0.5450050162276633,0.24801629290108354,523.3088459783763,9333.537348239148,11.923534279601622
cw_v17_base,2024,all,a13_tens,A13 이닝 x 점수차,후반|4점+,34008,0.13415014181067977,0.47553516819571867,0.48125182489560053,0.005716656699881861,0.5512470831752205,0.24742842580077934,791.1124935024438,13287.285040532157,1.7549747992756668
hw_v12_honest,2024,all,a1_count,A1 볼카운트,0-0,65317,0.25765363481087306,0.4862899398318967,0.4957971688765566,0.009507229044659893,0.5488590741018788,0.2480157939831403,719.0367239265028,25580.62406030715,9.322657106350999
hw_v12_honest,2024,all,a1_count,A1 볼카운트,0-1,31402,0.12387034677543421,0.5010508884784408,0.5019041158809228,0.0008532274024819486,0.5510534117772818,0.24792967663620777,827.6912551775317,12293.948538404095,0.036098775184141715
hw_v12_honest,2024,all,a1_count,A1 볼카운트,0-2,16155,0.06372605095717278,0.49229340761374185,0.4928696953084225,0.000576287694680655,0.5270524576338561,0.24965057445150027,116.04116038176349,6368.616529385914,0.008472102912309449
hw_v12_honest,2024,all,a1_count,A1 볼카운트,1-0,26438,0.10428903343891885,0.4799152734700053,0.49523456100140656,0.015319287531401271,0.5514869597615499,0.2477094761981669,756.071009628545,10341.339282204564,9.797410415689722
hw_v12_honest,2024,all,a1_count,A1 볼카운트,1-1,25313,0.09985128615777868,0.4862323707186031,0.499366492643877,0.013134121925273912,0.5529287877952993,0.24782079972270196,796.4649366271615,9905.740369262467,6.8952699564675415
hw_v12_honest,2024,all,a1_count,A1 볼카운트,1-2,24399,0.09624586303336792,0.497807287183901,0.4964472378939038,-0.0013600492899971672,0.5388013163492801,0.2489146594725094,432.2213276610976,9590.208940007935,0.07126673962900017
hw_v12_honest,2024,all,a1_count,A1 볼카운트,2-0,9392,0.037048286635083055,0.47327512776831343,0.4858252106864412,0.012550082918127758,0.543528920619307,0.2479276464682168,544.8103495605094,3676.957492879625,2.335913958959065
hw_v12_honest,2024,all,a1_count,A1 볼카운트,2-1,13446,0.05303995550418726,0.47411869701026327,0.49208857522556926,0.01796987821530599,0.5536070056929574,0.247522395674972,725.0476612835511,5255.48951878037,6.856286267846494
hw_v12_honest,2024,all,a1_count,A1 볼카운트,2-2,20640,0.0814178701179849,0.49064922480620154,0.49273457481554606,0.002085350009344511,0.5432563139839064,0.24857540540856524,535.0501706039901,8101.6488753268995,0.14173371713451635
hw_v12_honest,2024,all,a1_count,A1 볼카운트,3-0,3214,0.012678150899186216,0.4819539514623522,0.46940735877573675,-0.012546592686615454,0.5742257428506622,0.24580127195494594,1551.24798775097,1247.485671240313,0.7989195313459694
hw_v12_honest,2024,all,a1_count,A1 볼카운트,3-1,6020,0.023746878784412263,0.4591362126245847,0.47267952389044127,0.013543311265856561,0.5671162133716403,0.24515878284486375,1277.0773203405695,2330.502190125052,1.743619746751211
hw_v12_honest,2024,all,a1_count,A1 볼카운트,3-2,11771,0.04643264288560079,0.45697052077138733,0.47061218824617984,0.013641667474792507,0.5453052256015316,0.24677199274698972,554.6966314421087,4586.852719478358,3.459026152009669
hw_v12_honest,2024,all,a1b_phase,A1b 카운트 국면,초구 0-0,65317,0.25765363481087306,0.4862899398318967,0.4957971688765566,0.009507229044659893,0.5488590741018788,0.2480157939831403,719.0367239265028,25580.62406030715,9.322657106350999
hw_v12_honest,2024,all,a1b_phase,A1b 카운트 국면,투수우위 0-1,31402,0.12387034677543421,0.5010508884784408,0.5019041158809228,0.0008532274024819486,0.5510534117772818,0.24792967663620777,827.6912551775317,12293.948538404095,0.036098775184141715
hw_v12_honest,2024,all,a1b_phase,A1b 카운트 국면,평행 1-1,25313,0.09985128615777868,0.4862323707186031,0.499366492643877,0.013134121925273912,0.5529287877952993,0.24782079972270196,796.4649366271615,9905.740369262467,6.8952699564675415
hw_v12_honest,2024,all,a1b_phase,A1b 카운트 국면,타자우위 1-0/2-0/2-1,49276,0.19437727557818915,0.4770679438266093,0.49258269106675145,0.01551474724014218,0.5506300935846342,0.24770001054473376,711.139996902288,19273.786293864556,18.729682846540943
hw_v12_honest,2024,all,a1b_phase,A1b 카운트 국면,2스트라이크,61194,0.2413897841085256,0.49393731411576297,0.49425054268839747,0.0003132285726344941,0.5373390704475608,0.24899451211501994,387.5496692904545,24060.47434472075,0.009480629016268756
hw_v12_honest,2024,all,a1b_phase,A1b 카운트 국면,3볼,9234,0.03642502968359848,0.4670781893004115,0.4715406091537443,0.0044624198533327886,0.569178647485358,0.2453824085758367,1419.6530607753944,3577.987861365365,0.2903596712756799
hw_v12_honest,2024,all,a1b_phase,A1b 카운트 국면,풀카운트,11771,0.04643264288560079,0.45697052077138733,0.47061218824617984,0.013641667474792507,0.5453052256015316,0.24677199274698972,554.6966314421087,4586.852719478358,3.459026152009669
hw_v12_honest,2024,all,a2_li,A2 경기 중요도 li,li<0.10,28368,0.11190223544123042,0.47303299492385786,0.4775550412287352,0.004522046304877347,0.5449172864266812,0.2477826032268424,597.8099199485554,11099.542980858383,0.9160186082497489
hw_v12_honest,2024,all,a2_li,A2 경기 중요도 li,0.10-0.35,31697,0.1250340227291554,0.4814335741552828,0.4881709638857311,0.0067373897304482955,0.5459521983575878,0.2480867149728644,628.2954677682584,12417.301778392637,2.2719934131545623
hw_v12_honest,2024,all,a2_li,A2 경기 중요도 li,0.35-0.70,56451,0.22268024157123867,0.48280809905936123,0.49627674314093007,0.013468644081568837,0.5498980630509342,0.2478922940529196,725.7157700953366,22097.35199900845,16.170556282942695
hw_v12_honest,2024,all,a2_li,A2 경기 중요도 li,0.70-1.20,64983,0.2563361169514057,0.4933751904344213,0.4979039804851772,0.004528790050755904,0.5497288708850427,0.24803185192894747,769.8391348221589,25451.46470883629,2.104600650364292
hw_v12_honest,2024,all,a2_li,A2 경기 중요도 li,1.20-2.00,47218,0.1862591565518901,0.4910627303147105,0.4982466436238718,0.007183913309161294,0.546161474767509,0.24825139184240758,667.7066789874675,18509.93303417002,3.8480022851912064
hw_v12_honest,2024,all,a2_li,A2 경기 중요도 li,li>=2.00,24790,0.09778822675507974,0.48604275917708756,0.49532214361985,0.00927938444276244,0.551699751327398,0.24789092245912636,766.3063076812415,9703.819686136963,3.3707025533932136
hw_v12_honest,2024,all,a3_load,A3 전시즌 경기당 대비 등판 투구수,<0.25,46261,0.1824841128647335,0.49052117334255635,0.498501376339246,0.007980202996689667,0.547678446182639,0.24819914831503365,684.6474693130377,18130.962972915484,4.652093789493672
hw_v12_honest,2024,all,a3_load,A3 전시즌 경기당 대비 등판 투구수,0.25-0.50,43301,0.1708079066850225,0.4870095378859611,0.49765706360794465,0.010647525721983575,0.5489732457008354,0.2480655819587434,706.7434318980714,16961.724530652347,7.751770198684717
hw_v12_honest,2024,all,a3_load,A3 전시즌 경기당 대비 등판 투구수,0.50-0.75,35948,0.14180279045549038,0.4893457215978636,0.5001702258372714,0.01082450423940784,0.5425496536369775,0.24870862203344773,471.3597503724687,14117.933826958793,6.651143690363392
hw_v12_honest,2024,all,a3_load,A3 전시즌 경기당 대비 등판 투구수,0.75-1.00,28037,0.11059655157451273,0.4906730391982024,0.5016977187280078,0.011024679529805459,0.5570254252024281,0.24751498713509085,959.5421575690266,10958.184544979631,5.381075151395973
hw_v12_honest,2024,all,a3_load,A3 전시즌 경기당 대비 등판 투구수,1.00-1.25,14289,0.05636530746685496,0.47882986913010006,0.49761207110025335,0.01878220197015329,0.5496439086430006,0.2479239244877106,652.3298587756243,5594.043533366282,7.9597681243281775
hw_v12_honest,2024,all,a3_load,A3 전시즌 경기당 대비 등판 투구수,1.25-1.50,6780,0.026744823614338064,0.48348082595870207,0.49209969135100307,0.008618865392301,0.5484897238185867,0.24790118252902466,731.1718417749247,2654.079086837984,0.7953081950981671
hw_v12_honest,2024,all,a3_load,A3 전시즌 경기당 대비 등판 투구수,>=1.50,17167,0.06771805117807397,0.471311236675016,0.47977425832383835,0.008463021648822344,0.5425958966971065,0.24782771993234276,541.4766093856382,6718.1524706331,1.941560278662155
hw_v12_honest,2024,all,a3_load,A3 전시즌 경기당 대비 등판 투구수,전시즌없음,61724,0.24348045616097386,0.4842848810835331,0.483720381331382,-0.0005644997521511153,0.5511938243446702,0.24771687122834227,815.2708970258437,24144.333221059125,0.031058976589101627
hw_v12_honest,2024,all,a3b_gp,A3b 등판 내 투구수,1-10,76617,0.30222834083476985,0.47788349844029393,0.48855267046581335,0.010669172025519424,0.5463437001661157,0.24797970983107487,613.6608745138661,30001.76866028272,13.771845617565473
hw_v12_honest,2024,all,a3b_gp,A3b 등판 내 투구수,11-20,53275,0.21015198791354875,0.48247770999530737,0.4911490184677498,0.008671308472442407,0.5461350815075263,0.24811892313049375,630.3926884991595,20873.194195134696,6.325550075499988
hw_v12_honest,2024,all,a3b_gp,A3b 등판 내 투구수,21-35,39529,0.15592863313439076,0.48850211237319435,0.49346676617082713,0.004964653797632779,0.549035243011858,0.24798875732547923,752.0141712216711,15479.37379659044,1.5385064930366785
hw_v12_honest,2024,all,a3b_gp,A3b 등판 내 투구수,36-60,41814,0.16494219094541768,0.49347108623905866,0.49817989924213874,0.00470881300308007,0.5505757684425432,0.2479159830986065,816.6953267536913,16369.36411394371,1.4640306556391443
hw_v12_honest,2024,all,a3b_gp,A3b 등판 내 투구수,61-80,26329,0.10385906503567949,0.4956132021725094,0.5007272970715998,0.005114094899090371,0.5450468669066642,0.24840899968337155,628.7509272989156,10327.786658486772,1.0873703772544416
hw_v12_honest,2024,all,a3b_gp,A3b 등판 내 투구수,81+,15943,0.06288978213619348,0.4967697422066111,0.5067114205810446,0.009941678374433494,0.5590392111316329,0.24738187856229338,1043.1182868619326,6227.926762964412,2.488255838965244
hw_v12_honest,2024,all,a4_prevp,A4 전시즌 투구수,없음,61724,0.24348045616097386,0.4842848810835331,0.483720381331382,-0.0005644997521511153,0.5511938243446702,0.24771687122834227,815.2708970258437,24144.333221059125,0.031058976589101627
hw_v12_honest,2024,all,a4_prevp,A4 전시즌 투구수,1-200,18380,0.07250292891320555,0.45250272034820455,0.46836384504175826,0.01586112469355372,0.5260197177165844,0.2476753712125471,27.704893276003784,7188.427505078039,7.301616743950976
hw_v12_honest,2024,all,a4_prevp,A4 전시즌 투구수,201-600,31140,0.12283684474195979,0.46149646756583174,0.47244389687847727,0.010947429312645529,0.5335592001468924,0.2480470370615259,189.29893075118054,12197.145922176422,5.893163293891154
hw_v12_honest,2024,all,a4_prevp,A4 전시즌 투구수,601-1200,69766,0.27520344605868874,0.48806008657512256,0.49640237481703725,0.008342288241914686,0.545199056876988,0.24834488047865602,605.3684044902807,27359.276144212112,7.666899566428867
hw_v12_honest,2024,all,a4_prevp,A4 전시즌 투구수,1201-2000,28911,0.1140441881289274,0.5086299332434021,0.5239456247536909,0.015315691510288776,0.5454668717543861,0.24852821149633558,559.091657428612,11346.041711176764,10.708826976354109
hw_v12_honest,2024,all,a4_prevp,A4 전시즌 투구수,2001-2600,23910,0.09431692221516566,0.4913007109995818,0.5007319271842837,0.00943121618470194,0.5604730397963067,0.24717450121823187,1100.2615217956425,9332.302553671632,3.35830815218861
hw_v12_honest,2024,all,a4_prevp,A4 전시즌 투구수,2601+,19676,0.07761521378107902,0.5158060581418987,0.5217934308838488,0.005987372741950048,0.5440240769416145,0.24820943338267543,616.9105520259177,7711.887130028656,1.1138199007566825
hw_v12_honest,2024,all,a5_asofn,A5 투수 누적 이력,0-99,7915,0.031222017537977254,0.4578648136449779,0.4713555596035725,0.013490745958594619,0.5370539781657074,0.24758052734871827,259.48220057969706,3094.375190992695,2.274722457890438
hw_v12_honest,2024,all,a5_asofn,A5 투수 누적 이력,100-499,24122,0.09515319103614496,0.46882513887737337,0.4674412263748761,-0.0013839125024972532,0.5413056240540475,0.24765507060766906,551.3664007177788,9433.353410389838,0.0729518225689956
hw_v12_honest,2024,all,a5_asofn,A5 투수 누적 이력,500-1499,46761,0.1844564449896847,0.4740275015504373,0.47718850306589167,0.0031610015154543425,0.5471069171338107,0.24763879686954307,676.4783116248618,18285.55064710084,0.7378001953063992
hw_v12_honest,2024,all,a5_asofn,A5 투수 누적 이력,1500-3999,80756,0.31855530616511574,0.48610629550745454,0.4952265220748202,0.009120226567365664,0.5476366126826442,0.2480694112347275,695.5585649571105,31633.96158466663,10.606976866307628
hw_v12_honest,2024,all,a5_asofn,A5 투수 누적 이력,4000-7999,54350,0.21439250198219378,0.49236430542778287,0.5073084245238384,0.01494411909605553,0.5450677548840024,0.24858187783925537,544.0542134387493,21334.112480106338,19.166629861515446
hw_v12_honest,2024,all,a5_asofn,A5 투수 누적 이력,8000+,39603,0.15622053828888355,0.5079413175769513,0.5128844078342992,0.00494309025734796,0.5531269205651915,0.2478241977697514,845.3083180259835,15498.060874146393,1.5280259658389137
hw_v12_honest,2024,all,a6_psucc,A6 투수 수준 5분위,Q1 최저,64207,0.25327505749348145,0.4478327908172006,0.45543521305530726,0.007602422238106643,0.532476987044465,0.24660484072926753,272.4625604780706,25002.851612151655,5.859923134571611
hw_v12_honest,2024,all,a6_psucc,A6 투수 수준 5분위,Q2,57443,0.2265933485071418,0.4768030917605278,0.4824011639870616,0.005598072226533801,0.5264624950540243,0.24896809239190495,197.95048839079675,22583.246373084912,2.8426256838611557
hw_v12_honest,2024,all,a6_psucc,A6 투수 수준 5분위,Q3,52870,0.2085543988923383,0.49031586911291847,0.5019640945378804,0.011648225424961911,0.5383479979068154,0.24881781439062717,435.5246655118328,20772.86262140551,11.327508890275894
hw_v12_honest,2024,all,a6_psucc,A6 투수 수준 5분위,Q4,43880,0.173091867285716,0.5142433910665452,0.5226637988276961,0.008420407761150939,0.539955086873644,0.24861413701041793,473.57982869785656,17226.53801776165,4.912905745846188
hw_v12_honest,2024,all,a6_psucc,A6 투수 수준 5분위,Q5 최고,35026,0.1381658100170804,0.5300919317078742,0.5347564498131541,0.004664518105279902,0.5525995788278126,0.24702055961458788,832.5821060951033,13662.469713360188,1.2033990857620773
hw_v12_honest,2024,all,a7_inning,A7 이닝,1-3회,85260,0.336322073946676,0.49460473844710295,0.5000992717460394,0.005494533298936455,0.5507211879795849,0.24791129670360731,823.9337147099013,33376.9934023262,4.064550420999543
hw_v12_honest,2024,all,a7_inning,A7 이닝,4-6회,85051,0.33549763911844643,0.4851912381982575,0.49393130968934373,0.008740071491086243,0.5486083560815769,0.24804450548460558,695.0877651093812,33313.06584120828,10.25923462241512
hw_v12_honest,2024,all,a7_inning,A7 이닝,7-8회,58238,0.2297293565858142,0.4760980802912188,0.4856777179877216,0.009579637696502774,0.5443095417116731,0.24803445410925373,558.9750236646429,22809.934173326194,8.439373121197047
hw_v12_honest,2024,all,a7_inning,A7 이닝,9회+,24958,0.09845093034906334,0.4835323343216604,0.49138474766099616,0.007852413339335784,0.5468266839602738,0.2481405751564703,635.9862094241109,9779.420770542085,2.4300860496710044
hw_v12_honest,2024,all,a8_hand,A8 손 매치업,1v1,30493,0.12028464697227295,0.453841865346145,0.46519142395910984,0.011349558612964827,0.5498143102089477,0.24623838436918752,658.0247747482115,11856.635650342609,6.202455619977596
hw_v12_honest,2024,all,a8_hand,A8 손 매치업,1v2,41337,0.16306058609821425,0.5069550281829838,0.5061325242762609,-0.0008225039067228934,0.5455775858893612,0.24834638151412197,642.2226909960971,16210.722036739146,0.04415912520011795
hw_v12_honest,2024,all,a8_hand,A8 손 매치업,2v1,89268,0.3521322882602847,0.49815163328404355,0.5065827024538077,0.008431069169764105,0.542178556238524,0.2485880076003541,563.4380759052093,35041.4078131639,10.019975901919771
hw_v12_honest,2024,all,a8_hand,A8 손 매치업,2v2,92409,0.36452247866922804,0.47578699044465367,0.4855369960967905,0.00975000565213685,0.5458458505836883,0.24787713011073972,616.0847907195288,36170.64868715709,13.871696335584799
hw_v12_honest,2024,all,a9_batn,A9 타자 누적 이력,0-99,6710,0.0264686971168449,0.45424739195231,0.46998522390336916,0.015737831951059156,0.5531304785188307,0.24589296359570637,812.2956218665988,2605.3986817246123,2.624326675802046
hw_v12_honest,2024,all,a9_batn,A9 타자 누적 이력,100-499,17316,0.06830580615130943,0.474994224994225,0.4801454520947018,0.005151227100476774,0.5427156354576271,0.24821716466243024,464.1796067789916,6787.111051314716,0.7255620155661692
hw_v12_honest,2024,all,a9_batn,A9 타자 누적 이력,500-1499,32038,0.12637915323837212,0.48355078344465946,0.49008595160435253,0.006535168159693072,0.5445838989699834,0.2482583415775461,589.0702336468822,12559.571265803695,2.1606503827664847
hw_v12_honest,2024,all,a9_batn,A9 타자 누적 이력,1500-3999,60091,0.23703881944088329,0.4875938160456641,0.49206875472146466,0.004474938675800566,0.5506085778356181,0.24785898180515428,795.3315665578887,23519.043766193994,1.9001556409790534
hw_v12_honest,2024,all,a9_batn,A9 타자 누적 이력,4000+,137352,0.5418075240525903,0.48900634865163956,0.49841733970685903,0.009410991055219475,0.5486430205495147,0.24808964102418513,716.1456568543723,53808.289422365735,19.20928838324239
hw_v12_honest,2024,all,a10_base,A10 주자 상황,___,131633,0.5192479892073986,0.48431624288742187,0.4935788431256898,0.009262600238267915,0.5464661586060208,0.2481455311713875,644.0291103116391,51579.46169242627,17.83348367836354
hw_v12_honest,2024,all,a10_base,A10 주자 상황,1__,50798,0.20038105456654057,0.48958620418126697,0.49543082411614314,0.005844619934876172,0.551853284875242,0.24777527874681207,846.8770095032773,19875.138089803037,2.7400893923476444
hw_v12_honest,2024,all,a10_base,A10 주자 상황,_2_,20024,0.07898795694004505,0.49330803036356374,0.4945914644326403,0.00128343406907655,0.5475724547143194,0.24814991594696925,722.2500146889854,7846.401671070714,0.052083904192823195
hw_v12_honest,2024,all,a10_base,A10 주자 상황,__3,6671,0.026314855211098706,0.4994753410283316,0.5022010776833484,0.0027257366550168527,0.5495158530617997,0.24805072973417117,779.5988579083812,2612.985605606199,0.07826440668892774
hw_v12_honest,2024,all,a10_base,A10 주자 상황,12_,21934,0.08652226565735857,0.48080605452721803,0.49041214741568845,0.009606092888470419,0.5505562222896784,0.2477347491726064,759.8570621251799,8580.455337549563,3.1960750618544034
hw_v12_honest,2024,all,a10_base,A10 주자 상황,1_3,8472,0.033419195525172876,0.4884324834749764,0.4979521533431502,0.009519669868173763,0.5448672004136034,0.24856633897819666,520.2198704520545,3325.322956867541,1.2123703044251304
hw_v12_honest,2024,all,a10_base,A10 주자 상황,_23,5567,0.02195994587920649,0.48661756781031074,0.49072147741682426,0.004103909606513523,0.5468288454032266,0.2482385569961648,633.3951426650275,2182.207414158489,0.14805475557404568
hw_v12_honest,2024,all,a10_base,A10 주자 상황,123,8408,0.033166737013179126,0.4764509990485252,0.4873282967160851,0.010877297667559849,0.5592682364458764,0.2468520097139853,1039.6801772977415,3277.4414199209223,1.570870188256499
hw_v12_honest,2024,all,a11_typemo,A11 game_type x 월블록,R|early,87355,0.3445861455502215,0.4950603857821533,0.49812404576200503,0.0030636599798517516,0.5516202967392394,0.2479099065318996,826.3581236458762,34196.9377089027,1.2947158438932067
hw_v12_honest,2024,all,a11_typemo,A11 game_type x 월블록,R|mid,68816,0.27145601502128147,0.49006045105789353,0.49768610645355316,0.007625655395659625,0.5516153686601083,0.24781823282362714,833.5184058607337,26929.497434398098,6.319014384057221
hw_v12_honest,2024,all,a11_typemo,A11 game_type x 월블록,R|late,67326,0.2655784652889269,0.4823990731663845,0.4969568711951982,0.01455779802881374,0.5408842314237889,0.24871662408402748,389.91648923963896,26441.932645202003,22.530963290029998
hw_v12_honest,2024,all,a11_typemo,A11 game_type x 월블록,F|early,11672,0.04604212112486046,0.465301576422207,0.4710164901344978,0.0057149137122908256,0.5336333924976436,0.24815835105071965,256.3016691469078,4573.827077400049,0.6019635594207157
hw_v12_honest,2024,all,a11_typemo,A11 game_type x 월블록,F|mid,8768,0.034586816143143975,0.43909671532846717,0.458567661434582,0.019470946106114828,0.5547850725931246,0.24464475889273649,668.328289515685,3387.209236373563,5.249044059201277
hw_v12_honest,2024,all,a11_typemo,A11 game_type x 월블록,F|late,9570,0.03775043687156568,0.4704284221525601,0.46580543825537046,-0.004622983897189625,0.5380702499318903,0.2481503718379398,391.42916337572274,3750.0100851263314,0.32297006194993594
hw_v12_honest,2024,all,a12_role,A12 투수 역할(전시즌),불펜(<30구/경기),92356,0.3643134114639832,0.4758976135822253,0.48690867312876634,0.011011059546541024,0.5452476387196683,0.24801168440856752,564.2674124165748,36169.52660315246,17.681898987321368
hw_v12_honest,2024,all,a12_role,A12 투수 역할(전시즌),스윙(30-70),37096,0.1463312650143783,0.4808604701315506,0.49222724228602716,0.011366772154476568,0.534429520139431,0.24904549136535584,235.62006330124507,14588.523333102365,7.568450239838462
hw_v12_honest,2024,all,a12_role,A12 투수 역할(전시즌),선발(>=70),62331,0.2458748673606646,0.5061526367297171,0.51516804141,0.009015404680282946,0.5545579541493671,0.2476687133764186,917.5116033235065,24377.03103008879,7.999818135461976
hw_v12_honest,2024,all,a12_role,A12 투수 역할(전시즌),전시즌없음,61724,0.24348045616097386,0.4842848810835331,0.483720381331382,-0.0005644997521511153,0.5511938243446702,0.24771687122834227,815.2708970258437,24144.333221059125,0.031058976589101627
hw_v12_honest,2024,all,a13_tens,A13 이닝 x 점수차,초반|0-1점,56713,0.22371374360471308,0.4945603300830497,0.5015322171819823,0.006971887098932539,0.552323271739986,0.24777591329601237,877.9025866539891,22189.48764078717,4.353002134038593
hw_v12_honest,2024,all,a13_tens,A13 이닝 x 점수차,초반|2-3점,20053,0.07910235220329222,0.49264449209594574,0.4987982807464826,0.00615378865053684,0.5448357601919336,0.24848050165174634,586.2848209259087,7868.233444320646,1.1991405089943756
hw_v12_honest,2024,all,a13_tens,A13 이닝 x 점수차,초반|4점+,8494,0.033505978138670726,0.4995290793501295,0.493603173088808,-0.005925906261321501,0.5551781552501572,0.24747142530849306,1011.3420672255846,3319.2723172183782,0.4710070188514864
hw_v12_honest,2024,all,a13_tens,A13 이닝 x 점수차,중반|0-1점,31591,0.12461588831866575,0.4924503814377513,0.4981982328543996,0.005747851416648353,0.5491994962751463,0.24805368514689907,755.8995803149005,12374.128582669295,1.6480865196976326
hw_v12_honest,2024,all,a13_tens,A13 이닝 x 점수차,중반|2-3점,28192,0.1112079745332476,0.4830093643586833,0.49513404241311715,0.012124678054433846,0.5465462995189018,0.24821157459426096,600.5910010207449,11049.776251084599,6.54443088672261
hw_v12_honest,2024,all,a13_tens,A13 이닝 x 점수차,중반|4점+,25268,0.09967377626653308,0.47854994459395284,0.4872547301952836,0.008704785601330756,0.5492442196097879,0.24784662646565184,678.5562912056675,9889.16100745437,3.0233790104364524
hw_v12_honest,2024,all,a13_tens,A13 이닝 x 점수차,후반|0-1점,25356,0.10002090672052448,0.4861965609717621,0.49396346822967185,0.007766907257909739,0.5441950287226414,0.24853359403138253,510.73766930672673,9951.107340482957,2.415363780491463
hw_v12_honest,2024,all,a13_tens,A13 이닝 x 점수차,후반|2-3점,23832,0.09400923840367327,0.47394259818731116,0.4909367141945721,0.016994116007260918,0.5462094440385631,0.24786971355491333,582.1002591471336,9328.02116304842,10.868339968344213
hw_v12_honest,2024,all,a13_tens,A13 이닝 x 점수차,후반|4점+,34008,0.13415014181067977,0.47553516819571867,0.4800028816506548,0.004467713454936129,0.5450176910030361,0.2478556277778604,619.8216131210854,13310.226440336904,1.071907431056602
ye_hand,2024,all,a1_count,A1 볼카운트,0-0,65317,0.25765363481087306,0.4862899398318967,0.5024846975216714,0.01619475768977463,0.544784363079803,0.24853852787074768,509.7858408870337,25634.539413227678,27.050836895780975
ye_hand,2024,all,a1_count,A1 볼카운트,0-1,31402,0.12387034677543421,0.5010508884784408,0.5047736995089325,0.0037228110304916573,0.5437355685319756,0.24853795050629185,584.3806323274081,12324.110670495455,0.6872343535985841
ye_hand,2024,all,a1_count,A1 볼카운트,0-2,16155,0.06372605095717278,0.49229340761374185,0.5003380736583433,0.008044666044601412,0.5289282747553729,0.2494407136912708,200.0054115470773,6363.262955858581,1.6509296607433714
ye_hand,2024,all,a1_count,A1 볼카운트,1-0,26438,0.10428903343891885,0.4799152734700053,0.5010294579778133,0.021114184507807998,0.5477003668462684,0.24825060906426788,539.2680331662402,10363.930418607539,18.61156059331036
ye_hand,2024,all,a1_count,A1 볼카운트,1-1,25313,0.09985128615777868,0.4862323707186031,0.5037374521579246,0.017505081439321557,0.5508086312644183,0.2481390252472643,669.0781433503101,9918.460283929493,12.24834633295995
ye_hand,2024,all,a1_count,A1 볼카운트,1-2,24399,0.09624586303336792,0.497807287183901,0.500466359007575,0.002659071823673975,0.540930811609006,0.24875421873600453,496.3988565225841,9584.027463236614,0.27241921109678857
ye_hand,2024,all,a1_count,A1 볼카운트,2-0,9392,0.037048286635083055,0.47327512776831343,0.4956195669515972,0.02234443918328377,0.5410580499754086,0.2483019428043036,394.6628624961868,3682.5085951352107,7.404616480875579
ye_hand,2024,all,a1_count,A1 볼카운트,2-1,13446,0.05303995550418726,0.47411869701026327,0.4991004794967871,0.02498178248652383,0.5531714902903603,0.24778340914048175,620.3617831528785,5261.031455818053,13.250904375409807
ye_hand,2024,all,a1_count,A1 볼카운트,2-2,20640,0.0814178701179849,0.49064922480620154,0.49676395919484645,0.006114734388644905,0.5425407324129939,0.24857159968395334,536.5729930528307,8101.524837936833,1.2186260411638599
ye_hand,2024,all,a1_count,A1 볼카운트,3-0,3214,0.012678150899186216,0.4819539514623522,0.47764053745805424,-0.004313414004297966,0.5681840652789653,0.24667794434505333,1200.121640668894,1251.934941320703,0.09442646425604559
ye_hand,2024,all,a1_count,A1 볼카운트,3-1,6020,0.023746878784412263,0.4591362126245847,0.4810399686121169,0.021903755987532192,0.5613488356795159,0.24622582406161092,847.3907869252062,2340.6455831690473,4.560781267864606
ye_hand,2024,all,a1_count,A1 볼카운트,3-2,11771,0.04643264288560079,0.45697052077138733,0.4785940575062098,0.02162353673482248,0.5414136169235526,0.24744230687352156,284.57038687458305,4599.3121243725745,8.691052715915204
ye_hand,2024,all,a1b_phase,A1b 카운트 국면,초구 0-0,65317,0.25765363481087306,0.4862899398318967,0.5024846975216714,0.01619475768977463,0.544784363079803,0.24853852787074768,509.7858408870337,25634.539413227678,27.050836895780975
ye_hand,2024,all,a1b_phase,A1b 카운트 국면,투수우위 0-1,31402,0.12387034677543421,0.5010508884784408,0.5047736995089325,0.0037228110304916573,0.5437355685319756,0.24853795050629185,584.3806323274081,12324.110670495455,0.6872343535985841
ye_hand,2024,all,a1b_phase,A1b 카운트 국면,평행 1-1,25313,0.09985128615777868,0.4862323707186031,0.5037374521579246,0.017505081439321557,0.5508086312644183,0.2481390252472643,669.0781433503101,9918.460283929493,12.24834633295995
ye_hand,2024,all,a1b_phase,A1b 카운트 국면,타자우위 1-0/2-0/2-1,49276,0.19437727557818915,0.4770679438266093,0.499471970739115,0.022404026912505703,0.5480210879085624,0.24813290787730435,537.6160533433372,19307.470469560794,39.0564877353284
ye_hand,2024,all,a1b_phase,A1b 카운트 국면,2스트라이크,61194,0.2413897841085256,0.49393731411576297,0.4991837172134194,0.005246403097656449,0.5384393432516462,0.2488738557717922,435.8193034071589,24048.81525703203,2.6597310375818433
ye_hand,2024,all,a1b_phase,A1b 카운트 국면,3볼,9234,0.03642502968359848,0.4670781893004115,0.4798567574653595,0.01277856816494799,0.5631182750052264,0.24638318973098325,1017.5975342314292,3592.5805244897506,2.3810023595504157
ye_hand,2024,all,a1b_phase,A1b 카운트 국면,풀카운트,11771,0.04643264288560079,0.45697052077138733,0.4785940575062098,0.02162353673482248,0.5414136169235526,0.24744230687352156,284.57038687458305,4599.3121243725745,8.691052715915204
ye_hand,2024,all,a2_li,A2 경기 중요도 li,li<0.10,28368,0.11190223544123042,0.47303299492385786,0.4824616704217729,0.00942867549791504,0.5412528388308011,0.24816086734103196,446.0628606737349,11116.48750698284,3.982315499325342
ye_hand,2024,all,a2_li,A2 경기 중요도 li,0.10-0.35,31697,0.1250340227291554,0.4814335741552828,0.49261770718541165,0.011184133030128829,0.5414007679825372,0.2484718052201605,474.04668311755717,12436.576417153985,6.260779028368372
ye_hand,2024,all,a2_li,A2 경기 중요도 li,0.35-0.70,56451,0.22268024157123867,0.48280809905936123,0.5017884440443914,0.01898034498503015,0.547462318516352,0.248258815049477,578.9338391463228,22130.02402500627,32.11333508728753
ye_hand,2024,all,a2_li,A2 경기 중요도 li,0.70-1.20,64983,0.2563361169514057,0.4933751904344213,0.5042333876137736,0.01085819717935227,0.5462187244816437,0.24838838239366404,627.2019086271285,25488.04961706396,12.098200359446363
ye_hand,2024,all,a2_li,A2 경기 중요도 li,1.20-2.00,47218,0.1862591565518901,0.4910627303147105,0.5047740593079825,0.013711328993271987,0.5461954011303993,0.24847602851264852,577.8232932250438,18526.68222414362,14.017554669407467
ye_hand,2024,all,a2_li,A2 경기 중요도 li,li>=2.00,24790,0.09778822675507974,0.48604275917708756,0.5009239472155886,0.01488118803850108,0.5455215445545919,0.24849505966566648,524.4629763191622,9727.468952757117,8.668766465476157
ye_hand,2024,all,a3_load,A3 전시즌 경기당 대비 등판 투구수,<0.25,46261,0.1824841128647335,0.49052117334255635,0.4999058618527324,0.009384688510176042,0.5431922606603425,0.2484799830122256,572.2732039546985,18151.477964730984,6.433692634106229
ye_hand,2024,all,a3_load,A3 전시즌 경기당 대비 등판 투구수,0.25-0.50,43301,0.1708079066850225,0.4870095378859611,0.49916192682362015,0.012152388937659075,0.5444101812210337,0.2483372252894576,598.0127054561302,16980.29840659991,10.097801173217125
ye_hand,2024,all,a3_load,A3 전시즌 경기당 대비 등판 투구수,0.50-0.75,35948,0.14180279045549038,0.4893457215978636,0.5011940602486467,0.011848338650783052,0.5431545843248429,0.24852380539648675,545.3199871420677,14107.442718812228,7.968842038465068
ye_hand,2024,all,a3_load,A3 전시즌 경기당 대비 등판 투구수,0.75-1.00,28037,0.11059655157451273,0.4906730391982024,0.5021288594212874,0.011455820223085,0.5511710921193367,0.2480719563705947,736.6769132178041,10982.84313935071,5.81017868074806
ye_hand,2024,all,a3_load,A3 전시즌 경기당 대비 등판 투구수,1.00-1.25,14289,0.05636530746685496,0.47882986913010006,0.49847898113315026,0.019649112003050195,0.5442795952942252,0.2484437676526533,444.0191546650318,5605.7730399123775,8.71150640499049
ye_hand,2024,all,a3_load,A3 전시즌 경기당 대비 등판 투구수,1.25-1.50,6780,0.026744823614338064,0.48348082595870207,0.494732268498988,0.011251442540285927,0.537285980398545,0.24893749546296393,316.19370610056484,2665.174058057276,1.3553506699050721
ye_hand,2024,all,a3_load,A3 전시즌 경기당 대비 등판 투구수,>=1.50,17167,0.06771805117807397,0.471311236675016,0.4854749905555036,0.014163753880487573,0.5295757344603548,0.24898546318730522,76.8496716264333,6749.536755291847,5.438219312754193
ye_hand,2024,all,a3_load,A3 전시즌 경기당 대비 등판 투구수,전시즌없음,61724,0.24348045616097386,0.4842848810835331,0.5022307905262543,0.017945909442721175,0.5517710379213203,0.24811094573188158,657.4852254802588,24182.742660352447,31.38994639513007
ye_hand,2024,all,a3b_gp,A3b 등판 내 투구수,1-10,76617,0.30222834083476985,0.47788349844029393,0.49425547145673937,0.01637197301644544,0.5407172949765698,0.24849834256159978,405.8010924670286,30064.515322949024,32.428939824837116
ye_hand,2024,all,a3b_gp,A3b 등판 내 투구수,11-20,53275,0.21015198791354875,0.48247770999530737,0.4961990145269306,0.013721304531623235,0.5424048486682765,0.24854585137153298,459.4114061084342,20909.1098599706,15.83871092232065
ye_hand,2024,all,a3b_gp,A3b 등판 내 투구수,21-35,39529,0.15592863313439076,0.48850211237319435,0.5006171863747416,0.012115074001547266,0.546260992622754,0.24837942424128465,595.6647264251047,15503.759092460028,9.161646653263585
ye_hand,2024,all,a3b_gp,A3b 등판 내 투구수,36-60,41814,0.16494219094541768,0.49347108623905866,0.5047776602614993,0.011306574022440619,0.5484321958504638,0.24820141201842655,702.5042884703403,16388.21037733821,8.440911429011457
ye_hand,2024,all,a3b_gp,A3b 등판 내 투구수,61-80,26329,0.10385906503567949,0.4956132021725094,0.505966441959189,0.010353239786679624,0.5480953307828601,0.24822293558891567,703.1822945087529,10320.05090706555,4.456485290502246
ye_hand,2024,all,a3b_gp,A3b 등판 내 투구수,81+,15943,0.06288978213619348,0.4967697422066111,0.5096735711514263,0.012903828944815232,0.5568097700802113,0.24784727100973034,856.9535376941384,6239.643183324378,4.191918287490127
ye_hand,2024,all,a4_prevp,A4 전시즌 투구수,없음,61724,0.24348045616097386,0.4842848810835331,0.5022307905262543,0.017945909442721175,0.5517710379213203,0.24811094573188158,657.4852254802588,24182.742660352447,31.38994639513007
ye_hand,2024,all,a4_prevp,A4 전시즌 투구수,1-200,18380,0.07250292891320555,0.45250272034820455,0.48496727895370956,0.03246455860550501,0.5209475721972853,0.24900369848613674,-508.46438969907035,7226.980326307174,30.58933809729139
ye_hand,2024,all,a4_prevp,A4 전시즌 투구수,201-600,31140,0.12283684474195979,0.46149646756583174,0.4829770467594537,0.02148057919362195,0.5250906106881591,0.2488409269445313,-130.15139098315754,12236.183642053536,22.68904155423987
ye_hand,2024,all,a4_prevp,A4 전시즌 투구수,601-1200,69766,0.27520344605868874,0.48806008657512256,0.49411319742551585,0.006053110850393284,0.5417282394527295,0.2485298310026748,531.3459838838463,27379.65148857151,4.036515696815432
ye_hand,2024,all,a4_prevp,A4 전시즌 투구수,1201-2000,28911,0.1140441881289274,0.5086299332434021,0.5210161120648085,0.012386178821406357,0.5420728357878581,0.24861928401143074,522.6517958467847,11350.199438578375,7.0039554134352535
ye_hand,2024,all,a4_prevp,A4 전시즌 투구수,2001-2600,23910,0.09431692221516566,0.4913007109995818,0.49773445402024585,0.006433743020664073,0.5592897918536681,0.24726607048492066,1063.6227241707763,9335.75983626812,1.5628329676872244
ye_hand,2024,all,a4_prevp,A4 전시즌 투구수,2601+,19676,0.07761521378107902,0.5158060581418987,0.5212865377259612,0.005480479584062503,0.541559378672289,0.2482700776071017,592.6285966686096,7713.771350976628,0.93321027096526
ye_hand,2024,all,a5_asofn,A5 투수 누적 이력,0-99,7915,0.031222017537977254,0.4578648136449779,0.4934505610127679,0.03558574736779002,0.5461940207518895,0.24814149860143675,33.48880838563994,3101.3864674685187,15.827366875767751
ye_hand,2024,all,a5_asofn,A5 투수 누적 이력,100-499,24122,0.09515319103614496,0.46882513887737337,0.4929803518832622,0.024155213005888854,0.5344357912757125,0.24889841347564065,52.08831603414899,9480.71320260037,22.22494136368547
ye_hand,2024,all,a5_asofn,A5 투수 누적 이력,500-1499,46761,0.1844564449896847,0.4740275015504373,0.4903638844860777,0.01633638293564038,0.5472014156172914,0.24799437727615845,533.861328038765,18311.806563445432,19.70612202785827
ye_hand,2024,all,a5_asofn,A5 투수 누적 이력,1500-3999,80756,0.31855530616511574,0.48610629550745454,0.4978688117289798,0.011762516221525243,0.5433771938170452,0.24836800744030324,576.0277882211451,31672.038753671448,17.643341395492552
ye_hand,2024,all,a5_asofn,A5 투수 누적 이력,4000-7999,54350,0.21439250198219378,0.49236430542778287,0.5048549337774757,0.012490628349692834,0.5401003408602693,0.2488424696670516,439.79316704628735,21356.477325902528,13.389787629061653
ye_hand,2024,all,a5_asofn,A5 투수 누적 이력,8000+,39603,0.15622053828888355,0.5079413175769513,0.5119400486156735,0.003998731038722281,0.5503192901604828,0.24790104177228553,814.5629612470673,15502.866430019487,0.9999494385915325
ye_hand,2024,all,a6_psucc,A6 투수 수준 5분위,Q1 최저,64207,0.25327505749348145,0.4478327908172006,0.458049862582318,0.01021707176511738,0.5314572404967858,0.24672700297819367,223.05987958400885,25015.23743788595,10.583780733151007
ye_hand,2024,all,a6_psucc,A6 투수 수준 5분위,Q2,57443,0.2265933485071418,0.4768030917605278,0.48684761316344705,0.010044521402919226,0.525216856667139,0.2490347600309526,171.22591116031094,22589.293620759345,9.151687411589268
ye_hand,2024,all,a6_psucc,A6 투수 수준 5분위,Q3,52870,0.2085543988923383,0.49031586911291847,0.5064133048358913,0.01609743572297284,0.5354053573090516,0.24912891043005114,311.03955169574647,20798.83485858171,21.633574189266913
ye_hand,2024,all,a6_psucc,A6 투수 수준 5분위,Q4,43880,0.173091867285716,0.5142433910665452,0.5264240186471794,0.012180627580634207,0.5317966950222099,0.24919011264225766,243.0024631777661,17266.44751863921,10.280435590348521
ye_hand,2024,all,a6_psucc,A6 투수 수준 5분위,Q5 최고,35026,0.1381658100170804,0.5300919317078742,0.5525435935872598,0.02245166187938563,0.5458907042993377,0.248103415807593,397.865041336265,13722.361448541826,27.880021046036987
ye_hand,2024,all,a7_inning,A7 이닝,1-3회,85260,0.336322073946676,0.49460473844710295,0.5066769423084125,0.012072203861309583,0.5481399126952081,0.24826781382550647,681.3102595327636,33424.99230267349,19.621130095369107
ye_hand,2024,all,a7_inning,A7 이닝,4-6회,85051,0.33549763911844643,0.4851912381982575,0.5006328759987975,0.015441637800539976,0.5476680602053381,0.2482550522328367,610.7951245061028,33341.342854128896,32.0237151974703
ye_hand,2024,all,a7_inning,A7 이닝,7-8회,58238,0.2297293565858142,0.4760980802912188,0.4891011785160377,0.013003098224818876,0.5378794468342143,0.24860255778267612,331.2130710729333,22862.178557844974,15.549116093582342
ye_hand,2024,all,a7_inning,A7 이닝,9회+,24958,0.09845093034906334,0.4835323343216604,0.4961728794338253,0.012640545112164947,0.543179495144273,0.24858091775367663,459.657900868371,9796.775028460439,6.297192272320854
ye_hand,2024,all,a8_hand,A8 손 매치업,1v1,30493,0.12028464697227295,0.453841865346145,0.4769400900527291,0.02309822470658407,0.5477975487687573,0.24668715023220394,476.97547425055166,11878.2441958329,25.689930263391446
ye_hand,2024,all,a8_hand,A8 손 매치업,1v2,41337,0.16306058609821425,0.5069550281829838,0.5089261156580484,0.0019710874750645813,0.5484236592774041,0.24816854765848484,713.3699995200637,16199.11399483864,0.2536041283864961
ye_hand,2024,all,a8_hand,A8 손 매치업,2v1,89268,0.3521322882602847,0.49815163328404355,0.5068075913842982,0.008655958100254657,0.5386419687178282,0.24885885354225504,455.09821858988886,35079.58673899507,10.561647374699444
ye_hand,2024,all,a8_hand,A8 손 매치업,2v2,92409,0.36452247866922804,0.47578699044465367,0.49588077915016127,0.020093788705507598,0.5417960947918922,0.24854663393243112,347.65377000559596,36268.343813441184,58.91739011862317
ye_hand,2024,all,a9_batn,A9 타자 누적 이력,0-99,6710,0.0264686971168449,0.45424739195231,0.4970237320513181,0.0427763400990081,0.5451210452530135,0.24850514803556936,-241.40097120994852,2633.0765046135602,19.388103784864327
ye_hand,2024,all,a9_batn,A9 타자 누적 이력,100-499,17316,0.06830580615130943,0.474994224994225,0.49834213525820636,0.023347910263981364,0.5307099944198126,0.24978410669394333,-164.16880267684508,6829.956636120727,14.905590155771426
ye_hand,2024,all,a9_batn,A9 타자 누적 이력,500-1499,32038,0.12637915323837212,0.48355078344465946,0.5016022459423981,0.018051462497738646,0.5411121874813619,0.24882032285971561,364.0341626864663,12588.002310330154,16.485258120325625
ye_hand,2024,all,a9_batn,A9 타자 누적 이력,1500-3999,60091,0.23703881944088329,0.4875938160456641,0.4979762569986155,0.010382440952951377,0.5480269826418628,0.24813302902377957,685.6451502705752,23545.047780581168,10.228546850167533
ye_hand,2024,all,a9_batn,A9 타자 누적 이력,4000+,137352,0.5418075240525903,0.48900634865163956,0.5000860149551051,0.011079666303465519,0.54770012352585,0.24818607718841323,677.5525336465305,53829.20551146218,26.62526361152589
ye_hand,2024,all,a10_base,A10 주자 상황,___,131633,0.5192479892073986,0.48431624288742187,0.4993133167426356,0.01499707385521376,0.5436938461306274,0.24845837227724518,518.7694223375394,51644.488758435604,46.750192914964444
ye_hand,2024,all,a10_base,A10 주자 상황,1__,50798,0.20038105456654057,0.48958620418126697,0.4999084502497067,0.010322246068439733,0.5472557825220613,0.2483068461096697,634.1577891931128,19917.777431363917,8.546742057842524
ye_hand,2024,all,a10_base,A10 주자 상황,_2_,20024,0.07898795694004505,0.49330803036356374,0.5022137314260368,0.008905701062473015,0.546515094042848,0.24832833146239355,650.8710224124803,7852.043098725557,2.5077984544954974
ye_hand,2024,all,a10_base,A10 주자 상황,__3,6671,0.026314855211098706,0.4994753410283316,0.5044413620190871,0.004966020990755493,0.5450416914294919,0.24843557520045523,625.6605018981398,2617.0395975652664,0.2597847241632275
ye_hand,2024,all,a10_base,A10 주자 상황,12_,21934,0.08652226565735857,0.48080605452721803,0.4986980155517484,0.01789196102453039,0.5499260361434619,0.24808260930521328,620.5076595985126,8592.503701138103,11.08764452094811
ye_hand,2024,all,a10_base,A10 주자 상황,1_3,8472,0.033419195525172876,0.4884324834749764,0.5020462516260515,0.013613768151075123,0.5441606689650081,0.24858842357307745,511.38130183482343,3325.6184047976676,2.4794092374657635
ye_hand,2024,all,a10_base,A10 주자 상황,_23,5567,0.02195994587920649,0.48661756781031074,0.49646437785025826,0.009846810039947529,0.535686128786687,0.2491702944211463,260.43299826955524,2190.398101138977,0.8523498882007337
ye_hand,2024,all,a10_base,A10 주자 상황,123,8408,0.033166737013179126,0.4764509990485252,0.49344069054029355,0.01698969149176832,0.5569166695209344,0.24745291812469308,798.7824484249062,3285.4196499426844,3.8323860990582626
ye_hand,2024,all,a11_typemo,A11 game_type x 월블록,R|early,87355,0.3445861455502215,0.4950603857821533,0.5030367564328437,0.007976370650690456,0.5507058197169767,0.24800551100364293,788.112602217983,34210.12548429512,8.776149026683777
ye_hand,2024,all,a11_typemo,A11 game_type x 월블록,R|mid,68816,0.27145601502128147,0.49006045105789353,0.49909985666719847,0.00903940560930494,0.5510935322010985,0.24788884051226667,805.2641649354487,26937.17011266879,8.879218457324674
ye_hand,2024,all,a11_typemo,A11 game_type x 월블록,R|late,67326,0.2655784652889269,0.4823990731663845,0.4957107296245435,0.013311656458159016,0.539884726517706,0.24862136366715146,428.0679321326697,26431.805177703332,18.838771668356436
ye_hand,2024,all,a11_typemo,A11 game_type x 월블록,F|early,11672,0.04604212112486046,0.465301576422207,0.5042027724020607,0.0389011959798537,0.5263577489349347,0.2506951269330448,-763.3190982714976,4620.58260334043,27.891813557675295
ye_hand,2024,all,a11_typemo,A11 game_type x 월블록,F|mid,8768,0.034586816143143975,0.43909671532846717,0.4929362792229438,0.05383956389447664,0.5417632814521793,0.24842631347703756,-867.0740637706231,3439.5664447346517,40.13369774397331
ye_hand,2024,all,a11_typemo,A11 game_type x 월블록,F|late,9570,0.03775043687156568,0.4704284221525601,0.49907918120258843,0.02865075905002834,0.5204260703915861,0.25053451712249236,-565.5764727723778,3786.038920365463,12.404800096705092
ye_hand,2024,all,a12_role,A12 투수 역할(전시즌),불펜(<30구/경기),92356,0.3643134114639832,0.4758976135822253,0.49038568466246457,0.014488071080239251,0.5380116505044139,0.2485835927274375,334.97126939258106,36252.93256526776,30.612008040151103
ye_hand,2024,all,a12_role,A12 투수 역할(전시즌),스윙(30-70),37096,0.1463312650143783,0.4808604701315506,0.49517425204631926,0.014313781914768675,0.5318716377842185,0.2492114880958184,169.12393524317616,14598.24704728123,12.001663405416018
ye_hand,2024,all,a12_role,A12 투수 역할(전시즌),선발(>=70),62331,0.2458748673606646,0.5061526367297171,0.5131896221154169,0.0070369853856997455,0.5519361189408275,0.2478143603178044,859.2440039035698,24391.366470206347,4.873971218826168
ye_hand,2024,all,a12_role,A12 투수 역할(전시즌),전시즌없음,61724,0.24348045616097386,0.4842848810835331,0.5022307905262543,0.017945909442721175,0.5517710379213203,0.24811094573188158,657.4852254802588,24182.742660352447,31.38994639513007
ye_hand,2024,all,a13_tens,A13 이닝 x 점수차,초반|0-1점,56713,0.22371374360471308,0.4945603300830497,0.5088589635158122,0.014298633432762442,0.5493394500061642,0.24820820541128,704.9652716802468,22228.201414137213,18.309532426892677
ye_hand,2024,all,a13_tens,A13 이닝 x 점수차,초반|2-3점,20053,0.07910235220329222,0.49264449209594574,0.5029746364050881,0.010330144309142364,0.5462593399397503,0.24842641571980076,607.9238766984685,7866.520791875998,3.379073967300654
ye_hand,2024,all,a13_tens,A13 이닝 x 점수차,초반|4점+,8494,0.033505978138670726,0.4995290793501295,0.500848518897077,0.0013194395469475206,0.5462002175196276,0.24829137495215334,683.3619188217566,3330.270096660275,0.023350534061412426
ye_hand,2024,all,a13_tens,A13 이닝 x 점수차,중반|0-1점,31591,0.12461588831866575,0.4924503814377513,0.5062866644761566,0.013836283038405284,0.5486444650877635,0.24821648922414855,690.763099146674,12382.25004470069,9.550097734011567
ye_hand,2024,all,a13_tens,A13 이닝 x 점수차,중반|2-3점,28192,0.1112079745332476,0.4830093643586833,0.5013688700079962,0.018359505649312935,0.5464994606807075,0.24840948802703022,521.3341078545764,11058.586876264992,15.00560190901884
ye_hand,2024,all,a13_tens,A13 이닝 x 점수차,중반|4점+,25268,0.09967377626653308,0.47854994459395284,0.49274313502620015,0.014193190432247316,0.5462607806603532,0.24813095812556918,564.6139254861126,9900.505933163211,8.037787040380785
ye_hand,2024,all,a13_tens,A13 이닝 x 점수차,후반|0-1점,25356,0.10002090672052448,0.4861965609717621,0.49633768009837,0.010141119126607867,0.5371891840257403,0.2490411378251028,307.5653060914174,9971.429030961019,4.1177320191703135
ye_hand,2024,all,a13_tens,A13 이닝 x 점수차,후반|2-3점,23832,0.09400923840367327,0.47394259818731116,0.49464193870584167,0.020699340518530507,0.5369568917968285,0.24883162919309165,196.28615098509218,9364.220702319712,16.124233397808712
ye_hand,2024,all,a13_tens,A13 이닝 x 점수차,후반|4점+,34008,0.13415014181067977,0.47553516819571867,0.4850127105244216,0.009477542328702904,0.5430041877968377,0.2480991480775314,522.1797276448336,13323.303853024681,4.8236759552995006
sj_cb_ft_fonly,2024,all,a1_count,A1 볼카운트,0-0,65317,0.25765363481087306,0.4862899398318967,0.48880390455515826,0.0025139647232615414,0.5517367940520003,0.24773406696123831,831.8123244885788,25551.5664228109,0.6518537308721973
sj_cb_ft_fonly,2024,all,a1_count,A1 볼카운트,0-1,31402,0.12387034677543421,0.5010508884784408,0.49614160709219773,-0.004909281386243081,0.5539313206775432,0.2476845017543716,925.761641134637,12281.79119031613,1.1950848133632692
sj_cb_ft_fonly,2024,all,a1_count,A1 볼카운트,0-2,16155,0.06372605095717278,0.49229340761374185,0.4875500732124394,-0.004743334401302424,0.5294542633166145,0.24934677143609835,237.59124274158606,6360.866477499124,0.5739578713913044
sj_cb_ft_fonly,2024,all,a1_count,A1 볼카운트,1-0,26438,0.10428903343891885,0.4799152734700053,0.4848386214707604,0.004923348000755112,0.5563591253009286,0.2471651541869749,974.1517058366345,10318.615005834914,1.0119410990349191
sj_cb_ft_fonly,2024,all,a1_count,A1 볼카운트,1-1,25313,0.09985128615777868,0.4862323707186031,0.49087702169446695,0.004644650975863862,0.5599092784118306,0.24704533114211036,1106.887728464423,9874.743816783997,0.8622939825266084
sj_cb_ft_fonly,2024,all,a1_count,A1 볼카운트,1-2,24399,0.09624586303336792,0.497807287183901,0.4892209689335076,-0.00858631825039341,0.5457536491632874,0.2483968550289306,639.3470885265428,9570.258918524634,2.8404788351637946
sj_cb_ft_fonly,2024,all,a1_count,A1 볼카운트,2-0,9392,0.037048286635083055,0.47327512776831343,0.47855655133418773,0.005281423565874299,0.5458613610230195,0.24741346721091717,751.0713143118242,3669.331819423101,0.4136810712850525
sj_cb_ft_fonly,2024,all,a1_count,A1 볼카운트,2-1,13446,0.05303995550418726,0.47411869701026327,0.4818035230362294,0.007684826025966152,0.5591440099162278,0.24669051127099903,1058.6953877065876,5237.826633149376,1.2539111227043103
sj_cb_ft_fonly,2024,all,a1_count,A1 볼카운트,2-2,20640,0.0814178701179849,0.49064922480620154,0.4845072151034736,-0.006142009702727935,0.5486367177556533,0.24803873337136034,749.7940917400637,8084.15748916384,1.2295218666686176
sj_cb_ft_fonly,2024,all,a1_count,A1 볼카운트,3-0,3214,0.012678150899186216,0.4819539514623522,0.46294652551818744,-0.01900742594416477,0.5781375953099646,0.24587530458431403,1521.5963105586372,1247.8614001517478,1.8335723626046847
sj_cb_ft_fonly,2024,all,a1_count,A1 볼카운트,3-1,6020,0.023746878784412263,0.4591362126245847,0.46421048283727917,0.005074270212694465,0.5657749291522808,0.24518709330278018,1265.6769898466869,2330.7713119709515,0.24476495677879365
sj_cb_ft_fonly,2024,all,a1_count,A1 볼카운트,3-2,11771,0.04643264288560079,0.45697052077138733,0.46173509006690505,0.004764569295517718,0.5445002682754819,0.24664818243150344,604.5902771781298,4584.551406124417,0.4219550827904566
sj_cb_ft_fonly,2024,all,a1b_phase,A1b 카운트 국면,초구 0-0,65317,0.25765363481087306,0.4862899398318967,0.48880390455515826,0.0025139647232615414,0.5517367940520003,0.24773406696123831,831.8123244885788,25551.5664228109,0.6518537308721973
sj_cb_ft_fonly,2024,all,a1b_phase,A1b 카운트 국면,투수우위 0-1,31402,0.12387034677543421,0.5010508884784408,0.49614160709219773,-0.004909281386243081,0.5539313206775432,0.2476845017543716,925.761641134637,12281.79119031613,1.1950848133632692
sj_cb_ft_fonly,2024,all,a1b_phase,A1b 카운트 국면,평행 1-1,25313,0.09985128615777868,0.4862323707186031,0.49087702169446695,0.004644650975863862,0.5599092784118306,0.24704533114211036,1106.887728464423,9874.743816783997,0.8622939825266084
sj_cb_ft_fonly,2024,all,a1b_phase,A1b 카운트 국면,타자우위 1-0/2-0/2-1,49276,0.19437727557818915,0.4770679438266093,0.4828130687417768,0.005745124915167543,0.555267681338388,0.24708296625111673,958.4779939815658,19225.773458407388,2.568265784746254
sj_cb_ft_fonly,2024,all,a1b_phase,A1b 카운트 국면,2스트라이크,61194,0.2413897841085256,0.49393731411576297,0.48718996590337793,-0.00674734821238504,0.5426582432961794,0.24852683948076484,574.6462307971933,24015.2828851876,4.399270401998685
sj_cb_ft_fonly,2024,all,a1b_phase,A1b 카운트 국면,3볼,9234,0.03642502968359848,0.4670781893004115,0.46377054794194006,-0.003307641358471447,0.5698139107049744,0.24542663316187158,1401.8862002255216,3578.6327121227,0.15952628999487475
sj_cb_ft_fonly,2024,all,a1b_phase,A1b 카운트 국면,풀카운트,11771,0.04643264288560079,0.45697052077138733,0.46173509006690505,0.004764569295517718,0.5445002682754819,0.24664818243150344,604.5902771781298,4584.551406124417,0.4219550827904566
sj_cb_ft_fonly,2024,all,a2_li,A2 경기 중요도 li,li<0.10,28368,0.11190223544123042,0.47303299492385786,0.4693349967821835,-0.0036979981416743746,0.5532308619707184,0.24718929917657473,835.823893536447,11072.965635552851,0.6125868403965724
sj_cb_ft_fonly,2024,all,a2_li,A2 경기 중요도 li,0.10-0.35,31697,0.1250340227291554,0.4814335741552828,0.4807563587391967,-0.0006772154160861188,0.5486314420579278,0.2477278643361116,772.0339160382616,12399.340491548175,0.022955005390002857
sj_cb_ft_fonly,2024,all,a2_li,A2 경기 중요도 li,0.35-0.70,56451,0.22268024157123867,0.48280809905936123,0.48815312063524474,0.005345021575883513,0.553909899348903,0.2474024174217281,921.8983586194885,22053.683935840596,2.546690290578948
sj_cb_ft_fonly,2024,all,a2_li,A2 경기 중요도 li,0.70-1.20,64983,0.2563361169514057,0.4933751904344213,0.4907672916080413,-0.0026078988263800174,0.5508057754956858,0.24787724983073983,831.6908323195981,25435.60041634385,0.6978897221625706
sj_cb_ft_fonly,2024,all,a2_li,A2 경기 중요도 li,1.20-2.00,47218,0.1862591565518901,0.4910627303147105,0.4911224430014303,5.9712686719837205e-05,0.5529714114381128,0.24768498307574485,894.3425956370321,18467.700890925687,0.0002658559473085694
sj_cb_ft_fonly,2024,all,a2_li,A2 경기 중요도 li,li>=2.00,24790,0.09778822675507974,0.48604275917708756,0.48663341003286154,0.0005906508557739776,0.5564945089970864,0.2473603594914828,978.6969934446943,9683.050521541985,0.013656637115118005
sj_cb_ft_fonly,2024,all,a3_load,A3 전시즌 경기당 대비 등판 투구수,<0.25,46261,0.1824841128647335,0.49052117334255635,0.48710214637308197,-0.0034190269694743813,0.5495780110496435,0.24797696791469445,773.551580930243,18114.732681074416,0.8539366181362712
sj_cb_ft_fonly,2024,all,a3_load,A3 전시즌 경기당 대비 등판 투구수,0.25-0.50,43301,0.1708079066850225,0.4870095378859611,0.4870186565814355,9.11869547443045e-06,0.5522626569702072,0.24762307867032274,883.8643053479367,16931.467939541097,5.685503333392382e-06
sj_cb_ft_fonly,2024,all,a3_load,A3 전시즌 경기당 대비 등판 투구수,0.50-0.75,35948,0.14180279045549038,0.4893457215978636,0.49010025321268513,0.0007545316148215298,0.5476179389784193,0.2481035450142589,713.5005031689734,14083.586656976191,0.0323173084572326
sj_cb_ft_fonly,2024,all,a3_load,A3 전시즌 경기당 대비 등판 투구수,0.75-1.00,28037,0.11059655157451273,0.4906730391982024,0.4919251345905916,0.0012520953923892408,0.5571934374534869,0.24735782744995888,1022.4279139024239,10951.226643752556,0.06940838575224108
sj_cb_ft_fonly,2024,all,a3_load,A3 전시즌 경기당 대비 등판 투구수,1.00-1.25,14289,0.05636530746685496,0.47882986913010006,0.4869564265945439,0.008126557464443851,0.55385783398434,0.24719606309872272,943.997285915299,5577.620397500438,1.4901178778070148
sj_cb_ft_fonly,2024,all,a3_load,A3 전시즌 경기당 대비 등판 투구수,1.25-1.50,6780,0.026744823614338064,0.48348082595870207,0.48023978245915433,-0.0032410434995477355,0.556083266635051,0.24739609618985442,933.4271456691968,2648.671532601399,0.11246178733031
sj_cb_ft_fonly,2024,all,a3_load,A3 전시즌 경기당 대비 등판 투구수,>=1.50,17167,0.06771805117807397,0.471311236675016,0.469565893251704,-0.0017453434233120069,0.5476140207475794,0.24741710538863376,706.2649398079102,6707.02146756351,0.08257750605425791
sj_cb_ft_fonly,2024,all,a3_load,A3 전시즌 경기당 대비 등판 투구수,전시즌없음,61724,0.24348045616097386,0.4842848810835331,0.4851713114256467,0.0008864303421135533,0.5566286274468458,0.24724164954650032,1005.5475364151079,24098.014572743534,0.0765859064486133
sj_cb_ft_fonly,2024,all,a3b_gp,A3b 등판 내 투구수,1-10,76617,0.30222834083476985,0.47788349844029393,0.4792477741340732,0.0013642756937792822,0.5478846040854032,0.2476726128434557,736.7404820217694,29964.614601246616,0.2251826853610701
sj_cb_ft_fonly,2024,all,a3b_gp,A3b 등판 내 투구수,11-20,53275,0.21015198791354875,0.48247770999530737,0.48145764542633185,-0.0010200645689755206,0.5510488042173616,0.24759907857661922,838.5861971996866,20829.46187440961,0.08753552726077034
sj_cb_ft_fonly,2024,all,a3b_gp,A3b 등판 내 투구수,21-35,39529,0.15592863313439076,0.48850211237319435,0.48602877850557297,-0.0024733338676213856,0.5559517713968349,0.24745347307122284,966.241157371206,15445.96153569432,0.38184480300464535
sj_cb_ft_fonly,2024,all,a3b_gp,A3b 등판 내 투구수,36-60,41814,0.16494219094541768,0.49347108623905866,0.49225448436024244,-0.0012166018788162258,0.5543092661863498,0.2475301644799377,971.0490925970871,16343.889332640816,0.09772917850119493
sj_cb_ft_fonly,2024,all,a3b_gp,A3b 등판 내 투구수,61-80,26329,0.10385906503567949,0.4956132021725094,0.4963269260839286,0.0007137239114191618,0.5521069737606261,0.24785817483875738,849.0978265632498,10304.885710901859,0.021178754976642972
sj_cb_ft_fonly,2024,all,a3b_gp,A3b 등판 내 투구수,81+,15943,0.06288978213619348,0.4967697422066111,0.5032314471057632,0.006461704899152099,0.5609423412738881,0.24720718684498272,1112.9978904393822,6223.52883685992,1.0511624881659443
sj_cb_ft_fonly,2024,all,a4_prevp,A4 전시즌 투구수,없음,61724,0.24348045616097386,0.4842848810835331,0.4851713114256467,0.0008864303421135533,0.5566286274468458,0.24724164954650032,1005.5475364151079,24098.014572743534,0.0765859064486133
sj_cb_ft_fonly,2024,all,a4_prevp,A4 전시즌 투구수,1-200,18380,0.07250292891320555,0.45250272034820455,0.45824541445275724,0.0057426941045526925,0.5335902869275972,0.24690366230383792,339.19937244144546,7166.029744985381,0.9571553726510276
sj_cb_ft_fonly,2024,all,a4_prevp,A4 전시즌 투구수,201-600,31140,0.12283684474195979,0.46149646756583174,0.4639017651017029,0.0024052975358711537,0.5373229565928286,0.24747185824233847,420.7429417878439,12168.862818809885,0.2844865827612436
sj_cb_ft_fonly,2024,all,a4_prevp,A4 전시즌 투구수,601-1200,69766,0.27520344605868874,0.48806008657512256,0.48408389127523166,-0.003976195299890906,0.5483296404709431,0.248069629904773,715.531454096241,27328.952763093064,1.7417459384430254
sj_cb_ft_fonly,2024,all,a4_prevp,A4 전시즌 투구수,1201-2000,28911,0.1140441881289274,0.5086299332434021,0.5101844464494277,0.0015545132060256206,0.5506407251955884,0.24784125295512835,833.9569571064409,11314.680039133746,0.11032082807705774
sj_cb_ft_fonly,2024,all,a4_prevp,A4 전시즌 투구수,2001-2600,23910,0.09431692221516566,0.4913007109995818,0.4930220947873296,0.0017213837877478322,0.5612590873460892,0.24704843999317067,1150.701280465516,9327.542995194688,0.11187693517669313
sj_cb_ft_fonly,2024,all,a4_prevp,A4 전시즌 투구수,2601+,19676,0.07761521378107902,0.5158060581418987,0.5147637059289204,-0.0010423522129783258,0.5440627677933627,0.2480926595555073,663.6668076301921,7708.258957792859,0.03375758478178147
sj_cb_ft_fonly,2024,all,a5_asofn,A5 투수 누적 이력,0-99,7915,0.031222017537977254,0.4578648136449779,0.4617440382966572,0.003879224651679336,0.5422947459722413,0.2466664744903278,627.7183715265866,3082.950938372554,0.1880816165058337
sj_cb_ft_fonly,2024,all,a5_asofn,A5 투수 누적 이력,100-499,24122,0.09515319103614496,0.46882513887737337,0.47021619375398677,0.0013910548766133957,0.545503517037286,0.24732230454049514,684.9922966360556,9420.67812008815,0.07370677459970895
sj_cb_ft_fonly,2024,all,a5_asofn,A5 투수 누적 이력,500-1499,46761,0.1844564449896847,0.4740275015504373,0.47585067829257427,0.001823176742136945,0.5504286595238423,0.24729438471937676,814.6159059728265,18260.11939038762,0.24544088134954822
sj_cb_ft_fonly,2024,all,a5_asofn,A5 투수 누적 이력,1500-3999,80756,0.31855530616511574,0.48610629550745454,0.4840219706877763,-0.0020843248196782405,0.5527392930188249,0.2475496209281349,903.635352024934,31567.677609915412,0.5540017888804599
sj_cb_ft_fonly,2024,all,a5_asofn,A5 투수 누적 이력,4000-7999,54350,0.21439250198219378,0.49236430542778287,0.49421066097748634,0.0018463555497034712,0.5478866480457218,0.24817523297710595,706.7501014731414,21299.21288362746,0.2925740397447956
sj_cb_ft_fonly,2024,all,a5_asofn,A5 투수 누적 이력,8000+,39603,0.15622053828888355,0.5079413175769513,0.5064720758047572,-0.0014692417721940965,0.5547211494316185,0.2475626237818955,949.9643134908475,15481.702949361947,0.13499577860258405
sj_cb_ft_fonly,2024,all,a6_psucc,A6 투수 수준 5분위,Q1 최저,64207,0.25327505749348145,0.4478327908172006,0.44805508102276076,0.00022229020556013834,0.5348553061425602,0.2463786673960987,363.9275515330387,24979.92027685782,0.005009894737154984
sj_cb_ft_fonly,2024,all,a6_psucc,A6 투수 수준 5분위,Q2,57443,0.2265933485071418,0.4768030917605278,0.474095642241702,-0.002707449518825844,0.5340784521338534,0.24847754870305888,394.59121070777314,22538.750434366248,0.6649108448264952
sj_cb_ft_fonly,2024,all,a6_psucc,A6 투수 수준 5분위,Q3,52870,0.2085543988923383,0.49031586911291847,0.49306460992629625,0.0027487408133777813,0.5428140096973649,0.24839263677354284,605.6595349649863,20737.36614278311,0.6307866013783865
sj_cb_ft_fonly,2024,all,a6_psucc,A6 투수 수준 5분위,Q4,43880,0.173091867285716,0.5142433910665452,0.5160990696447848,0.00185567857823965,0.5470295841465936,0.24808048048677214,687.2158030563846,17189.56081886396,0.2386039863739456
sj_cb_ft_fonly,2024,all,a6_psucc,A6 투수 수준 5분위,Q5 최고,35026,0.1381658100170804,0.5300919317078742,0.5280995209115487,-0.0019924107963255056,0.558976254700706,0.24651861618894094,1034.089355240242,13634.707704961287,0.219560334493744
sj_cb_ft_fonly,2024,all,a7_inning,A7 이닝,1-3회,85260,0.336322073946676,0.49460473844710295,0.4928941230854004,-0.0017106153617025277,0.5554566834954474,0.2475056980914713,986.1920521769263,33322.38652324783,0.39396317740896064
sj_cb_ft_fonly,2024,all,a7_inning,A7 이닝,4-6회,85051,0.33549763911844643,0.4851912381982575,0.48743250839417473,0.0022412701959172443,0.5522209820403815,0.24761445288781928,867.2598327664205,33255.30858331645,0.6746420762021332
sj_cb_ft_fonly,2024,all,a7_inning,A7 이닝,7-8회,58238,0.2297293565858142,0.4760980802912188,0.47556253563712525,-0.000535544654093556,0.5478029685664694,0.24764321503770273,715.8290963197534,22773.954746596308,0.0263756636934988
sj_cb_ft_fonly,2024,all,a7_inning,A7 이닝,9회+,24958,0.09845093034906334,0.4835323343216604,0.48392370412076,0.0003913697990996501,0.5524759617918941,0.24766535699918377,826.2798907552549,9760.69203859256,0.0060365661861017175
sj_cb_ft_fonly,2024,all,a8_hand,A8 손 매치업,1v1,30493,0.12028464697227295,0.453841865346145,0.4605164351858996,0.006674569839754563,0.5521073666105468,0.2458342612175765,821.0634992677046,11837.176698080579,2.1451234216136505
sj_cb_ft_fonly,2024,all,a8_hand,A8 손 매치업,1v2,41337,0.16306058609821425,0.5069550281829838,0.49850777726298123,-0.008447250920002536,0.5541918214550323,0.24778445675169122,867.0360950393308,16174.042597023583,4.657740750744164
sj_cb_ft_fonly,2024,all,a8_hand,A8 손 매치업,2v1,89268,0.3521322882602847,0.49815163328404355,0.49599760389122305,-0.0021540293928205,0.5462052121780966,0.24816176060497144,733.9392040990766,34981.32327836063,0.6540404711623454
sj_cb_ft_fonly,2024,all,a8_hand,A8 손 매치업,2v2,92409,0.36452247866922804,0.47578699044465367,0.4796967417953861,0.003909751350732404,0.5496443653738987,0.24752865984325462,755.8005422340974,36119.79931828836,2.2305815975275087
sj_cb_ft_fonly,2024,all,a9_batn,A9 타자 누적 이력,0-99,6710,0.0264686971168449,0.45424739195231,0.4751344726526961,0.020887080700386085,0.5512995422950613,0.2462206287018925,680.1228699010009,2608.870510374041,4.6225708596575785
sj_cb_ft_fonly,2024,all,a9_batn,A9 타자 누적 이력,100-499,17316,0.06830580615130943,0.474994224994225,0.47717242654673186,0.0021782015525068643,0.5454530634024967,0.24773692141835588,656.7585742821125,6773.979549173801,0.12973264459906758
sj_cb_ft_fonly,2024,all,a9_batn,A9 타자 누적 이력,500-1499,32038,0.12637915323837212,0.48355078344465946,0.48266647068336327,-0.000884312761296191,0.5480463762910708,0.24788262740572065,739.5187338270714,12540.5636107673,0.03956241089238482
sj_cb_ft_fonly,2024,all,a9_batn,A9 타자 누적 이력,1500-3999,60091,0.23703881944088329,0.4875938160456641,0.4839052514297605,-0.003688564615903611,0.5550165078599383,0.24748114597093598,946.5590039616445,23483.19137360891,1.2910105478297282
sj_cb_ft_fonly,2024,all,a9_batn,A9 타자 누적 이력,4000+,137352,0.5418075240525903,0.48900634865163956,0.4897013881310274,0.0006950394793878711,0.5532888704848229,0.24761680994785792,905.3695660719563,53705.73684782909,0.10477544236539889
sj_cb_ft_fonly,2024,all,a10_base,A10 주자 상황,___,131633,0.5192479892073986,0.48431624288742187,0.48649075244212414,0.0021745095547022752,0.5505702821869874,0.24771291527932346,817.245898764074,51489.538272379505,0.9828630025688044
sj_cb_ft_fonly,2024,all,a10_base,A10 주자 상황,1__,50798,0.20038105456654057,0.48958620418126697,0.4875303606896373,-0.002055843491629683,0.5526610660221799,0.24761541467408052,910.8503895171593,19862.31469379191,0.3390254336273466
sj_cb_ft_fonly,2024,all,a10_base,A10 주자 상황,_2_,20024,0.07898795694004505,0.49330803036356374,0.4855330906216491,-0.0077749397419146216,0.5558044990995407,0.24763785604531444,927.1106720057265,7830.210540589367,1.9113950978124339
sj_cb_ft_fonly,2024,all,a10_base,A10 주자 상황,__3,6671,0.026314855211098706,0.4994753410283316,0.4938615191068044,-0.005613821921527151,0.5578960245373981,0.247451702146181,1019.2101569328149,2606.675402582581,0.3319814155658963
sj_cb_ft_fonly,2024,all,a10_base,A10 주자 상황,12_,21934,0.08652226565735857,0.48080605452721803,0.48305493357396456,0.0022488790467465325,0.5557052237938518,0.2472096313564647,970.214177173323,8562.2675379639,0.17516833537063198
sj_cb_ft_fonly,2024,all,a10_base,A10 주자 상황,1_3,8472,0.033419195525172876,0.4884324834749764,0.48835272086467163,-7.976261030478993e-05,0.5516074078353117,0.24785916740498293,803.2399805214974,3315.862408522505,8.511188932989031e-05
sj_cb_ft_fonly,2024,all,a10_base,A10 주자 상황,_23,5567,0.02195994587920649,0.48661756781031074,0.4807333541442384,-0.005884213666072335,0.5508279040835553,0.24769786050300013,849.8287838937357,2177.454277053315,0.30437127083374477
sj_cb_ft_fonly,2024,all,a10_base,A10 주자 상황,123,8408,0.033166737013179126,0.4764509990485252,0.4786858869863818,0.002234887937856589,0.5670663700042848,0.24614230890800784,1324.1916091444316,3268.0187588700483,0.06631469457455803
sj_cb_ft_fonly,2024,all,a11_typemo,A11 game_type x 월블록,R|early,87355,0.3445861455502215,0.4950603857821533,0.49331833951661425,-0.0017420462655390323,0.5577817302970645,0.24739280534457733,1033.2187880007116,34125.608259670764,0.4186129944606901
sj_cb_ft_fonly,2024,all,a11_typemo,A11 game_type x 월블록,R|mid,68816,0.27145601502128147,0.49006045105789353,0.48988418372140646,-0.00017626733648706816,0.5550943054265965,0.24747209321046823,972.0289875327248,26891.883713574174,0.003376281717139018
sj_cb_ft_fonly,2024,all,a11_typemo,A11 game_type x 월블록,R|late,67326,0.2655784652889269,0.4823990731663845,0.48366721054997924,0.0012681373835947696,0.544568854612384,0.24812528495642233,626.7456119444792,26379.06531801713,0.17097042493710723
sj_cb_ft_fonly,2024,all,a11_typemo,A11 game_type x 월블록,F|early,11672,0.04604212112486046,0.465301576422207,0.47471565082819517,0.009414074405988182,0.5373388203778678,0.247866337374469,373.67238792024307,4568.444949199442,1.63345095650521
sj_cb_ft_fonly,2024,all,a11_typemo,A11 game_type x 월블록,F|mid,8768,0.034586816143143975,0.43909671532846717,0.4570801397620646,0.017983424433597406,0.5447923081391971,0.24516957424367397,455.24060113074637,3394.4755248979186,4.477657773493618
sj_cb_ft_fonly,2024,all,a11_typemo,A11 game_type x 월블록,F|late,9570,0.03775043687156568,0.4704284221525601,0.453158000913324,-0.01727042123923611,0.5379286396259209,0.24833923303715397,315.6195081216118,3752.8641263937147,4.507371624947004
sj_cb_ft_fonly,2024,all,a12_role,A12 투수 역할(전시즌),불펜(<30구/경기),92356,0.3643134114639832,0.4758976135822253,0.47687198520922874,0.0009743716270034231,0.5481726688597521,0.24759403145994174,731.7176961118998,36108.6169348349,0.13845860158041023
sj_cb_ft_fonly,2024,all,a12_role,A12 투수 역할(전시즌),스윙(30-70),37096,0.1463312650143783,0.4808604701315506,0.47833294947148525,-0.002527520660065341,0.5410274147669665,0.24836183678057547,509.4831851251924,14548.476389039364,0.37421576448732
sj_cb_ft_fonly,2024,all,a12_role,A12 투수 역할(전시즌),선발(>=70),62331,0.2458748673606646,0.5061526367297171,0.5057100283576498,-0.0004426083720673324,0.5558818454061493,0.24746757706209316,997.9783133031939,24357.233995135342,0.019281859370981806
sj_cb_ft_fonly,2024,all,a12_role,A12 투수 역할(전시즌),전시즌없음,61724,0.24348045616097386,0.4842848810835331,0.4851713114256467,0.0008864303421135533,0.5566286274468458,0.24724164954650032,1005.5475364151079,24098.014572743534,0.0765859064486133
sj_cb_ft_fonly,2024,all,a13_tens,A13 이닝 x 점수차,초반|0-1점,56713,0.22371374360471308,0.4945603300830497,0.4944371101242797,-0.00012321995877001557,0.5554951255225276,0.24744449797216636,1010.4844085815134,22159.80785418232,0.0013597225719685717
sj_cb_ft_fonly,2024,all,a13_tens,A13 이닝 x 점수차,초반|2-3점,20053,0.07910235220329222,0.49264449209594574,0.49089902382872963,-0.0017454682672161104,0.5521700526040737,0.24794690772179295,799.7685937815246,7851.336981308712,0.09647367817829802
sj_cb_ft_fonly,2024,all,a13_tens,A13 이닝 x 점수차,초반|4점+,8494,0.033505978138670726,0.4995290793501295,0.4873019758588945,-0.012227103491235014,0.5636934604343418,0.24687269428281805,1250.834689941116,3311.2416877567935,2.0052337266579756
sj_cb_ft_fonly,2024,all,a13_tens,A13 이닝 x 점수차,중반|0-1점,31591,0.12461588831866575,0.4924503814377513,0.4930479618649688,0.0005975804272175256,0.552080410714299,0.24773053598057224,885.1887230844846,12358.008324939026,0.01781400910748826
sj_cb_ft_fonly,2024,all,a13_tens,A13 이닝 x 점수차,중반|2-3점,28192,0.1112079745332476,0.4830093643586833,0.487930697631465,0.004921333272781714,0.5496633597066325,0.24776778921358364,778.3103706102579,11030.020004148886,1.0781942397514341
sj_cb_ft_fonly,2024,all,a13_tens,A13 이닝 x 점수차,중반|4점+,25268,0.09967377626653308,0.47854994459395284,0.47985601870074657,0.001306074106793731,0.5538725656929739,0.24729824113069143,898.3148731710577,9867.280254228537,0.06806315475689882
sj_cb_ft_fonly,2024,all,a13_tens,A13 이닝 x 점수차,후반|0-1점,25356,0.10002090672052448,0.4861965609717621,0.48286880850219344,-0.003327752469568679,0.5491755938439984,0.24802311108537706,715.0865901374037,9930.667968449632,0.44339249673645453
sj_cb_ft_fonly,2024,all,a13_tens,A13 이닝 x 점수차,후반|2-3점,23832,0.09400923840367327,0.47394259818731116,0.48148313581045266,0.007540537623141497,0.5456265143532824,0.24770661690692347,647.5165859963328,9321.88338622102,2.1397876676419645
sj_cb_ft_fonly,2024,all,a13_tens,A13 이닝 x 점수차,후반|4점+,34008,0.13415014181067977,0.47553516819571867,0.47210218645214386,-0.0034329817435748144,0.5524257946241394,0.24733178777184017,829.8604720778479,13282.095430518213,0.6328920601579902
yn_fa10c,2024,all,a1_count,A1 볼카운트,0-0,65317,0.25765363481087306,0.4862899398318967,0.49661915524723554,0.010329215415338822,0.5512730660845935,0.24781408053117113,799.7828147121688,25559.819111155073,11.004402490217577
yn_fa10c,2024,all,a1_count,A1 볼카운트,0-1,31402,0.12387034677543421,0.5010508884784408,0.502083463137738,0.0010325746592971807,0.5507460821321692,0.24788401930897994,845.9542667449083,12291.684554362508,0.05286957293200658
yn_fa10c,2024,all,a1_count,A1 볼카운트,0-2,16155,0.06372605095717278,0.49229340761374185,0.4953693380162876,0.0030759304025457235,0.5273044409620248,0.24935200501722082,235.49731284548957,6360.999986790331,0.24136013459929476
yn_fa10c,2024,all,a1_count,A1 볼카운트,1-0,26438,0.10428903343891885,0.4799152734700053,0.493494417302632,0.013579143832626706,0.5549075604723146,0.24749470888287875,842.1167779012917,10332.37320747779,7.698018364320093
yn_fa10c,2024,all,a1_count,A1 볼카운트,1-1,25313,0.09985128615777868,0.4862323707186031,0.4979960766679071,0.011763705949303982,0.5559934949146456,0.24751395475597016,919.2960527007909,9893.475351243555,5.531431099038771
yn_fa10c,2024,all,a1_count,A1 볼카운트,1-2,24399,0.09624586303336792,0.497807287183901,0.497333291577942,-0.00047399560595901,0.5428134933945009,0.24848730972819208,603.1645129601859,9573.743966240832,0.008656178949256571
yn_fa10c,2024,all,a1_count,A1 볼카운트,2-0,9392,0.037048286635083055,0.47327512776831343,0.4855202967236742,0.012245168955360763,0.5477244392358778,0.2474520339593297,735.6004165228636,3669.9037939349055,2.2237871434426166
yn_fa10c,2024,all,a1_count,A1 볼카운트,2-1,13446,0.05303995550418726,0.47411869701026327,0.4893343538721635,0.01521565686190024,0.5528163917242757,0.24733312637154903,800.958776418248,5251.47088104194,4.915640184459244
yn_fa10c,2024,all,a1_count,A1 볼카운트,2-2,20640,0.0814178701179849,0.49064922480620154,0.49213890263318955,0.0014896778269880007,0.5471352546149115,0.24816476000964957,699.365799230578,8088.264989544576,0.0723269194080915
yn_fa10c,2024,all,a1_count,A1 볼카운트,3-0,3214,0.012678150899186216,0.4819539514623522,0.4708827455784947,-0.011071205883857516,0.5823867767056922,0.2453523232156545,1731.061715927351,1245.2071756290693,0.6220729174386646
yn_fa10c,2024,all,a1_count,A1 볼카운트,3-1,6020,0.023746878784412263,0.4591362126245847,0.4733874162231891,0.014251203598604378,0.5714424133382165,0.24527009019717744,1232.254993322024,2331.5602881680184,1.930657107437163
yn_fa10c,2024,all,a1_count,A1 볼카운트,3-2,11771,0.04643264288560079,0.45697052077138733,0.4698760402569147,0.012905519485527372,0.5461059220474748,0.2467199223094859,575.680213883778,4585.884864799187,3.095778708982743
yn_fa10c,2024,all,a1b_phase,A1b 카운트 국면,초구 0-0,65317,0.25765363481087306,0.4862899398318967,0.49661915524723554,0.010329215415338822,0.5512730660845935,0.24781408053117113,799.7828147121688,25559.819111155073,11.004402490217577
yn_fa10c,2024,all,a1b_phase,A1b 카운트 국면,투수우위 0-1,31402,0.12387034677543421,0.5010508884784408,0.502083463137738,0.0010325746592971807,0.5507460821321692,0.24788401930897994,845.9542667449083,12291.684554362508,0.05286957293200658
yn_fa10c,2024,all,a1b_phase,A1b 카운트 국면,평행 1-1,25313,0.09985128615777868,0.4862323707186031,0.4979960766679071,0.011763705949303982,0.5559934949146456,0.24751395475597016,919.2960527007909,9893.475351243555,5.531431099038771
yn_fa10c,2024,all,a1b_phase,A1b 카운트 국면,타자우위 1-0/2-0/2-1,49276,0.19437727557818915,0.4770679438266093,0.4908393894317892,0.0137714456051799,0.5531114435099928,0.24744248383763745,814.3678212035987,19253.747882454638,14.75706792557795
yn_fa10c,2024,all,a1b_phase,A1b 카운트 국면,2스트라이크,61194,0.2413897841085256,0.49393731411576297,0.4950628098704507,0.001125495754687733,0.5404276967938576,0.24860679409273012,542.6596832004193,24023.008942575736,0.1224058382097731
yn_fa10c,2024,all,a1b_phase,A1b 카운트 국면,3볼,9234,0.03642502968359848,0.4670781893004115,0.4725156367720251,0.005437447471613621,0.5749415775042095,0.2452987123459088,1453.2773268003507,3576.7674637970877,0.43110750839296474
yn_fa10c,2024,all,a1b_phase,A1b 카운트 국면,풀카운트,11771,0.04643264288560079,0.45697052077138733,0.4698760402569147,0.012905519485527372,0.5461059220474748,0.2467199223094859,575.680213883778,4585.884864799187,3.095778708982743
yn_fa10c,2024,all,a2_li,A2 경기 중요도 li,li<0.10,28368,0.11190223544123042,0.47303299492385786,0.476310461396007,0.0032774664721491598,0.5508039902426828,0.24738655636084791,756.6908314472265,11081.80186766362,0.4811835824208331
yn_fa10c,2024,all,a2_li,A2 경기 중요도 li,0.10-0.35,31697,0.1250340227291554,0.4814335741552828,0.4875746206103542,0.006141046455071408,0.5501715274756126,0.24774223194632114,766.2789367088308,12400.059622968918,1.8875935856391683
yn_fa10c,2024,all,a2_li,A2 경기 중요도 li,0.35-0.70,56451,0.22268024157123867,0.48280809905936123,0.49597994377484933,0.013171844715488101,0.5516880464698273,0.24771836821882473,795.368450324152,22081.84808674527,15.465729554162358
yn_fa10c,2024,all,a2_li,A2 경기 중요도 li,0.70-1.20,64983,0.2563361169514057,0.4933751904344213,0.4985718705744189,0.005196680139997578,0.5504632441771339,0.2478914918218316,825.9930356209644,25437.06183966846,2.7711325371211597
yn_fa10c,2024,all,a2_li,A2 경기 중요도 li,1.20-2.00,47218,0.1862591565518901,0.4910627303147105,0.4987827523833815,0.007720022068671006,0.5492057735971947,0.247946842439801,789.5653737804431,18487.225451320202,4.4437563545777286
yn_fa10c,2024,all,a2_li,A2 경기 중요도 li,li>=2.00,24790,0.09778822675507974,0.48604275917708756,0.49495994232035434,0.008917183143266783,0.5534543140950582,0.247701159144229,842.2708265823698,9696.39130202132,3.112701444020783
yn_fa10c,2024,all,a3_load,A3 전시즌 경기당 대비 등판 투구수,<0.25,46261,0.1824841128647335,0.49052117334255635,0.49361054884802535,0.0030893755054690053,0.5509185847253385,0.24787328562334593,815.0394078884515,18107.158683346584,0.6972073901156097
yn_fa10c,2024,all,a3_load,A3 전시즌 경기당 대비 등판 투구수,0.25-0.50,43301,0.1708079066850225,0.4870095378859611,0.4931548339935622,0.006145296107601117,0.5499930411892938,0.24780676391749815,810.340577342028,16944.027596299336,2.582195510335892
yn_fa10c,2024,all,a3_load,A3 전시즌 경기당 대비 등판 투구수,0.50-0.75,35948,0.14180279045549038,0.4893457215978636,0.49580329937795875,0.006457577780095147,0.5456975504433577,0.24821285139498792,669.7580894335031,14089.791428798653,2.367116280194286
yn_fa10c,2024,all,a3_load,A3 전시즌 경기당 대비 등판 투구수,0.75-1.00,28037,0.11059655157451273,0.4906730391982024,0.49717153923399754,0.006498500035795163,0.5556702862143622,0.24754221113468197,948.6487671726884,10959.389828001176,1.8696631163113222
yn_fa10c,2024,all,a3_load,A3 전시즌 경기당 대비 등판 투구수,1.00-1.25,14289,0.05636530746685496,0.47882986913010006,0.49274361987413545,0.013913750744035391,0.550394648932354,0.24767591993466637,751.7098382603505,5588.4476705665575,4.368132885547936
yn_fa10c,2024,all,a3_load,A3 전시즌 경기당 대비 등판 투구수,1.25-1.50,6780,0.026744823614338064,0.48348082595870207,0.48683986699666437,0.003359041037962307,0.5542847650205287,0.24775337832770183,790.3581260535808,2652.4966658278227,0.120799707010081
yn_fa10c,2024,all,a3_load,A3 전시즌 경기당 대비 등판 투구수,>=1.50,17167,0.06771805117807397,0.471311236675016,0.4747904272458504,0.0034791905708344006,0.5392896519368516,0.2479224886829785,503.4438985800138,6720.721476700687,0.3281379118487094
yn_fa10c,2024,all,a3_load,A3 전시즌 경기당 대비 등판 투구수,전시즌없음,61724,0.24348045616097386,0.4842848810835331,0.49805266827158473,0.013767787188051606,0.5563435116440127,0.247491376472065,905.5579905314137,24122.35482084697,18.475147696512863
yn_fa10c,2024,all,a3b_gp,A3b 등판 내 투구수,1-10,76617,0.30222834083476985,0.47788349844029393,0.4872515271243493,0.009368028684055396,0.5493067501829535,0.24767754260245467,734.7647127138201,29965.211027015233,10.61761892579965
yn_fa10c,2024,all,a3b_gp,A3b 등판 내 투구수,11-20,53275,0.21015198791354875,0.48247770999530737,0.4893268125234621,0.006849102528154738,0.5490355902616387,0.24780355847730684,756.6936628534138,20846.663902462144,3.9463569144718087
yn_fa10c,2024,all,a3b_gp,A3b 등판 내 투구수,21-35,39529,0.15592863313439076,0.48850211237319435,0.49363384742834027,0.005131735055145914,0.5512872881922237,0.24782733416775787,816.6175969686717,15469.297818047125,1.6438032994007956
yn_fa10c,2024,all,a3b_gp,A3b 등판 내 투구수,36-60,41814,0.16494219094541768,0.49347108623905866,0.4998566793021239,0.0063855930630652424,0.5523568220278365,0.247670639833523,914.8493687245463,16353.164620918451,2.692339109050237
yn_fa10c,2024,all,a3b_gp,A3b 등판 내 투구수,61-80,26329,0.10385906503567949,0.4956132021725094,0.5033992898045231,0.007786087632013661,0.547710050486258,0.24815278516106073,731.2446257761951,10317.13435149063,2.5204524400338952
yn_fa10c,2024,all,a3b_gp,A3b 등판 내 투구수,81+,15943,0.06288978213619348,0.4967697422066111,0.5091245641741841,0.012354821967572982,0.5586444574751629,0.24758007586159442,963.8360580391136,6232.916450454206,3.842807210863968
yn_fa10c,2024,all,a4_prevp,A4 전시즌 투구수,없음,61724,0.24348045616097386,0.4842848810835331,0.49805266827158473,0.013767787188051606,0.5563435116440127,0.247491376472065,905.5579905314137,24122.35482084697,18.475147696512863
yn_fa10c,2024,all,a4_prevp,A4 전시즌 투구수,1-200,18380,0.07250292891320555,0.45250272034820455,0.4683323096703865,0.01582958932218198,0.5340367348563255,0.2471216813401673,251.19763318051102,7172.357439296316,7.272611197704224
yn_fa10c,2024,all,a4_prevp,A4 전시즌 투구수,201-600,31140,0.12283684474195979,0.46149646756583174,0.4690731536388602,0.007576686073028471,0.5362373309142736,0.24761664616899265,362.48228027414564,12175.982434065489,2.822817249394679
yn_fa10c,2024,all,a4_prevp,A4 전시즌 투구수,601-1200,69766,0.27520344605868874,0.48806008657512256,0.49067418822501896,0.0026141016498963943,0.5460507587265767,0.24820913187901184,659.6988260606173,27344.32120164717,0.7528255215085748
yn_fa10c,2024,all,a4_prevp,A4 전시즌 투구수,1201-2000,28911,0.1140441881289274,0.5086299332434021,0.5169233076085158,0.008293374365113682,0.5452050301956594,0.2483147364955121,644.5071032748051,11336.295951333028,3.1400113747665412
yn_fa10c,2024,all,a4_prevp,A4 전시즌 투구수,2001-2600,23910,0.09431692221516566,0.4913007109995818,0.4972364563502176,0.005935745350635846,0.560807816635532,0.24703825003285534,1154.7784988085175,9327.158263791554,1.3302573456217943
yn_fa10c,2024,all,a4_prevp,A4 전시즌 투구수,2601+,19676,0.07761521378107902,0.5158060581418987,0.51650289572772,0.0006968375858212861,0.5451936555732103,0.24801731702882127,693.8339651263003,7705.918059407269,0.015087091229865205
yn_fa10c,2024,all,a5_asofn,A5 투수 누적 이력,0-99,7915,0.031222017537977254,0.4578648136449779,0.47624898993918613,0.018384176294208243,0.5442129375977134,0.24709869022777595,453.5955440337136,3088.352969256963,4.224203566010484
yn_fa10c,2024,all,a5_asofn,A5 투수 누적 이력,100-499,24122,0.09515319103614496,0.46882513887737337,0.48235747506862464,0.01353233619125127,0.5454544149590203,0.24749915283882268,613.9769058351452,9427.41439443156,6.9753248501464835
yn_fa10c,2024,all,a5_asofn,A5 투수 누적 이력,500-1499,46761,0.1844564449896847,0.4740275015504373,0.48307042882241774,0.009042927271980417,0.5505442870890268,0.24740113250582318,771.8012653901485,18268.001604645673,6.038199165620613
yn_fa10c,2024,all,a5_asofn,A5 투수 누적 이력,1500-3999,80756,0.31855530616511574,0.48610629550745454,0.49114951991568667,0.005043224408232128,0.5498829419982764,0.2477468584428168,824.6793810810283,31592.829457261065,3.2433734236018883
yn_fa10c,2024,all,a5_asofn,A5 투수 누적 이력,4000-7999,54350,0.21439250198219378,0.49236430542778287,0.5018802002713063,0.009515894843523443,0.5466621563563411,0.24834676492923136,638.1213153382248,21313.934318642692,7.771491644174311
yn_fa10c,2024,all,a5_asofn,A5 투수 누적 이력,8000+,39603,0.15622053828888355,0.5079413175769513,0.5113555780093455,0.003414260432394234,0.5519680789074112,0.24775694988729222,872.2142582510029,15493.855426149834,0.7289990184618081
yn_fa10c,2024,all,a6_psucc,A6 투수 수준 5분위,Q1 최저,64207,0.25327505749348145,0.4478327908172006,0.45753286623243705,0.009700075415236431,0.5311275952446173,0.2466449421458113,256.2454598407871,25006.91742758462,9.539775788399933
yn_fa10c,2024,all,a6_psucc,A6 투수 수준 5분위,Q2,57443,0.2265933485071418,0.4768030917605278,0.482675105155,0.005872013394472186,0.530605803829398,0.24870736233390567,302.4674725055743,22559.596229485796,3.127639979420591
yn_fa10c,2024,all,a6_psucc,A6 투수 수준 5분위,Q3,52870,0.2085543988923383,0.49031586911291847,0.4997277464262546,0.009411877313336148,0.5422287449226346,0.24856049839580072,538.4896886666656,20751.380277691853,7.39549746942594
yn_fa10c,2024,all,a6_psucc,A6 투수 수준 5분위,Q4,43880,0.173091867285716,0.5142433910665452,0.5205643709378783,0.006320979871333177,0.5452985638122392,0.2482427519662048,622.254495392871,17200.80465174997,2.768477518988395
yn_fa10c,2024,all,a6_psucc,A6 투수 수준 5분위,Q5 최고,35026,0.1381658100170804,0.5300919317078742,0.5361587636980284,0.006066831990154231,0.5605344580874694,0.24650803482373812,1038.3372877467268,13634.122459822845,2.0357293926732467
yn_fa10c,2024,all,a7_inning,A7 이닝,1-3회,85260,0.336322073946676,0.49460473844710295,0.5008489682433569,0.006244229796253942,0.5527951888643988,0.24773461571073369,894.6143415856311,33353.206344568556,5.249387715377493
yn_fa10c,2024,all,a7_inning,A7 이닝,4-6회,85051,0.33549763911844643,0.4851912381982575,0.4950152777773193,0.009824039579061805,0.5508421450693853,0.24777722364319882,802.0943676181669,33277.16914773568,12.961796503187898
yn_fa10c,2024,all,a7_inning,A7 이닝,7-8회,58238,0.2297293565858142,0.4760980802912188,0.48320891463072013,0.007110834339501326,0.5476347751661589,0.2477301621455371,680.9705942909638,22781.950643026845,4.650002022588887
yn_fa10c,2024,all,a7_inning,A7 이닝,9회+,24958,0.09845093034906334,0.4835323343216604,0.4904407552355408,0.006908420913880442,0.5505736371577353,0.2479538564439198,710.7547986285545,9772.06203505671,1.8809312784777152
yn_fa10c,2024,all,a8_hand,A8 손 매치업,1v1,30493,0.12028464697227295,0.453841865346145,0.4663793280884555,0.01253746274231049,0.5534465699676389,0.24584467198481239,816.863397876233,11837.677987407473,7.568765193007931
yn_fa10c,2024,all,a8_hand,A8 손 매치업,1v2,41337,0.16306058609821425,0.5069550281829838,0.507303541637316,0.00034851345433217773,0.5535941956801383,0.2477681456683077,873.5617910474947,16172.977896836546,0.00792836471065356
yn_fa10c,2024,all,a8_hand,A8 손 매치업,2v1,89268,0.3521322882602847,0.49815163328404355,0.5056925977276865,0.007540964443642939,0.5423872388219297,0.24848700408891178,603.8400326087268,35027.1701784961,8.01595293289589
yn_fa10c,2024,all,a8_hand,A8 손 매치업,2v2,92409,0.36452247866922804,0.47578699044465367,0.4853595471878473,0.009572556743193628,0.5477138434445207,0.24771206499801207,682.2660360809141,36146.562107647675,13.371364785118402
yn_fa10c,2024,all,a9_batn,A9 타자 누적 이력,0-99,6710,0.0264686971168449,0.45424739195231,0.47769110119922054,0.023443709246910527,0.5601761762644224,0.24586156491161454,824.9611465323769,2605.0659918869505,5.823455228257261
yn_fa10c,2024,all,a9_batn,A9 타자 누적 이력,100-499,17316,0.06830580615130943,0.474994224994225,0.484432960249641,0.009438735255415998,0.5432667934718829,0.2479682194174038,564.0073895610498,6780.304032041939,2.4360194665014316
yn_fa10c,2024,all,a9_batn,A9 타자 누적 이력,500-1499,32038,0.12637915323837212,0.48355078344465946,0.4899674472927878,0.0064166638481283345,0.5483784122999392,0.24794085331783813,716.2031343458608,12543.50930229214,2.083001301947259
yn_fa10c,2024,all,a9_batn,A9 타자 누적 이력,1500-3999,60091,0.23703881944088329,0.4875938160456641,0.49258875596143076,0.004994939915766661,0.5518824580073761,0.24770390366126843,857.4010374054808,23504.328585704392,2.3674212193081794
yn_fa10c,2024,all,a9_batn,A9 타자 누적 이력,4000+,137352,0.5418075240525903,0.48900634865163956,0.49721876727332454,0.00821241862168498,0.5514787142105759,0.24782633230123416,821.5200884058916,53751.18025846236,14.627924611292162
yn_fa10c,2024,all,a10_base,A10 주자 상황,___,131633,0.5192479892073986,0.48431624288742187,0.493826537611542,0.009510294724120127,0.5480405655495132,0.2479548532202143,720.3754095040482,51539.82742606773,18.800019458015015
yn_fa10c,2024,all,a10_base,A10 주자 상황,1__,50798,0.20038105456654057,0.48958620418126697,0.4952667402542457,0.005680536072978748,0.5536561347020551,0.24761342213245205,911.6477520553001,19862.15486331885,2.5883966288400164
yn_fa10c,2024,all,a10_base,A10 주자 상황,_2_,20024,0.07898795694004505,0.49330803036356374,0.4948752284732124,0.001567198109648671,0.5541822136231949,0.24764499726489814,924.2536723983897,7830.43634311306,0.0776612188924383
yn_fa10c,2024,all,a10_base,A10 주자 상황,__3,6671,0.026314855211098706,0.4994753410283316,0.4986499858605813,-0.0008253551677502857,0.5511418403839523,0.24786130748770055,855.3678399234377,2610.9902169857355,0.007175931064172058
yn_fa10c,2024,all,a10_base,A10 주자 상황,12_,21934,0.08652226565735857,0.48080605452721803,0.4908380559734143,0.01003200144619626,0.5553002540062166,0.24743986165624066,877.9861472554273,8570.241715228804,3.4857688048043323
yn_fa10c,2024,all,a10_base,A10 주자 상황,1_3,8472,0.033419195525172876,0.4884324834749764,0.49584842301141,0.007415939536433602,0.5531750366843217,0.24780521083678284,824.8341656519332,3315.140577016087,0.7357391652699844
yn_fa10c,2024,all,a10_base,A10 주자 상황,_23,5567,0.02195994587920649,0.48661756781031074,0.4895660518147297,0.0029484840044189387,0.5467873849731385,0.24800598551574493,726.4904243795556,2180.162932370344,0.0764230455873466
yn_fa10c,2024,all,a10_base,A10 주자 상황,123,8408,0.033166737013179126,0.4764509990485252,0.48702193918826614,0.010570940139740914,0.5619661148894559,0.24670082108552574,1100.290074876653,3275.4340962871847,1.4836296285558142
yn_fa10c,2024,all,a11_typemo,A11 game_type x 월블록,R|early,87355,0.3445861455502215,0.4950603857821533,0.49704876067985665,0.001988374897703371,0.5551433246712036,0.2476171410120914,943.4757621516466,34156.55334353282,0.545368285630382
yn_fa10c,2024,all,a11_typemo,A11 game_type x 월블록,R|mid,68816,0.27145601502128147,0.49006045105789353,0.49729710222631496,0.007236651168421426,0.5529221024970904,0.24768524843250603,886.7331916501464,26915.046508900377,5.690759998592136
yn_fa10c,2024,all,a11_typemo,A11 game_type x 월블록,R|late,67326,0.2655784652889269,0.4823990731663845,0.49531476102233857,0.012915687855954094,0.5434141363001336,0.2483451733697729,538.6811196831931,26402.442422931967,17.73468428124594
yn_fa10c,2024,all,a11_typemo,A11 game_type x 월블록,F|early,11672,0.04604212112486046,0.465301576422207,0.4802178930643738,0.014916316642166805,0.5379614514538202,0.24795612510359408,337.58349496240123,4570.099834255503,4.1008514198304225
yn_fa10c,2024,all,a11_typemo,A11 game_type x 월블록,F|mid,8768,0.034586816143143975,0.43909671532846717,0.4674770760584691,0.02838036073000194,0.5549100838161432,0.24509699480171612,484.70960481640236,3393.4706321003655,11.151721920782842
yn_fa10c,2024,all,a11_typemo,A11 game_type x 월블록,F|late,9570,0.03775043687156568,0.4704284221525601,0.4694119994552706,-0.0010164226972894652,0.5400054592942468,0.24793632409273675,477.3488008623095,3746.7754286667623,0.015612275789761425
yn_fa10c,2024,all,a12_role,A12 투수 역할(전시즌),불펜(<30구/경기),92356,0.3643134114639832,0.4758976135822253,0.4833283281322855,0.007430714550060169,0.5469349181384914,0.24775352458124475,667.7718566355684,36131.8770917414,8.05252050190424
yn_fa10c,2024,all,a12_role,A12 투수 역할(전시즌),스윙(30-70),37096,0.1463312650143783,0.4808604701315506,0.4854338589580243,0.004573388826473734,0.5377289281194289,0.248640494035591,397.856718373768,14564.799502718095,1.2252054028623869
yn_fa10c,2024,all,a12_role,A12 투수 역할(전시즌),선발(>=70),62331,0.2458748673606646,0.5061526367297171,0.5101432699750105,0.003990633245293362,0.5542616975751,0.24755010366274458,964.9626738225892,24365.356755081324,1.567448550822016
yn_fa10c,2024,all,a12_role,A12 투수 역할(전시즌),전시즌없음,61724,0.24348045616097386,0.4842848810835331,0.49805266827158473,0.013767787188051606,0.5563435116440127,0.247491376472065,905.5579905314137,24122.35482084697,18.475147696512863
yn_fa10c,2024,all,a13_tens,A13 이닝 x 점수차,초반|0-1점,56713,0.22371374360471308,0.4945603300830497,0.5021723984677606,0.007612068384710902,0.5529849386549126,0.24769709028936962,909.4355215503724,22182.428673236845,5.189118055068626
yn_fa10c,2024,all,a13_tens,A13 이닝 x 점수차,초반|2-3점,20053,0.07910235220329222,0.49264449209594574,0.49983834661364035,0.007193854517694609,0.5493417571009053,0.24810882755535862,734.9866406345495,7856.464236933565,1.6387330889890936
yn_fa10c,2024,all,a13_tens,A13 이닝 x 점수차,초반|4점+,8494,0.033505978138670726,0.4995290793501295,0.494398567633997,-0.005130511716132546,0.5606319190787511,0.24710171120185198,1159.2278410663125,3314.3134343981533,0.35305241917822794
yn_fa10c,2024,all,a13_tens,A13 이닝 x 점수차,중반|0-1점,31591,0.12461588831866575,0.4924503814377513,0.5002589373616712,0.00780855592391988,0.5484507599149583,0.2479677845798417,790.2676426079557,12369.843443097743,3.0416580715541404
yn_fa10c,2024,all,a13_tens,A13 이닝 x 점수차,중반|2-3점,28192,0.1112079745332476,0.4830093643586833,0.4962106499124113,0.013201285553728015,0.549898856376054,0.24788938526194607,729.61572224991,11035.433164794666,7.75825240840605
yn_fa10c,2024,all,a13_tens,A13 이닝 x 점수차,중반|4점+,25268,0.09967377626653308,0.47854994459395284,0.4871257581809216,0.008575813586968739,0.5532349192770424,0.24741383631910469,851.9915434460734,9871.892539843262,2.9344526094538494
yn_fa10c,2024,all,a13_tens,A13 이닝 x 점수차,후반|0-1점,25356,0.10002090672052448,0.4861965609717621,0.49062404508702206,0.00442748411525995,0.5478176889311634,0.24815859027126366,660.853582653842,9936.092458150564,0.7848747074185557
yn_fa10c,2024,all,a13_tens,A13 이닝 x 점수차,후반|2-3점,23832,0.09400923840367327,0.47394259818731116,0.4891053377693073,0.015162739581996154,0.5470123370635226,0.24776299797991738,624.90273865774,9324.005161546209,8.652097603167807
yn_fa10c,2024,all,a13_tens,A13 이닝 x 점수차,후반|4점+,34008,0.13415014181067977,0.47553516819571867,0.4788555470032887,0.0033203788075700236,0.5500900813285661,0.2475518863027401,741.6097776730801,13293.915058386776,0.5920548269089516
TEAM,2024,all,a1_count,A1 볼카운트,0-0,65317,0.25765363481087306,0.4862899398318967,0.4976217311703022,0.01133179133840545,0.5514553999468079,0.24786961672629362,777.5516218518242,25565.547175913984,13.244297723977686
TEAM,2024,all,a1_count,A1 볼카운트,0-1,31402,0.12387034677543421,0.5010508884784408,0.5061013033819485,0.005050414903507661,0.5535097489248675,0.24771208329228878,914.7289772313383,12283.158860424704,1.2647858339325126
TEAM,2024,all,a1_count,A1 볼카운트,0-2,16155,0.06372605095717278,0.49229340761374185,0.4975629793285405,0.005269571714798638,0.5299158494953267,0.2493268317054244,245.5690302643365,6360.357812543553,0.7083749069198327
TEAM,2024,all,a1_count,A1 볼카운트,1-0,26438,0.10428903343891885,0.4799152734700053,0.4933726893988818,0.013457415928876504,0.5556203427719821,0.24737393243549927,890.5054360640929,10327.331049871145,7.560621842572212
TEAM,2024,all,a1_count,A1 볼카운트,1-1,25313,0.09985128615777868,0.4862323707186031,0.50009971349566,0.013867342777056868,0.5593703366758391,0.24724750635634668,1025.9562813184186,9882.82503992413,7.686624895405912
TEAM,2024,all,a1_count,A1 볼카운트,1-2,24399,0.09624586303336792,0.497807287183901,0.49951868607593153,0.0017113988920305356,0.545348387781623,0.2483664783244612,651.498004000206,9569.088561811262,0.11284441972490958
TEAM,2024,all,a1_count,A1 볼카운트,2-0,9392,0.037048286635083055,0.47327512776831343,0.48640278743450055,0.01312765966618712,0.5444234873915472,0.2476655252654357,649.9592278940037,3673.0700340409753,2.555867112778819
TEAM,2024,all,a1_count,A1 볼카운트,2-1,13446,0.05303995550418726,0.47411869701026327,0.49039806974191186,0.01627937273164859,0.5587454307985392,0.24693305059975554,961.4190170698755,5242.976320298679,5.626962336781657
TEAM,2024,all,a1_count,A1 볼카운트,2-2,20640,0.0814178701179849,0.49064922480620154,0.49377484026525786,0.003125615459056319,0.5499679702703846,0.2479431696849938,788.0329402469632,8081.042847025769,0.3184097465079739
TEAM,2024,all,a1_count,A1 볼카운트,3-0,3214,0.012678150899186216,0.4819539514623522,0.46889028594315435,-0.013063665519197853,0.5745673368655938,0.24585527787434272,1529.6174431911336,1247.7597609961301,0.8661269348800017
TEAM,2024,all,a1_count,A1 볼카운트,3-1,6020,0.023746878784412263,0.4591362126245847,0.47061822799928027,0.011482015374695564,0.5625012222787187,0.245491247056449,1143.1973986293697,2333.6626258404144,1.2532517133298995
TEAM,2024,all,a1_count,A1 볼카운트,3-2,11771,0.04643264288560079,0.45697052077138733,0.46926874498977145,0.012298224218384113,0.5444356861302506,0.246830392370595,531.1624847126106,4587.9382173477425,2.81127765575281
TEAM,2024,all,a1b_phase,A1b 카운트 국면,초구 0-0,65317,0.25765363481087306,0.4862899398318967,0.4976217311703022,0.01133179133840545,0.5514553999468079,0.24786961672629362,777.5516218518242,25565.547175913984,13.244297723977686
TEAM,2024,all,a1b_phase,A1b 카운트 국면,투수우위 0-1,31402,0.12387034677543421,0.5010508884784408,0.5061013033819485,0.005050414903507661,0.5535097489248675,0.24771208329228878,914.7289772313383,12283.158860424704,1.2647858339325126
TEAM,2024,all,a1b_phase,A1b 카운트 국면,평행 1-1,25313,0.09985128615777868,0.4862323707186031,0.50009971349566,0.013867342777056868,0.5593703366758391,0.24724750635634668,1025.9562813184186,9882.82503992413,7.686624895405912
TEAM,2024,all,a1b_phase,A1b 카운트 국면,타자우위 1-0/2-0/2-1,49276,0.19437727557818915,0.4770679438266093,0.4912325389167589,0.014164595090149612,0.5544725055979146,0.24730920605136406,867.7913129253811,19243.377404210798,15.611669286201016
TEAM,2024,all,a1b_phase,A1b 카운트 국면,2스트라이크,61194,0.2413897841085256,0.49393731411576297,0.4970650563077123,0.0031277421919493342,0.5430951381278687,0.2484772313157815,594.4924146685681,24010.489221380587,0.9453144727684231
TEAM,2024,all,a1b_phase,A1b 카운트 국면,3볼,9234,0.03642502968359848,0.4670781893004115,0.47001679787491496,0.002938608574503454,0.5663959844466757,0.24561795217326846,1325.0253745899831,3581.422386836545,0.12591542068660558
TEAM,2024,all,a1b_phase,A1b 카운트 국면,풀카운트,11771,0.04643264288560079,0.45697052077138733,0.46926874498977145,0.012298224218384113,0.5444356861302506,0.246830392370595,531.1624847126106,4587.9382173477425,2.81127765575281
TEAM,2024,all,a2_li,A2 경기 중요도 li,li<0.10,28368,0.11190223544123042,0.47303299492385786,0.47688143837986413,0.0038484434560062675,0.5530079065404335,0.24721278128152616,826.403649219598,11074.017527936718,0.6634443590778676
TEAM,2024,all,a2_li,A2 경기 중요도 li,0.10-0.35,31697,0.1250340227291554,0.4814335741552828,0.4891156716469467,0.007682097491663875,0.5484876606186327,0.24778877495313464,747.636028233789,12402.38920583812,2.953815439877183
TEAM,2024,all,a2_li,A2 경기 중요도 li,0.35-0.70,56451,0.22268024157123867,0.48280809905936123,0.4974704557110433,0.014662356651682085,0.5537986609595548,0.2476063103313156,840.2446600396906,22071.85914136875,19.163938376894976
TEAM,2024,all,a2_li,A2 경기 중요도 li,0.70-1.20,64983,0.2563361169514057,0.4933751904344213,0.5001389334723356,0.006763743037914327,0.550892147776719,0.24792776022890517,811.4831255418898,25440.78347491611,4.69439386428538
TEAM,2024,all,a2_li,A2 경기 중요도 li,1.20-2.00,47218,0.1862591565518901,0.4910627303147105,0.5004498199050638,0.009387089590353281,0.5524688960317905,0.24780777254661704,845.2111098198212,18476.856226838514,6.570146916909688
TEAM,2024,all,a2_li,A2 경기 중요도 li,li>=2.00,24790,0.09778822675507974,0.48604275917708756,0.4960428499381479,0.010000090761060343,0.5552600473217474,0.24750858097955275,919.3621634322025,9688.852729140282,3.9146233095038765
TEAM,2024,all,a3_load,A3 전시즌 경기당 대비 등판 투구수,<0.25,46261,0.1824841128647335,0.49052117334255635,0.4967675912730549,0.006246417930498571,0.5494497847183502,0.24800798330345047,761.1409651441247,18116.998357121025,2.8502480727906696
TEAM,2024,all,a3_load,A3 전시즌 경기당 대비 등판 투구수,0.25-0.50,43301,0.1708079066850225,0.4870095378859611,0.4965733974208077,0.00956385953484662,0.5515752585312282,0.24777570982718514,822.7706038398286,16941.904242784185,6.254172731949154
TEAM,2024,all,a3_load,A3 전시즌 경기당 대비 등판 투구수,0.50-0.75,35948,0.14180279045549038,0.4893457215978636,0.49963158602493235,0.010285864427068747,0.5472440375394759,0.2482394508300371,659.1134821810174,14091.301344541776,6.0056759099932995
TEAM,2024,all,a3_load,A3 전시즌 경기당 대비 등판 투구수,0.75-1.00,28037,0.11059655157451273,0.4906730391982024,0.5012628686347126,0.010589829436510212,0.5569374104224811,0.2474923741784924,968.590488745269,10957.1834057986,4.964951835400727
TEAM,2024,all,a3_load,A3 전시즌 경기당 대비 등판 투구수,1.00-1.25,14289,0.05636530746685496,0.47882986913010006,0.4959438897836433,0.017114020653543227,0.5536680390986296,0.24745848759342615,838.8389709578225,5583.541625355419,6.608631063138151
TEAM,2024,all,a3_load,A3 전시즌 경기당 대비 등판 투구수,1.25-1.50,6780,0.026744823614338064,0.48348082595870207,0.48878794990562113,0.005307123946919068,0.5547752892185028,0.24748791586921615,896.6591404539037,2649.654572247551,0.30154610469896287
TEAM,2024,all,a3_load,A3 전시즌 경기당 대비 등판 투구수,>=1.50,17167,0.06771805117807397,0.471311236675016,0.47794548937498527,0.006634252699969256,0.5499194813470114,0.24734351103781357,735.7999146059835,6705.026460427414,1.1931196394051145
TEAM,2024,all,a3_load,A3 전시즌 경기당 대비 등판 투구수,전시즌없음,61724,0.24348045616097386,0.4842848810835331,0.49314494624551686,0.008860065161983732,0.556151262833879,0.24735587972637593,959.8102824680321,24109.14829776251,7.651268844022321
TEAM,2024,all,a3b_gp,A3b 등판 내 투구수,1-10,76617,0.30222834083476985,0.47788349844029393,0.4883281895844142,0.010444691144120277,0.5473221971344447,0.24781259267831254,680.638781816989,29981.55002965461,13.198419100675597
TEAM,2024,all,a3b_gp,A3b 등판 내 투구수,11-20,53275,0.21015198791354875,0.48247770999530737,0.4906784748298445,0.008200764834537133,0.5499978718329949,0.24774227646932745,781.2366077902255,20841.508506666112,5.6576716948181245
TEAM,2024,all,a3b_gp,A3b 등판 내 투구수,21-35,39529,0.15592863313439076,0.48850211237319435,0.49507193342963196,0.006569821056437608,0.5554514882338754,0.24753068211334864,935.3412004481698,15450.780897815535,2.694191594640013
TEAM,2024,all,a3b_gp,A3b 등판 내 투구수,36-60,41814,0.16494219094541768,0.49347108623905866,0.5011703311941396,0.007699244955080897,0.5547531655400115,0.2475725314325026,954.0994215359477,16346.686732244767,3.9140246530281284
TEAM,2024,all,a3b_gp,A3b 등판 내 투구수,61-80,26329,0.10385906503567949,0.4956132021725094,0.5049936841078819,0.009380481935372498,0.5524930244389313,0.24792310258536807,823.1247286142884,10307.585129667146,3.6583919691411735
TEAM,2024,all,a3b_gp,A3b 등판 내 투구수,81+,15943,0.06288978213619348,0.4967697422066111,0.5121556107167418,0.015385868510130685,0.5621462506153395,0.24733104500132247,1063.4525599675148,6226.647009990315,5.9596347919974315
TEAM,2024,all,a4_prevp,A4 전시즌 투구수,없음,61724,0.24348045616097386,0.4842848810835331,0.49314494624551686,0.008860065161983732,0.556151262833879,0.24735587972637593,959.8102824680321,24109.14829776251,7.651268844022321
TEAM,2024,all,a4_prevp,A4 전시즌 투구수,1-200,18380,0.07250292891320555,0.45250272034820455,0.4655152459165521,0.013012525568347533,0.5330253836324722,0.24708679640627187,265.2786735725998,7171.344953407635,4.914442594074967
TEAM,2024,all,a4_prevp,A4 전시즌 투구수,201-600,31140,0.12283684474195979,0.46149646756583174,0.47194431860661357,0.01044785104078183,0.5357129256841042,0.24767974267007353,337.09311988543436,12179.085060244697,5.367574981866905
TEAM,2024,all,a4_prevp,A4 전시즌 투구수,601-1200,69766,0.27520344605868874,0.48806008657512256,0.49358695284120346,0.005526866266080899,0.5482857446631108,0.2480791827525111,711.708134767941,27330.005166503703,3.3651722841801637
TEAM,2024,all,a4_prevp,A4 전시즌 투구수,1201-2000,28911,0.1140441881289274,0.5086299332434021,0.5202785565387518,0.011648623295349658,0.5513515296346473,0.2479271840196463,799.5742885994583,11318.603044238222,6.194665824546876
TEAM,2024,all,a4_prevp,A4 전시즌 투구수,2001-2600,23910,0.09431692221516566,0.4913007109995818,0.503201960346972,0.011901249347390175,0.5607206868206255,0.24724318382159413,1072.780161553988,9334.895729066307,5.347739607960125
TEAM,2024,all,a4_prevp,A4 전시즌 투구수,2601+,19676,0.07761521378107902,0.5158060581418987,0.5256013624848714,0.00979530434297271,0.5438391086074548,0.24820263986272434,619.6306782989769,7711.676054815421,2.98111170609273
TEAM,2024,all,a5_asofn,A5 투수 누적 이력,0-99,7915,0.031222017537977254,0.4578648136449779,0.47084837304836474,0.012983559403386857,0.5422393139704592,0.24687599202519603,543.3119457078917,3085.5695847940515,2.106900496258618
TEAM,2024,all,a5_asofn,A5 투수 누적 이력,100-499,24122,0.09515319103614496,0.46882513887737337,0.47788950978479683,0.009064370907423458,0.5450617984678592,0.2474184490592271,646.3844014191533,9424.340331491474,3.1296387990592973
TEAM,2024,all,a5_asofn,A5 투수 누적 이력,500-1499,46761,0.1844564449896847,0.4740275015504373,0.48309364999236815,0.009066148441930821,0.5507187290370353,0.24736672027858733,785.6033983410948,18265.460619420595,6.069249747221307
TEAM,2024,all,a5_asofn,A5 투수 누적 이력,1500-3999,80756,0.31855530616511574,0.48610629550745454,0.49350215203133935,0.007395856523884803,0.5526580524257209,0.24762626393268108,872.9544602596894,31577.451172280398,6.975210556260083
TEAM,2024,all,a5_asofn,A5 투수 누적 이력,4000-7999,54350,0.21439250198219378,0.49236430542778287,0.5043247481714692,0.01196044274368635,0.5470632448445663,0.24836659701153388,630.1866319274319,21315.636373025074,12.277208426645034
TEAM,2024,all,a5_asofn,A5 투수 누적 이력,8000+,39603,0.15622053828888355,0.5079413175769513,0.515980589753608,0.008039272176656787,0.5546369594862651,0.2476361372467635,920.5515079252158,15486.300225026898,4.041728326088899
TEAM,2024,all,a6_psucc,A6 투수 수준 5분위,Q1 최저,64207,0.25327505749348145,0.4478327908172006,0.4567604385871223,0.008927647769921665,0.5359014854827182,0.24639825773704505,356.0051747686588,24981.906508702516,8.08094295085438
TEAM,2024,all,a6_psucc,A6 투수 수준 5분위,Q2,57443,0.2265933485071418,0.4768030917605278,0.48310347601763126,0.006300384257103442,0.5330446052922768,0.24855618539931656,363.06868355202585,22545.883364005913,3.600615577713835
TEAM,2024,all,a6_psucc,A6 투수 수준 5분위,Q3,52870,0.2085543988923383,0.49031586911291847,0.5025966533500182,0.012280784237099773,0.5415327861057944,0.2486130130953132,517.4759259780393,20755.76453225678,12.591198787116545
TEAM,2024,all,a6_psucc,A6 투수 수준 5분위,Q4,43880,0.173091867285716,0.5142433910665452,0.5248903535164714,0.010646962449926245,0.5458665551843116,0.2482643037450633,613.6267824884301,17202.29798009534,7.854592007099411
TEAM,2024,all,a6_psucc,A6 투수 수준 5분위,Q5 최고,35026,0.1381658100170804,0.5300919317078742,0.5372595858353999,0.0071676541275257355,0.5589419674066973,0.24655225960802812,1020.5830665118709,13636.56849013257,2.8415165629359227
TEAM,2024,all,a7_inning,A7 이닝,1-3회,85260,0.336322073946676,0.49460473844710295,0.5024942320874878,0.007889493640384826,0.5550133753943703,0.24760580541857746,946.144458377307,33335.86425355207,8.380099144919537
TEAM,2024,all,a7_inning,A7 이닝,4-6회,85051,0.33549763911844643,0.4851912381982575,0.4963120775234363,0.011120839325178822,0.5526077521294027,0.24771563144347378,826.7528778967859,33268.8971442872,16.609636345628747
TEAM,2024,all,a7_inning,A7 이닝,7-8회,58238,0.2297293565858142,0.4760980802912188,0.4843355091491178,0.00823742885789902,0.5469768931963763,0.2477543460153024,671.2748896921971,22784.174658554788,6.240154944295629
TEAM,2024,all,a7_inning,A7 이닝,9회+,24958,0.09845093034906334,0.4835323343216604,0.4920594129546765,0.008527078633016105,0.5515093806418401,0.24779552969048693,774.1542716957816,9765.822249644438,2.8656020801569726
TEAM,2024,all,a8_hand,A8 손 매치업,1v1,30493,0.12028464697227295,0.453841865346145,0.47116665601298136,0.017324790666836343,0.5528117562714235,0.24604039549024317,737.9010554399935,11847.102278823475,14.452457900951968
TEAM,2024,all,a8_hand,A8 손 매치업,1v2,41337,0.16306058609821425,0.5069550281829838,0.5061252086971835,-0.0008298194858002983,0.5537783263755782,0.24775813164208005,877.5681767328014,16172.324234823613,0.044948145692842875
TEAM,2024,all,a8_hand,A8 손 매치업,2v1,89268,0.3521322882602847,0.49815163328404355,0.5025412700734763,0.004389636789432716,0.5457389299209213,0.24821144346395155,714.0657889201595,34988.32666255302,2.7161799959712374
TEAM,2024,all,a8_hand,A8 손 매치업,2v2,92409,0.36452247866922804,0.47578699044465367,0.4912098416056418,0.015422851160988127,0.5499829721764545,0.2477151010251002,681.0487706616964,36147.005129838384,34.70956517355974
TEAM,2024,all,a9_batn,A9 타자 누적 이력,0-99,6710,0.0264686971168449,0.45424739195231,0.48022556111860515,0.02597816916629514,0.5478704285052844,0.246666719389001,500.17989572339604,2613.5971364276156,7.15064419701338
TEAM,2024,all,a9_batn,A9 타자 누적 이력,100-499,17316,0.06830580615130943,0.474994224994225,0.4841431205329054,0.009148895538680424,0.5438563340810361,0.24793362533005667,577.8797213537912,6779.358110703811,2.288708500017151
TEAM,2024,all,a9_batn,A9 타자 누적 이력,500-1499,32038,0.12637915323837212,0.48355078344465946,0.4911559839845506,0.007605200539891166,0.547393727020499,0.24798844474802692,697.1459365336385,12545.91698759004,2.926121164586433
TEAM,2024,all,a9_batn,A9 타자 누적 이력,1500-3999,60091,0.23703881944088329,0.4875938160456641,0.49324488438412784,0.005651068338463738,0.5551723493512299,0.24748929940963543,943.2956193673903,23483.96504370237,3.0302336561675087
TEAM,2024,all,a9_batn,A9 타자 누적 이력,4000+,137352,0.5418075240525903,0.48900634865163956,0.4991632986115736,0.010156949959934047,0.5531084563703603,0.2477375352828063,857.0560753471512,53731.921027614655,22.375213136239907
TEAM,2024,all,a10_base,A10 주자 상황,___,131633,0.5192479892073986,0.48431624288742187,0.49536853760743654,0.011052294720014677,0.5504542382229364,0.24785271866085062,761.2694697720857,51518.59776471818,25.390734334450645
TEAM,2024,all,a10_base,A10 주자 상황,1__,50798,0.20038105456654057,0.48958620418126697,0.4966397955056366,0.0070535913243696124,0.5520151439754543,0.2476992570202066,877.2988968125728,19869.04005483461,3.990917669459097
TEAM,2024,all,a10_base,A10 주자 상황,_2_,20024,0.07898795694004505,0.49330803036356374,0.49483869180347123,0.001530661439907488,0.5561091422190862,0.24753613829804752,967.8050604914001,7826.994265866537,0.07408233929661456
TEAM,2024,all,a10_base,A10 주자 상황,__3,6671,0.026314855211098706,0.4994753410283316,0.5029196919340969,0.0034443509057653365,0.5562678800181349,0.24751439728938684,994.1320720378011,2607.335838078634,0.12497158817872638
TEAM,2024,all,a10_base,A10 주자 상황,12_,21934,0.08652226565735857,0.48080605452721803,0.49225072452133134,0.01144466999411331,0.5555724362354936,0.24734494078429425,916.010529911515,8566.954068642857,4.536594432604435
TEAM,2024,all,a10_base,A10 주자 상황,1_3,8472,0.033419195525172876,0.4884324834749764,0.49736389430325556,0.00893141082827914,0.5506625035714102,0.2480053153728741,744.7494875128302,3317.8175774915853,1.0671651835159863
TEAM,2024,all,a10_base,A10 주자 상황,_23,5567,0.02195994587920649,0.48661756781031074,0.48972919227401995,0.003111624463709217,0.5518950258075033,0.2476329473827453,875.812645742069,2176.883640911974,0.08511402792107006
TEAM,2024,all,a10_base,A10 주자 상황,123,8408,0.033166737013179126,0.4764509990485252,0.48837392405524577,0.011922925006720542,0.5655925471175336,0.24637702674427933,1230.0957491494735,3271.135095494092,1.8873997591437999
TEAM,2024,all,a11_typemo,A11 game_type x 월블록,R|early,87355,0.3445861455502215,0.4950603857821533,0.5016963615754276,0.006635975793274351,0.5576658654904127,0.24743864281525912,1014.8820100739808,34131.93112571338,6.0743934972585265
TEAM,2024,all,a11_typemo,A11 game_type x 월블록,R|mid,68816,0.27145601502128147,0.49006045105789353,0.49860173502556443,0.008541283967670898,0.5551433686423431,0.2475557594520832,938.5492604172985,26900.975416848964,7.92759243537185
TEAM,2024,all,a11_typemo,A11 game_type x 월블록,R|late,67326,0.2655784652889269,0.4823990731663845,0.4949105923607183,0.012511519194333853,0.5444799682440967,0.24829134829678895,560.2378613551729,26396.720091504758,16.642113263247865
TEAM,2024,all,a11_typemo,A11 game_type x 월블록,F|early,11672,0.04604212112486046,0.465301576422207,0.4807684240480582,0.01546684762585121,0.5345495783123058,0.2481539851092689,258.056496841208,4573.746608372344,4.409145804244061
TEAM,2024,all,a11_typemo,A11 game_type x 월블록,F|mid,8768,0.034586816143143975,0.43909671532846717,0.46373380074089254,0.024637085412425375,0.5436910791526489,0.24546249032087084,336.3096101275831,3398.5310707704484,8.403975294816098
TEAM,2024,all,a11_typemo,A11 game_type x 월블록,F|late,9570,0.03775043687156568,0.4704284221525601,0.4604688327033033,-0.00995958944925679,0.5340471760862575,0.2483385624661696,315.888678048315,3752.8539928285886,1.4989956699024067
TEAM,2024,all,a12_role,A12 투수 역할(전시즌),불펜(<30구/경기),92356,0.3643134114639832,0.4758976135822253,0.4857860153608089,0.009888401778583578,0.5479263522094872,0.24770263355472344,688.1756796100702,36124.45524650853,14.260110499076744
TEAM,2024,all,a12_role,A12 투수 역할(전시즌),스윙(30-70),37096,0.1463312650143783,0.4808604701315506,0.4869667692043984,0.006106299072847821,0.5406981686798407,0.24843272353923254,481.0868729318907,14552.62877552509,2.1841818455716013
TEAM,2024,all,a12_role,A12 투수 역할(전시즌),선발(>=70),62331,0.2458748673606646,0.5061526367297171,0.5161700562552602,0.010017419525543136,0.5557860910619807,0.24758230280147794,952.081067799615,24368.52598624236,9.876916599263968
TEAM,2024,all,a12_role,A12 투수 역할(전시즌),전시즌없음,61724,0.24348045616097386,0.4842848810835331,0.49314494624551686,0.008860065161983732,0.556151262833879,0.24735587972637593,959.8102824680321,24109.14829776251,7.651268844022321
TEAM,2024,all,a13_tens,A13 이닝 x 점수차,초반|0-1점,56713,0.22371374360471308,0.4945603300830497,0.504322361986264,0.009762031903214285,0.5550520878265154,0.2475747099898028,958.3934360375856,22171.46894713357,8.534314322532202
TEAM,2024,all,a13_tens,A13 이닝 x 점수차,초반|2-3점,20053,0.07910235220329222,0.49264449209594574,0.5004601596667505,0.007815667570804763,0.5518999970410594,0.24802805612614579,767.3022058599654,7853.906577654654,1.9342699255127063
TEAM,2024,all,a13_tens,A13 이닝 x 점수차,초반|4점+,8494,0.033505978138670726,0.4995290793501295,0.49509024377853517,-0.004438835571594357,0.563028050185527,0.24681655672694008,1273.289732211391,3310.488728763852,0.2642749136940381
TEAM,2024,all,a13_tens,A13 이닝 x 점수차,중반|0-1점,31591,0.12461588831866575,0.4924503814377513,0.5024722964352896,0.010021914997538295,0.5527388812176453,0.2477959170531005,859.0303303006808,12361.269851966366,5.010376606042058
TEAM,2024,all,a13_tens,A13 이닝 x 점수차,중반|2-3점,28192,0.1112079745332476,0.4830093643586833,0.49693605148989967,0.013926687131216364,0.5498684761291852,0.2479275352190468,714.3380979273917,11037.131508196422,8.63429917197597
TEAM,2024,all,a13_tens,A13 이닝 x 점수차,중반|4점+,25268,0.09967377626653308,0.47854994459395284,0.48791416119816755,0.009364216604214715,0.5539802706170323,0.2473788301954655,866.0198107986461,9870.495784124407,3.498801769640121
TEAM,2024,all,a13_tens,A13 이닝 x 점수차,후반|0-1점,25356,0.10002090672052448,0.4861965609717621,0.49215193487033415,0.005955373898572036,0.5474045182870738,0.2481575990536033,661.2503721270091,9936.052770504415,1.4200524224783657
TEAM,2024,all,a13_tens,A13 이닝 x 점수차,후반|2-3점,23832,0.09400923840367327,0.47394259818731116,0.4903741574999154,0.01643155931260426,0.5456346849447813,0.247920014957904,561.9249026357243,9329.914143618329,10.160699688587224
TEAM,2024,all,a13_tens,A13 이닝 x 점수차,후반|4점+,34008,0.13415014181067977,0.47553516819571867,0.4799443903857611,0.004409222190042417,0.5519138959315859,0.24736781213756823,815.4161444487995,13284.029994076478,1.044024351093611
sj_stdmlp,2024,R,a1_count,A1 볼카운트,0-0,57385,0.25675959856284425,0.4901629345647817,0.4887620099365213,-0.0014009246282604138,0.5521785746810182,0.24779829780212909,842.2997667690723,25460.626803868756,0.20165096882515385
sj_stdmlp,2024,R,a1_count,A1 볼카운트,0-1,27768,0.12424327843326756,0.5087510803802938,0.4977984010754903,-0.010952679304803536,0.5516281095936785,0.24787488766250612,819.6634557941507,12323.938360285756,5.964275972511269
sj_stdmlp,2024,R,a1_count,A1 볼카운트,0-2,14321,0.06407692273274361,0.49298233363591926,0.4887719005238494,-0.004210433112069867,0.5318096056661905,0.24932137655531647,251.7999236035573,6393.007989986123,0.45456843582820755
sj_stdmlp,2024,R,a1_count,A1 볼카운트,1-0,23181,0.1037195130135975,0.48367197273629264,0.48392190663946844,0.0002499339031757919,0.558558794128261,0.2471341347314737,1040.8142606360916,10257.39992862707,0.0025927156937178056
sj_stdmlp,2024,R,a1_count,A1 볼카운트,1-1,22332,0.09992080430609807,0.4881783987103708,0.4915955138778469,0.0034171151674761147,0.5617455392374248,0.2468974152961885,1185.7966402453624,9872.259191580935,0.4668950158879407
sj_stdmlp,2024,R,a1_count,A1 볼카운트,1-2,21751,0.09732121683959964,0.4995632384717944,0.4912424785855788,-0.008320759886215612,0.548016032951964,0.24827071328145028,691.6389109167809,9668.900850170076,2.696358251147772
sj_stdmlp,2024,R,a1_count,A1 볼카운트,2-0,8177,0.03658662084949686,0.4751131221719457,0.47828770176396795,0.0031745795920222752,0.5515265898304109,0.24713100986562178,902.0882360686877,3618.208820558232,0.14754986763737932
sj_stdmlp,2024,R,a1_count,A1 볼카운트,2-1,11832,0.05294030792359629,0.47777214334009466,0.4802665355388509,0.0024943921987562456,0.5599533431070075,0.24671195056936546,1119.8018035792345,5226.617693810852,0.13181354088833935
sj_stdmlp,2024,R,a1_count,A1 볼카운트,2-2,18384,0.0822561376662774,0.4939621409921671,0.4845024344664412,-0.00945970652572592,0.5524533501163694,0.2479296494329434,813.6765829956261,8160.952762845519,2.945558986926128
sj_stdmlp,2024,R,a1_count,A1 볼카운트,3-0,2736,0.01224177505738332,0.48757309941520466,0.4622707087560811,-0.02530239065912354,0.5869009147352144,0.24531898941012895,1811.752232757846,1201.7652625222438,3.1362566345448992
sj_stdmlp,2024,R,a1_count,A1 볼카운트,3-1,5227,0.023387338532508267,0.46374593457049934,0.46140083000587,-0.00234510456462933,0.5692461459845592,0.24517770463591254,1410.5913253668834,2294.594040796541,0.05146942429593854
sj_stdmlp,2024,R,a1_count,A1 볼카운트,3-2,10403,0.04654648608258724,0.4590983370181678,0.4583380284664358,-0.0007603085517320363,0.5520180206166786,0.2463520355014739,795.329559268454,4588.673317035634,0.010767397236611536
sj_stdmlp,2024,R,a1b_phase,A1b 카운트 국면,초구 0-0,57385,0.25675959856284425,0.4901629345647817,0.4887620099365213,-0.0014009246282604138,0.5521785746810182,0.24779829780212909,842.2997667690723,25460.626803868756,0.20165096882515385
sj_stdmlp,2024,R,a1b_phase,A1b 카운트 국면,투수우위 0-1,27768,0.12424327843326756,0.5087510803802938,0.4977984010754903,-0.010952679304803536,0.5516281095936785,0.24787488766250612,819.6634557941507,12323.938360285756,5.964275972511269
sj_stdmlp,2024,R,a1b_phase,A1b 카운트 국면,평행 1-1,22332,0.09992080430609807,0.4881783987103708,0.4915955138778469,0.0034171151674761147,0.5617455392374248,0.2468974152961885,1185.7966402453624,9872.259191580935,0.4668950158879407
sj_stdmlp,2024,R,a1b_phase,A1b 카운트 국면,타자우위 1-0/2-0/2-1,43190,0.19324644178669065,0.4804352859458208,0.4818538065207031,0.0014185205748822871,0.5577677512187789,0.24701788478856712,1041.3292620435554,19102.226442996158,0.15560619001713222
sj_stdmlp,2024,R,a1b_phase,A1b 카운트 국면,2스트라이크,54456,0.24365427723862065,0.4959416776847363,0.4883173625376088,-0.0076243151471274695,0.545452491856085,0.2484318788271034,620.701368909371,24222.861603001715,5.667868983548339
sj_stdmlp,2024,R,a1b_phase,A1b 카운트 국면,3볼,7963,0.035629113589891584,0.4719326886851689,0.4616997108624037,-0.010232977822765221,0.5753082286919889,0.2452262485442707,1599.4309567769594,3496.359303318784,1.492977174285316
sj_stdmlp,2024,R,a1b_phase,A1b 카운트 국면,풀카운트,10403,0.04654648608258724,0.4590983370181678,0.4583380284664358,-0.0007603085517320363,0.5520180206166786,0.2463520355014739,795.329559268454,4588.673317035634,0.010767397236611536
sj_stdmlp,2024,R,a2_li,A2 경기 중요도 li,li<0.10,24526,0.10973749088354653,0.47439452010111716,0.4674104389432705,-0.0069840811578466555,0.5574351033659398,0.24696695916588127,953.4606032378323,10845.209973238927,2.141991115554202
sj_stdmlp,2024,R,a2_li,A2 경기 중요도 li,0.10-0.35,28107,0.12576007731647404,0.48411427758209696,0.4798319795771654,-0.004282298004931573,0.552112857732962,0.24760872854305538,856.4306143042488,12460.998110760142,0.9228702649766808
sj_stdmlp,2024,R,a2_li,A2 경기 중요도 li,0.35-0.70,49973,0.2235958424497868,0.4868028735517179,0.48856897448618086,0.0017661009344629441,0.5558402466567188,0.24736464922594972,985.1609699012554,22133.26293377336,0.2790865127075068
sj_stdmlp,2024,R,a2_li,A2 경기 중요도 li,0.70-1.20,57499,0.2572696725235685,0.49818257708829716,0.4915211984987423,-0.006661378589554845,0.5506722687865743,0.24798668149081474,804.016816012032,25530.60080650618,4.56836622228541
sj_stdmlp,2024,R,a2_li,A2 경기 중요도 li,1.20-2.00,41631,0.18627095665713633,0.49482356897504265,0.4920284293733438,-0.0027951396016988594,0.5537931754003452,0.24768013687307813,917.3253960499617,18462.07064379599,0.5823663007964144
sj_stdmlp,2024,R,a2_li,A2 경기 중요도 li,li>=2.00,21761,0.09736596016948773,0.48867239557005654,0.48643216256999205,-0.0022402330000644843,0.558441691687263,0.24728147565162575,1036.6159424329612,9634.802554013131,0.1955409028749212
sj_stdmlp,2024,R,a3_load,A3 전시즌 경기당 대비 등판 투구수,<0.25,42782,0.1914209139272563,0.49216960403908183,0.486197889938802,-0.005971714100279857,0.5510897331038099,0.2479380659204868,800.443908639481,18992.26139291149,2.731690451703908
sj_stdmlp,2024,R,a3_load,A3 전시즌 경기당 대비 등판 투구수,0.25-0.50,39845,0.17827979793912221,0.4886434935374577,0.486086749128964,-0.002556744408493683,0.553445606738068,0.2475949571402348,910.8989637209075,17663.95755913382,0.46635952066513786
sj_stdmlp,2024,R,a3_load,A3 전시즌 경기당 대비 등판 투구수,0.50-0.75,33206,0.14857470122641467,0.48979100162621214,0.4892779327720906,-0.0005130688541215567,0.5495472843228972,0.24800767478868027,755.5556124576701,14745.3155398611,0.015650933752114782
sj_stdmlp,2024,R,a3_load,A3 전시즌 경기당 대비 등판 투구수,0.75-1.00,26002,0.11634160637502965,0.49323128990077686,0.49104953124601836,-0.0021817586547585033,0.5596632977805116,0.24718837700993432,1106.525805313996,11508.194317508143,0.22161163365330058
sj_stdmlp,2024,R,a3_load,A3 전시즌 경기당 대비 등판 투구수,1.00-1.25,12785,0.05720434726193193,0.47931169339069224,0.4869044127961729,0.007592719405480675,0.5576092922858249,0.2468772963331059,1079.727574265077,5651.376890388395,1.3196775230442848
sj_stdmlp,2024,R,a3_load,A3 전시즌 경기당 대비 등판 투구수,1.25-1.50,5772,0.025825850011409548,0.4883922383922384,0.48033367079919953,-0.008058567593038857,0.5569568263922416,0.24761234895181314,901.6503213821303,2559.0042603016354,0.6711419954862242
sj_stdmlp,2024,R,a3_load,A3 전시즌 경기당 대비 등판 투구수,>=1.50,12990,0.05812158552463791,0.47913779830638953,0.4707536463043155,-0.008384152002074041,0.5556933930578342,0.24729777339294445,908.3794803282808,5751.773076617573,1.6349324891762786
sj_stdmlp,2024,R,a3_load,A3 전시즌 경기당 대비 등판 투구수,전시즌없음,50115,0.22423119773419778,0.4921081512521201,0.48687898111269867,-0.005229170139421424,0.558237220678968,0.24735246410531417,1034.359532139306,22195.061985365566,2.4536107523276156
sj_stdmlp,2024,R,a3b_gp,A3b 등판 내 투구수,1-10,67227,0.30079598383870926,0.4802980945155964,0.4783549428708048,-0.0019431516447915853,0.5506910095383505,0.24757931580914797,814.2719321721281,29800.975207501433,0.4544954154786746
sj_stdmlp,2024,R,a3b_gp,A3b 등판 내 투구수,11-20,46277,0.20705870772314616,0.48505737191261317,0.4812253883289487,-0.003831983583664489,0.5534371120214706,0.2475207713507593,903.185266568518,20509.22423180506,1.216703796955128
sj_stdmlp,2024,R,a3b_gp,A3b 등판 내 투구수,21-35,33726,0.1509013543805957,0.49323963707525353,0.48696955730885977,-0.006270079766393766,0.5569857892361645,0.2474986293731976,982.4468491067439,14945.485250275713,2.3740144266974834
sj_stdmlp,2024,R,a3b_gp,A3b 등판 내 투구수,36-60,36847,0.16486574763867076,0.49854805004477976,0.4933810122466844,-0.005167037798095353,0.5546274261319573,0.2475876543516211,964.1031258120325,16334.412022013075,1.7613992124155806
sj_stdmlp,2024,R,a3b_gp,A3b 등판 내 투구수,61-80,24208,0.10831465299310505,0.4995869134170522,0.49637744501320585,-0.0032094684038463384,0.5523155334394363,0.24789274261381833,842.8352735500799,10744.720171938236,0.44647537037092655
sj_stdmlp,2024,R,a3b_gp,A3b 등판 내 투구수,81+,15212,0.06806355342577305,0.5004601630291875,0.5028254526621211,0.002365289632933587,0.5607879229859191,0.24716881220472703,1132.3913772393723,6732.128138554212,0.15237978613981668
sj_stdmlp,2024,R,a4_prevp,A4 전시즌 투구수,없음,50115,0.22423119773419778,0.4921081512521201,0.48687898111269867,-0.005229170139421424,0.558237220678968,0.24735246410531417,1034.359532139306,22195.061985365566,2.4536107523276156
sj_stdmlp,2024,R,a4_prevp,A4 전시즌 투구수,1-200,12654,0.056618209640397855,0.44823771139560614,0.45687804700935153,0.008640335613745387,0.5403782353494923,0.2461427498073515,476.2706217069534,5576.828184450524,1.6914588647446585
sj_stdmlp,2024,R,a4_prevp,A4 전시즌 투구수,201-600,24568,0.10992541286907655,0.46271572777596875,0.4592166607760304,-0.0034990669999383495,0.5377787529588638,0.2475323908258029,433.406832313088,10888.654717123554,0.5385756405850768
sj_stdmlp,2024,R,a4_prevp,A4 전시즌 투구수,601-1200,65402,0.29263032613413154,0.4888076817222715,0.4824772890144894,-0.006330392707782129,0.5510801333310533,0.24792722400145867,779.3937363867465,29032.713834302675,4.69272084942038
sj_stdmlp,2024,R,a4_prevp,A4 전시즌 투구수,1201-2000,27214,0.121764497957467,0.5108400088189903,0.5086706496047018,-0.002169359214288513,0.5508507504972998,0.2478036653274676,831.9225754163995,12074.59277405819,0.2293124891170213
sj_stdmlp,2024,R,a4_prevp,A4 전시즌 투구수,2001-2600,23868,0.10679337977690975,0.4912854030501089,0.4917244699689976,0.00043906691888867533,0.5605654595052412,0.24712034982752656,1121.8231728433614,10560.80261726095,0.00823853230862679
sj_stdmlp,2024,R,a4_prevp,A4 전시즌 투구수,2601+,19676,0.08803697588781953,0.5158060581418987,0.5132513840185833,-0.002554674123315448,0.5450430446326641,0.24803747325330688,685.7634102175325,8738.290909526268,0.22992183572784838
sj_stdmlp,2024,R,a5_asofn,A5 투수 누적 이력,0-99,3959,0.017713884302697575,0.47082596615306893,0.46451702598417643,-0.006308940168892496,0.5563089616601965,0.24661250472074206,1018.0142377645196,1748.127006915856,0.2821439263342494
sj_stdmlp,2024,R,a5_asofn,A5 투수 누적 이력,100-499,17177,0.0768556177487841,0.47610176398672643,0.4703139434016855,-0.005787820585040959,0.5509116104881738,0.24740678538991517,810.6875882306075,7609.065253285184,1.030267078005464
sj_stdmlp,2024,R,a5_asofn,A5 투수 누적 이력,500-1499,39741,0.177814467308286,0.4760323092020835,0.4731964918973679,-0.0028358173047156043,0.5529038603591403,0.24720964430133607,888.403573040375,17590.435314480557,0.5722261150801886
sj_stdmlp,2024,R,a5_asofn,A5 투수 누적 이력,1500-3999,72150,0.32282312514261935,0.4888704088704089,0.4837471933880586,-0.005123215482350285,0.5557979869221399,0.24742342327012648,981.5699120818256,31963.14707883798,3.390735921402114
sj_stdmlp,2024,R,a5_asofn,A5 투수 누적 이력,4000-7999,51095,0.22861604406323127,0.49345337117134747,0.4930481303260718,-0.0004052408452756562,0.5480585160970529,0.2481841409143562,709.3218961110259,22705.173052987622,0.015023710800345771
sj_stdmlp,2024,R,a5_asofn,A5 투수 누적 이력,8000+,39375,0.17617686143438166,0.5080126984126984,0.5048610779623601,-0.003151620450338233,0.555322689620509,0.24752969031921027,962.6897695531378,17450.997315580527,0.7002623436952002
sj_stdmlp,2024,R,a6_psucc,A6 투수 수준 5분위,Q1 최저,54380,0.24331422793147112,0.44887826406767195,0.4436268781495207,-0.0052513859181512745,0.5385488602080163,0.24629552632642662,441.02709259880027,23981.045502286077,2.685093790083427
sj_stdmlp,2024,R,a6_psucc,A6 투수 수준 5분위,Q2,52532,0.2350456605681508,0.4778230411939389,0.4716805190276966,-0.006142522166242337,0.5337278704957567,0.2485403062516053,387.9136294523189,23377.235459371936,3.548867515225032
sj_stdmlp,2024,R,a6_psucc,A6 투수 수준 5분위,Q3,48603,0.21746600625511753,0.4926239121041911,0.49143489442763305,-0.0011890176765580462,0.5427044288986017,0.24844386546403668,600.8219002084259,21620.400808775845,0.12303030067521338
sj_stdmlp,2024,R,a6_psucc,A6 투수 수준 5분위,Q4,40380,0.18067356608813542,0.5184744923229322,0.5184863041250727,1.1811802140493377e-05,0.544449878380538,0.24813908020108266,608.6761543349195,17940.472176481653,1.008720920432546e-05
sj_stdmlp,2024,R,a6_psucc,A6 투수 수준 5분위,Q5 최고,27565,0.12333498883653919,0.5456557228369309,0.5424797098965938,-0.003176012940337092,0.5536452572061575,0.24579162022463488,856.7170171473571,12131.023823904008,0.4978458711951542
sj_stdmlp,2024,R,a7_inning,A7 이닝,1-3회,75125,0.3361342657843282,0.4996206322795341,0.4943600437659586,-0.005260588513575526,0.5565026297627382,0.24747274968667807,1010.8431393034856,33287.735753276225,3.722421398778595
sj_stdmlp,2024,R,a7_inning,A7 이닝,4-6회,74465,0.3331812060117138,0.48851138118579196,0.4881510787465198,-0.0003603024392721532,0.5533405264654296,0.2476362956481341,893.1579416589175,33017.0965038344,0.01730848216621007
sj_stdmlp,2024,R,a7_inning,A7 이닝,7-8회,51708,0.2313588101853716,0.4783785874526186,0.473795485875129,-0.00458310157748959,0.5504412042750865,0.24758865329998056,779.0011747442427,22922.441030305607,1.9446842291836908
sj_stdmlp,2024,R,a7_inning,A7 이닝,9회+,22199,0.09932571801858638,0.4865534483535294,0.48238574316383565,-0.004167705189693782,0.5553215025176144,0.2475567727286614,905.6219892090933,9839.671734671505,0.6903984046096072
sj_stdmlp,2024,R,a8_hand,A8 손 매치업,1v1,28390,0.1270263135523072,0.45808383233532934,0.4607400348493747,0.0026562025140453582,0.5525092833847935,0.246159711468628,839.2273405038563,12512.807206321191,0.3586411725667781
sj_stdmlp,2024,R,a8_hand,A8 손 매치업,1v2,37565,0.16807831872463613,0.5074936776254492,0.49738416820726317,-0.010109509418186002,0.559657814597267,0.24734624530433383,1039.2732389292614,16636.466958057426,6.8741015242506744
sj_stdmlp,2024,R,a8_hand,A8 손 매치업,2v1,80544,0.3603806762506879,0.4998758442590385,0.49524793913488435,-0.004627905124154175,0.5507746309979056,0.247887658701998,844.9304054388151,35748.71914218648,3.088691082662582
sj_stdmlp,2024,R,a8_hand,A8 손 매치업,2v2,76998,0.34451469147236874,0.4820514818566716,0.4810848409717486,-0.0009666408849230423,0.5493045895922188,0.24784480716828447,734.1634522489593,34168.95171552262,0.1288196607758596
sj_stdmlp,2024,R,a9_batn,A9 타자 누적 이력,0-99,1821,0.00814776037262245,0.4684239428885228,0.48513801146872726,0.016714068580204466,0.5577797854921376,0.24641707246022168,1038.493772821014,803.4394009624185,0.910849641704577
sj_stdmlp,2024,R,a9_batn,A9 타자 누적 이력,100-499,9837,0.04401401361092095,0.48459896309850564,0.4847578280457229,0.0001588649472172854,0.5488338424631207,0.24783512954571824,771.8036690872232,4365.137451791439,0.0004445199157936679
sj_stdmlp,2024,R,a9_batn,A9 타자 누적 이력,500-1499,24706,0.11054287082153227,0.48765482069133004,0.4860243497874179,-0.0016304709039121623,0.5523841197069834,0.247717924202353,852.3885660337016,10958.024210035785,0.11759826917121848
sj_stdmlp,2024,R,a9_batn,A9 타자 누적 이력,1500-3999,51239,0.22926034801361986,0.49286676164640214,0.4856595685993873,-0.007207193047014837,0.557108479788775,0.24745554254968224,997.6327949182017,22702.3187664477,4.765465629519782
sj_stdmlp,2024,R,a9_batn,A9 타자 누적 이력,4000+,135894,0.6080350071813044,0.48954332052923605,0.48679146370126813,-0.0027518568279679134,0.5543448107723882,0.2475700231058851,928.6600661607247,60238.02519285038,1.842571453368596
sj_stdmlp,2024,R,a10_base,A10 주자 상황,___,116958,0.5233090377052041,0.4876622377263633,0.4861643828295045,-0.0014978548968587746,0.5516751533638656,0.24775710204366413,836.7805315610321,51883.40045313691,0.4698311493930661
sj_stdmlp,2024,R,a10_base,A10 주자 상황,1__,44920,0.2009870378573314,0.49296527159394476,0.48815451062462184,-0.004810760969322925,0.5550529354370588,0.247507829518364,977.2666807188024,19906.782697360788,1.861399922930032
sj_stdmlp,2024,R,a10_base,A10 주자 상황,_2_,17468,0.07815764864852771,0.500343485230135,0.485928716798199,-0.014414768431936065,0.5559015331388288,0.24780377182962712,878.4444898707444,7750.388668587747,6.498766149359565
sj_stdmlp,2024,R,a10_base,A10 주자 상황,__3,5733,0.025651351024845972,0.5067155067155067,0.4980459050640487,-0.00866960165145797,0.5570919767167275,0.2474466283920628,1003.4904527684296,2540.012587547368,0.7715296387140985
sj_stdmlp,2024,R,a10_base,A10 주자 상황,12_,18986,0.08494968612554084,0.48325081639102496,0.4835082920250798,0.00025747563405481566,0.5606245672640702,0.24689529522179335,1130.9369208978737,8393.028100262685,0.0022536067540853398
sj_stdmlp,2024,R,a10_base,A10 주자 상황,1_3,7419,0.033195076443979114,0.4937323089365144,0.4885951636935431,-0.005137145242971264,0.5527610096300192,0.24795094701257306,804.0339569869825,3293.6961249734522,0.35055926284940736
sj_stdmlp,2024,R,a10_base,A10 주자 상황,_23,4798,0.021467849680308907,0.48999583159649857,0.4815788993945261,-0.008416932201972482,0.5555576607750843,0.24742913118308282,988.7099863592707,2125.6093914124176,0.6086116873449727
sj_stdmlp,2024,R,a10_base,A10 주자 상황,123,7215,0.03228231251426194,0.47595287595287594,0.47801253621380085,0.0020596602609249115,0.5717140556721011,0.24569815470905915,1492.8855753833293,3174.0269988063574,0.05480244078156124
sj_stdmlp,2024,R,a11_typemo,A11 game_type x 월블록,R|early,87355,0.39085535823747075,0.4950603857821533,0.4884354996885423,-0.006624886093611004,0.5595102021919865,0.24727794641599057,1079.1668439268265,38676.35517604427,6.864627654187656
sj_stdmlp,2024,R,a11_typemo,A11 game_type x 월블록,R|mid,68816,0.30790569895792785,0.49006045105789353,0.48667915729422695,-0.003381293763666582,0.5565347643795499,0.2473610233373565,1016.4745006900899,30478.464290937096,1.408729530644747
sj_stdmlp,2024,R,a11_typemo,A11 game_type x 월블록,R|late,67326,0.3012389428046014,0.4823990731663845,0.4832883358472251,0.0008892626808406079,0.5452017899479713,0.24813731347676327,621.9282342557752,29912.125555106355,0.09532686990104224
sj_stdmlp,2024,R,a12_role,A12 투수 역할(전시즌),불펜(<30구/경기),79963,0.3577810887841895,0.4781461425909483,0.47575452400620927,-0.0023916185847390192,0.5517653611330473,0.24744762213998137,831.5031845733123,35427.8461918233,0.8189272165823814
sj_stdmlp,2024,R,a12_role,A12 투수 역할(전시즌),스윙(30-70),31678,0.14173792041951347,0.48307973988256836,0.4778711068225742,-0.005208633059994139,0.5411573303243938,0.24850067850675095,485.7668071485688,14094.76111914215,1.5387840185742898
sj_stdmlp,2024,R,a12_role,A12 투수 역할(전시즌),선발(>=70),61741,0.2762497930620993,0.5061304481624852,0.5039725044849532,-0.0021579436775319705,0.5567689109249712,0.2474000504807978,1025.1009528060683,27349.275725756717,0.514785441820528
sj_stdmlp,2024,R,a12_role,A12 투수 역할(전시즌),전시즌없음,50115,0.22423119773419778,0.4921081512521201,0.48687898111269867,-0.005229170139421424,0.558237220678968,0.24735246410531417,1034.359532139306,22195.061985365566,2.4536107523276156
sj_stdmlp,2024,R,a13_tens,A13 이닝 x 점수차,초반|0-1점,50063,0.22399853241877968,0.49951061662305496,0.495596460407782,-0.003914156215272968,0.5558318303697443,0.24744840878061408,1020.5416669814671,22180.63232102418,1.3733004626228307
sj_stdmlp,2024,R,a13_tens,A13 이닝 x 점수차,초반|2-3점,17952,0.08032322581511162,0.49721479500891264,0.4929157063565144,-0.004299088652398253,0.5533128856865265,0.2479467527190398,818.2213546199524,7969.730776332371,0.5940705557992796
sj_stdmlp,2024,R,a13_tens,A13 이닝 x 점수차,초반|4점+,7110,0.03181250755043692,0.5064697609001406,0.48930097468505085,-0.01716878621508977,0.569838465914878,0.24644733145085862,1404.559464325439,3137.372655919672,3.752504077675086
sj_stdmlp,2024,R,a13_tens,A13 이닝 x 점수차,중반|0-1점,27628,0.1236168718148342,0.4966338497176777,0.49496488318098464,-0.0016689665366930728,0.5501078417954052,0.24797647392577568,804.914524442446,12266.82907972988,0.13778980699175628
sj_stdmlp,2024,R,a13_tens,A13 이닝 x 점수차,중반|2-3점,24982,0.11177778672644376,0.48590985509566886,0.48854671796013993,0.002636862864471068,0.5505520333563614,0.2478325981030932,788.173796851932,11085.569783604244,0.31101023286621265
sj_stdmlp,2024,R,a13_tens,A13 이닝 x 점수차,중반|4점+,21855,0.09778654747043584,0.4812171127888355,0.4790851602953624,-0.0021319524934730882,0.5592548183586644,0.24698186996135912,1067.6399146652193,9664.697640500279,0.17785998170522418
sj_stdmlp,2024,R,a13_tens,A13 이닝 x 점수차,후반|0-1점,22754,0.10180897282737576,0.4897600421903841,0.4812807279300855,-0.008479314260298632,0.5526900684052724,0.24794496861262877,780.3971801756293,10101.490041511892,2.929217384397343
sj_stdmlp,2024,R,a13_tens,A13 이닝 x 점수차,후반|2-3점,21063,0.09424287574329857,0.47671271898589945,0.4804114056090277,0.0036986866231282223,0.547742488423123,0.24765218965046154,723.7751627243272,9339.739997602053,0.5159263240485198
sj_stdmlp,2024,R,a13_tens,A13 이닝 x 점수차,후반|4점+,30090,0.13463267963328368,0.4769690927218345,0.46984150802462754,-0.007127584697206979,0.5547241192277161,0.247251212901945,889.2324394502938,13320.882725863172,2.737028676499028
sj_grid_w060,2024,R,a1_count,A1 볼카운트,0-0,57385,0.25675959856284425,0.4901629345647817,0.49165012048566614,0.0014871859208844262,0.5521375194847529,0.24781010214863344,837.576199809531,25461.839669589288,0.22724864537155903
sj_grid_w060,2024,R,a1_count,A1 볼카운트,0-1,27768,0.12424327843326756,0.5087510803802938,0.5003656641808454,-0.008385416199448437,0.5512622110171977,0.24786042108338951,825.4518605775419,12323.21910537858,3.495958216606038
sj_grid_w060,2024,R,a1_count,A1 볼카운트,0-2,14321,0.06407692273274361,0.49298233363591926,0.4916818266763416,-0.0013005069595776741,0.5316392477487513,0.2492822514581717,267.45304597888264,6392.004758485835,0.04336816957599142
sj_grid_w060,2024,R,a1_count,A1 볼카운트,1-0,23181,0.1037195130135975,0.48367197273629264,0.4875610983449065,0.003889125608613875,0.5580230794220543,0.24720597956089124,1012.0456495072872,10260.381876664886,0.6277814709404362
sj_grid_w060,2024,R,a1_count,A1 볼카운트,1-1,22332,0.09992080430609807,0.4881783987103708,0.4940559716799277,0.005877572969556932,0.5612820606651833,0.24697067938669798,1156.474612998193,9875.188675836886,1.3813256129840108
sj_grid_w060,2024,R,a1_count,A1 볼카운트,1-2,21751,0.09732121683959964,0.4995632384717944,0.49369294917476675,-0.005870289297027653,0.5480834512985303,0.24823688425308824,705.1705325868074,9667.583378943738,1.3420559559883647
sj_grid_w060,2024,R,a1_count,A1 볼카운트,2-0,8177,0.03658662084949686,0.4751131221719457,0.4803885586825336,0.0052754365105879275,0.5504919511443277,0.247225325496272,864.2682876566444,3619.5896818549213,0.40745831566773383
sj_grid_w060,2024,R,a1_count,A1 볼카운트,2-1,11832,0.05294030792359629,0.47777214334009466,0.4836442348524718,0.005872091512377164,0.560050795469221,0.2467394715266579,1108.77162159837,5227.200728082209,0.7304932002252343
sj_grid_w060,2024,R,a1_count,A1 볼카운트,2-2,18384,0.0822561376662774,0.4939621409921671,0.4871384874353918,-0.006823653556775333,0.5514930935043825,0.24796064125068357,801.2780479084158,8161.972902071265,1.5326618103565977
sj_grid_w060,2024,R,a1_count,A1 볼카운트,3-0,2736,0.01224177505738332,0.48757309941520466,0.46429356434445057,-0.023279535070754087,0.5839601597204251,0.24561720421165129,1692.3925823282505,1203.2261530554276,2.6548322489761773
sj_grid_w060,2024,R,a1_count,A1 볼카운트,3-1,5227,0.023387338532508267,0.46374593457049934,0.46492253315000426,0.0011765985795049172,0.5681695354694228,0.24529507205571993,1363.3962325925952,2295.6924709432524,0.012956315827699372
sj_grid_w060,2024,R,a1_count,A1 볼카운트,3-2,10403,0.04654648608258724,0.4590983370181678,0.4623114615089357,0.0032131244907678824,0.5503138619761923,0.24646322141073232,750.555577745704,4590.744320078113,0.19230301338124414
sj_grid_w060,2024,R,a1b_phase,A1b 카운트 국면,초구 0-0,57385,0.25675959856284425,0.4901629345647817,0.49165012048566614,0.0014871859208844262,0.5521375194847529,0.24781010214863344,837.576199809531,25461.839669589288,0.22724864537155903
sj_grid_w060,2024,R,a1b_phase,A1b 카운트 국면,투수우위 0-1,27768,0.12424327843326756,0.5087510803802938,0.5003656641808454,-0.008385416199448437,0.5512622110171977,0.24786042108338951,825.4518605775419,12323.21910537858,3.495958216606038
sj_grid_w060,2024,R,a1b_phase,A1b 카운트 국면,평행 1-1,22332,0.09992080430609807,0.4881783987103708,0.4940559716799277,0.005877572969556932,0.5612820606651833,0.24697067938669798,1156.474612998193,9875.188675836886,1.3813256129840108
sj_grid_w060,2024,R,a1b_phase,A1b 카운트 국면,타자우위 1-0/2-0/2-1,43190,0.19324644178669065,0.4804352859458208,0.4851301146528086,0.004694828706987786,0.5573445439512059,0.247081841303252,1015.7074262656885,19107.17228660202,1.7044924951403604
sj_grid_w060,2024,R,a1b_phase,A1b 카운트 국면,2스트라이크,54456,0.24365427723862065,0.4959416776847363,0.49095131354386085,-0.004990364140875447,0.5450802601505741,0.24841854012916792,626.0371996076764,24221.561039500844,2.4281896155616356
sj_grid_w060,2024,R,a1b_phase,A1b 카운트 국면,3볼,7963,0.035629113589891584,0.4719326886851689,0.46470642632443665,-0.007226262360732261,0.5734035800913659,0.24540575315312396,1527.4021435406237,3498.9186239986802,0.7445203154105268
sj_grid_w060,2024,R,a1b_phase,A1b 카운트 국면,풀카운트,10403,0.04654648608258724,0.4590983370181678,0.4623114615089357,0.0032131244907678824,0.5503138619761923,0.24646322141073232,750.555577745704,4590.744320078113,0.19230301338124414
sj_grid_w060,2024,R,a2_li,A2 경기 중요도 li,li<0.10,24526,0.10973749088354653,0.47439452010111716,0.47027989280889304,-0.004114627292224116,0.5572045197181872,0.2470029349095681,939.0324670756511,10846.789797906747,0.743464293124112
sj_grid_w060,2024,R,a2_li,A2 경기 중요도 li,0.10-0.35,28107,0.12576007731647404,0.48411427758209696,0.4825195604019647,-0.0015947171801322657,0.5513327673636541,0.24766632776241848,833.3676462292105,12463.896812142311,0.12798357168993463
sj_grid_w060,2024,R,a2_li,A2 경기 중요도 li,0.35-0.70,49973,0.2235958424497868,0.4868028735517179,0.4912923550759119,0.004489481524193983,0.5554199066957037,0.2474280719155596,959.7742082025684,22138.937758650296,1.803433719717373
sj_grid_w060,2024,R,a2_li,A2 경기 중요도 li,0.70-1.20,57499,0.2572696725235685,0.49818257708829716,0.49442967435707563,-0.00375290273122153,0.5503185985800295,0.2479803150995621,806.5634061589,25529.945376977983,1.4499976383299378
sj_grid_w060,2024,R,a2_li,A2 경기 중요도 li,1.20-2.00,41631,0.18627095665713633,0.49482356897504265,0.49499448182909056,0.000170912854047911,0.5535564282591625,0.24769874258093222,909.8823151458713,18463.457512751713,0.00217740232509935
sj_grid_w060,2024,R,a2_li,A2 경기 중요도 li,li>=2.00,21761,0.09736596016948773,0.48867239557005654,0.48962408719067174,0.0009516916206152026,0.5582714522445804,0.24730236497491345,1028.2559222665632,9635.616462555343,0.035289355464042785
sj_grid_w060,2024,R,a3_load,A3 전시즌 경기당 대비 등판 투구수,<0.25,42782,0.1914209139272563,0.49216960403908183,0.4889588673026697,-0.0032107367364121453,0.5508575392873162,0.2479321484332036,802.8114842253076,18991.808108479934,0.7896649540504118
sj_grid_w060,2024,R,a3_load,A3 전시즌 경기당 대비 등판 투구수,0.25-0.50,39845,0.17827979793912221,0.4886434935374577,0.48882067044159067,0.0001771769041329918,0.5533647209329439,0.2475929433228991,911.704906425681,17663.813889067354,0.0022395483105226537
sj_grid_w060,2024,R,a3_load,A3 전시즌 경기당 대비 등판 투구수,0.50-0.75,33206,0.14857470122641467,0.48979100162621214,0.4919094222894657,0.002118420663253573,0.5491578393265922,0.2480222271286776,749.7322487298841,14746.180750364312,0.2668169146252566
sj_grid_w060,2024,R,a3_load,A3 전시즌 경기당 대비 등판 투구수,0.75-1.00,26002,0.11634160637502965,0.49323128990077686,0.49368931308648767,0.0004580231857108097,0.5586461879573082,0.24728635189688536,1067.32866719762,11512.755672904006,0.009766839851118037
sj_grid_w060,2024,R,a3_load,A3 전시즌 경기당 대비 등판 투구수,1.00-1.25,12785,0.05720434726193193,0.47931169339069224,0.4894142085463191,0.010102515155626879,0.5574302957957445,0.2469709046870733,1042.2200188384911,5653.519720434803,2.3363189955998203
sj_grid_w060,2024,R,a3_load,A3 전시즌 경기당 대비 등판 투구수,1.25-1.50,5772,0.025825850011409548,0.4883922383922384,0.48272936484213247,-0.005662873550105918,0.556572178989098,0.2476127539186977,901.4882472767605,2559.00844552094,0.331415210720987
sj_grid_w060,2024,R,a3_load,A3 전시즌 경기당 대비 등판 투구수,>=1.50,12990,0.05812158552463791,0.47913779830638953,0.4733222254915698,-0.005815572814819703,0.5553536053167698,0.24731937338011226,899.7244176388919,5752.275459728195,0.7866228051751203
sj_grid_w060,2024,R,a3_load,A3 전시즌 경기당 대비 등판 투구수,전시즌없음,50115,0.22423119773419778,0.4921081512521201,0.4904673200902372,-0.0016408311618829052,0.5578779206369746,0.24739949035386014,1015.5443453855106,22199.28167448486,0.24158385762031181
sj_grid_w060,2024,R,a3b_gp,A3b 등판 내 투구수,1-10,67227,0.30079598383870926,0.4802980945155964,0.4813229312744741,0.0010248367588777119,0.5501721023389391,0.24762055875809597,797.7490982443269,29805.939596772267,0.12642282955950734
sj_grid_w060,2024,R,a3b_gp,A3b 등판 내 투구수,11-20,46277,0.20705870772314616,0.48505737191261317,0.4841961103774261,-0.0008612615351870634,0.5527321530881313,0.24757036887224462,883.3285233503796,20513.33381292802,0.06146214131632851
sj_grid_w060,2024,R,a3b_gp,A3b 등판 내 투구수,21-35,33726,0.1509013543805957,0.49323963707525353,0.4899396959494056,-0.003299941125847916,0.5569791714315124,0.24747775712005587,990.7972769053753,14944.224855613085,0.6575815287591177
sj_grid_w060,2024,R,a3b_gp,A3b 등판 내 투구수,36-60,36847,0.16486574763867076,0.49854805004477976,0.49618016942691917,-0.002367880617860585,0.5542277590385952,0.2476040075773821,957.5617803468606,16335.490913964164,0.3699083425434951
sj_grid_w060,2024,R,a3b_gp,A3b 등판 내 투구수,61-80,24208,0.10831465299310505,0.4995869134170522,0.4990506698093673,-0.0005362436076848942,0.5521047308165723,0.24789224620183903,843.033838477325,10744.698655342987,0.012463945849031583
sj_grid_w060,2024,R,a3b_gp,A3b 등판 내 투구수,81+,15212,0.06806355342577305,0.5004601630291875,0.5052679510757512,0.004807788046563677,0.5602435521331653,0.2472726324311021,1090.8632515150175,6734.95588636388,0.629577690145073
sj_grid_w060,2024,R,a4_prevp,A4 전시즌 투구수,없음,50115,0.22423119773419778,0.4921081512521201,0.4904673200902372,-0.0016408311618829052,0.5578779206369746,0.24739949035386014,1015.5443453855106,22199.28167448486,0.24158385762031181
sj_grid_w060,2024,R,a4_prevp,A4 전시즌 투구수,1-200,12654,0.056618209640397855,0.44823771139560614,0.4590285837263223,0.010790872330716184,0.5399499731124039,0.24621229809917067,448.14992597591583,5578.403932159124,2.6382340743192225
sj_grid_w060,2024,R,a4_prevp,A4 전시즌 투구수,201-600,24568,0.10992541286907655,0.46271572777596875,0.4622625902278116,-0.00045313754815717866,0.5377084632834325,0.24752653961573923,435.7604032942608,10888.39732936978,0.009032381877914575
sj_grid_w060,2024,R,a4_prevp,A4 전시즌 투구수,601-1200,65402,0.29263032613413154,0.4888076817222715,0.4850488585987585,-0.003758823123513,0.5503739425798335,0.24796064858561925,766.0172001153431,29036.627911874726,1.6545016152299918
sj_grid_w060,2024,R,a4_prevp,A4 전시즌 투구수,1201-2000,27214,0.121764497957467,0.5108400088189903,0.5118657691893769,0.001025760370386597,0.5506684265173868,0.24783584669834516,819.043973824296,12076.16085799974,0.0512692069394138
sj_grid_w060,2024,R,a4_prevp,A4 전시즌 투구수,2001-2600,23868,0.10679337977690975,0.4912854030501089,0.49417765059914365,0.002892247549034721,0.5606987042550357,0.2471168503059263,1123.2234068420667,10560.653063584366,0.3574862473953263
sj_grid_w060,2024,R,a4_prevp,A4 전시즌 투구수,2601+,19676,0.08803697588781953,0.5158060581418987,0.5156207693072774,-0.00018528883462132217,0.5444161669925707,0.24806097732795548,676.352375667555,8739.118951511799,0.0012095050888454985
sj_grid_w060,2024,R,a5_asofn,A5 투수 누적 이력,0-99,3959,0.017713884302697575,0.47082596615306893,0.46952610810952955,-0.0012998580435393814,0.5565063967959684,0.24660163952510583,1022.3751627751465,1748.0499883480074,0.011977046620816358
sj_grid_w060,2024,R,a5_asofn,A5 투수 누적 이력,100-499,17177,0.0768556177487841,0.47610176398672643,0.4743919993020617,-0.0017097646846647163,0.5496672397310741,0.24746732463112253,786.416444252791,7610.92715467162,0.08990676824687385
sj_grid_w060,2024,R,a5_asofn,A5 투수 누적 이력,500-1499,39741,0.177814467308286,0.4760323092020835,0.47635295018021356,0.0003206409781300601,0.5528160324641225,0.2472248404429744,882.3111171349374,17591.51661026606,0.007315587797436882
sj_grid_w060,2024,R,a5_asofn,A5 투수 누적 이력,1500-3999,72150,0.32282312514261935,0.4888704088704089,0.4862435918779565,-0.0026268169924523743,0.5553136853562785,0.2474654930176347,964.7336712061527,31968.581817026476,0.8913912277766134
sj_grid_w060,2024,R,a5_asofn,A5 투수 누적 이력,4000-7999,51095,0.22861604406323127,0.49345337117134747,0.4959717371927149,0.0025183660213674575,0.5477279004410894,0.24821404137080139,697.3596628066736,22707.908501898462,0.5802143852407695
sj_grid_w060,2024,R,a5_asofn,A5 투수 누적 이력,8000+,39375,0.17617686143438166,0.5080126984126984,0.50733391194191,-0.0006787864707883395,0.5550025345155485,0.24753908503329147,958.930918597578,17451.65964877377,0.0324832375720306
sj_grid_w060,2024,R,a6_psucc,A6 투수 수준 5분위,Q1 최저,54380,0.24331422793147112,0.44887826406767195,0.4478050474267698,-0.0010732166409021526,0.5376873931148136,0.24633015699771557,427.02848646881677,23984.417385309454,0.11214667085290804
sj_grid_w060,2024,R,a6_psucc,A6 투수 수준 5분위,Q2,52532,0.2350456605681508,0.4778230411939389,0.474892270191258,-0.0029307710026809097,0.533409458727574,0.248553190608578,382.74972787455397,23378.44733784443,0.8079046241621346
sj_grid_w060,2024,R,a6_psucc,A6 투수 수준 5분위,Q3,48603,0.21746600625511753,0.4926239121041911,0.49461835898528334,0.0019944468810922378,0.542351080572239,0.24847386754282474,588.8184564234566,21623.01168816819,0.34616281291338996
sj_grid_w060,2024,R,a6_psucc,A6 투수 수준 5분위,Q4,40380,0.18067356608813542,0.5184744923229322,0.5202781779195674,0.0018036855966352405,0.5443454774189805,0.24815107866253927,603.8702085430781,17941.339666051408,0.23521248784795895
sj_grid_w060,2024,R,a6_psucc,A6 투수 수준 5분위,Q5 최고,27565,0.12333498883653919,0.5456557228369309,0.5431691841710202,-0.0024865386659106425,0.5526432876295901,0.24586478079553817,827.2067385722726,12134.634657453935,0.30515522962435043
sj_grid_w060,2024,R,a7_inning,A7 이닝,1-3회,75125,0.3361342657843282,0.4996206322795341,0.49726478122739265,-0.0023558510521414777,0.5561584370291355,0.24750103287200576,999.5298586595869,33291.540144671395,0.7465390489873088
sj_grid_w060,2024,R,a7_inning,A7 이닝,4-6회,74465,0.3331812060117138,0.48851138118579196,0.4908788182934269,0.0023674371076349288,0.5531508058994579,0.24765309522921752,886.434559592797,33019.336374966384,0.7472767690381109
sj_grid_w060,2024,R,a7_inning,A7 이닝,7-8회,51708,0.2313588101853716,0.4783785874526186,0.47681609317758294,-0.0015624942750356308,0.5497195662782102,0.24762593732463087,764.05962505397,22925.8928882362,0.22603047416452826
sj_grid_w060,2024,R,a7_inning,A7 이닝,9회+,22199,0.09932571801858638,0.4865534483535294,0.4852983123448657,-0.0012551360086637264,0.5547042892556773,0.24761218750516234,883.4400357547789,9841.87431311042,0.0626162963322573
sj_grid_w060,2024,R,a8_hand,A8 손 매치업,1v1,28390,0.1270263135523072,0.45808383233532934,0.4630142018097751,0.0049303694744457505,0.552469597141271,0.24617246983885815,834.0878729510615,12513.45574066503,1.2356535200039978
sj_grid_w060,2024,R,a8_hand,A8 손 매치업,1v2,37565,0.16807831872463613,0.5074936776254492,0.5001037271810168,-0.007389950444432358,0.5590959396939064,0.24737944537320364,1025.990227740503,16638.69998911912,3.673151419841316
sj_grid_w060,2024,R,a8_hand,A8 손 매치업,2v1,80544,0.3603806762506879,0.4998758442590385,0.4977345021506833,-0.0021413421083552042,0.5498854597860899,0.24793949482096825,824.1959565722601,35756.19460453177,0.6612682861112729
sj_grid_w060,2024,R,a8_hand,A8 손 매치업,2v2,76998,0.34451469147236874,0.4820514818566716,0.4846587474160238,0.002607265559352201,0.5491312683738581,0.247854538992345,730.2656999920498,34170.29338666848,0.9371786079209289
sj_grid_w060,2024,R,a9_batn,A9 타자 누적 이력,0-99,1821,0.00814776037262245,0.4684239428885228,0.48730435083106366,0.018880407942540867,0.5580728687277765,0.2465114832605181,1000.5782383648688,803.7472260496871,1.162264785427381
sj_grid_w060,2024,R,a9_batn,A9 타자 누적 이력,100-499,9837,0.04401401361092095,0.48459896309850564,0.48680155977811285,0.002202596679607205,0.5490019732141047,0.24785602620947145,763.4370656223855,4365.505506190078,0.08544861310611335
sj_grid_w060,2024,R,a9_batn,A9 타자 누적 이력,500-1499,24706,0.11054287082153227,0.48765482069133004,0.48852698552851664,0.0008721648371866064,0.552106129518897,0.24775800251577929,836.3474617845368,10959.797110120577,0.03364898513121738
sj_grid_w060,2024,R,a9_batn,A9 타자 누적 이력,1500-3999,51239,0.22926034801361986,0.49286676164640214,0.48855509233058747,-0.00431166931581467,0.5568830731718787,0.24745183021641237,999.1180305196523,22701.97818578262,1.7055479041610768
sj_grid_w060,2024,R,a9_batn,A9 타자 누적 이력,4000+,135894,0.6080350071813044,0.48954332052923605,0.4897933788754683,0.00025005834623226253,0.5537811040521657,0.24760943874570368,912.8869115510252,60247.61569284144,0.015214419190460357
sj_grid_w060,2024,R,a10_base,A10 주자 상황,___,116958,0.5233090377052041,0.4876622377263633,0.4891247190959946,0.0014624813696312855,0.5513406564050015,0.2477785142153465,828.2104447206561,51887.8844266287,0.4479020027195531
sj_grid_w060,2024,R,a10_base,A10 주자 상황,1__,44920,0.2009870378573314,0.49296527159394476,0.4908521611095432,-0.002113110484401548,0.554586892634994,0.24754450162111802,962.5949353508468,19909.732194279735,0.3591340173386961
sj_grid_w060,2024,R,a10_base,A10 주자 상황,_2_,17468,0.07815764864852771,0.500343485230135,0.488742687602145,-0.011600797627990045,0.5557762360859707,0.24775301404733113,898.7476123707538,7748.801152232185,4.209119648098316
sj_grid_w060,2024,R,a10_base,A10 주자 상황,__3,5733,0.025651351024845972,0.5067155067155067,0.49900205035346595,-0.007713456362040738,0.556105772859066,0.24752267158390268,973.0676880054024,2540.7931625979386,0.6107343991438007
sj_grid_w060,2024,R,a10_base,A10 주자 상황,12_,18986,0.08494968612554084,0.48325081639102496,0.48634961975684055,0.0030988033658155834,0.5596727245762347,0.24701079525664543,1084.6850058049972,8396.954440929583,0.3264328832451036
sj_grid_w060,2024,R,a10_base,A10 주자 상황,1_3,7419,0.033195076443979114,0.4937323089365144,0.4918382187979265,-0.0018940901385878783,0.5523310850786889,0.2479586671768416,800.9454059576204,3293.7986770122393,0.04765615980770881
sj_grid_w060,2024,R,a10_base,A10 주자 상황,_23,4798,0.021467849680308907,0.48999583159649857,0.4844626457442133,-0.005533185852285238,0.5554232067773853,0.24740092794106602,999.9958012562371,2125.367103546747,0.2630165917264312
sj_grid_w060,2024,R,a10_base,A10 주자 상황,123,7215,0.03228231251426194,0.47595287595287594,0.4819340652351225,0.005981189282246557,0.5715095339986571,0.2457976689653381,1452.987586561394,3175.312563757261,0.46215091231292144
sj_grid_w060,2024,R,a11_typemo,A11 game_type x 월블록,R|early,87355,0.39085535823747075,0.4950603857821533,0.4910403435033169,-0.0040200422788364,0.5592147813118005,0.24729697891524713,1071.553101129341,38679.332019356836,2.527675946251132
sj_grid_w060,2024,R,a11_typemo,A11 game_type x 월블록,R|mid,68816,0.30790569895792785,0.49006045105789353,0.4896201664275674,-0.0004402846303261376,0.5557873195993633,0.24742650799767205,990.2702812188746,30486.532950478133,0.02388519888869609
sj_grid_w060,2024,R,a11_typemo,A11 game_type x 월블록,R|late,67326,0.3012389428046014,0.4823990731663845,0.4864409157841893,0.004041842617804825,0.5449737262282398,0.2481427320924014,619.7580988327234,29912.778751149435,1.9693095948468664
sj_grid_w060,2024,R,a12_role,A12 투수 역할(전시즌),불펜(<30구/경기),79963,0.3577810887841895,0.4781461425909483,0.47859555826430505,0.0004494156733567678,0.551202735749428,0.2474892958416219,814.8017981841948,35433.81274538803,0.02891731024676421
sj_grid_w060,2024,R,a12_role,A12 투수 역할(전시즌),스윙(30-70),31678,0.14173792041951347,0.48307973988256836,0.48029403116769276,-0.002785708714875601,0.5409436337633743,0.24848696940856588,491.2567333807627,14093.983549981218,0.44015085173017604
sj_grid_w060,2024,R,a12_role,A12 투수 역할(전시즌),선발(>=70),61741,0.2762497930620993,0.5061304481624852,0.5065384587965375,0.00040801063405226934,0.5565740874270747,0.24742076592491802,1016.8135293130987,27351.565751130296,0.018403016284342287
sj_grid_w060,2024,R,a12_role,A12 투수 역할(전시즌),전시즌없음,50115,0.22423119773419778,0.4921081512521201,0.4904673200902372,-0.0016408311618829052,0.5578779206369746,0.24739949035386014,1015.5443453855106,22199.28167448486,0.24158385762031181
sj_grid_w060,2024,R,a13_tens,A13 이닝 x 점수차,초반|0-1점,50063,0.22399853241877968,0.49951061662305496,0.4986950332063007,-0.0008155834167542508,0.5555939380077026,0.24747572338789386,1009.61581360276,22183.080731438502,0.059624675812117535
sj_grid_w060,2024,R,a13_tens,A13 이닝 x 점수차,초반|2-3점,17952,0.08032322581511162,0.49721479500891264,0.4954030420104611,-0.0018117529984515435,0.5529830198010388,0.24795605326201073,814.5010219916427,7970.029722871251,0.10550746864617212
sj_grid_w060,2024,R,a13_tens,A13 이닝 x 점수차,초반|4점+,7110,0.03181250755043692,0.5064697609001406,0.4918947724513436,-0.01457498844879701,0.5690115368827047,0.24653036376676282,1371.3409761516027,3138.429690361643,2.7043221520122263
sj_grid_w060,2024,R,a13_tens,A13 이닝 x 점수차,중반|0-1점,27628,0.1236168718148342,0.4966338497176777,0.4978976868580565,0.0012638371403788096,0.5503862747249869,0.2479388319275769,819.9720061853211,12264.967016160646,0.07901400242974037
sj_grid_w060,2024,R,a13_tens,A13 이닝 x 점수차,중반|2-3점,24982,0.11177778672644376,0.48590985509566886,0.49121698237529315,0.005307127279624291,0.5502024497223649,0.24786375812298392,775.6998830022344,11086.963573515664,1.259849294512165
sj_grid_w060,2024,R,a13_tens,A13 이닝 x 점수차,중반|4점+,21855,0.09778654747043584,0.4812171127888355,0.4816193666440666,0.0004022538552311272,0.5587109693948963,0.24705107674766436,1039.918079438329,9667.405785290077,0.006331748081492767
sj_grid_w060,2024,R,a13_tens,A13 이닝 x 점수차,후반|0-1점,22754,0.10180897282737576,0.4897600421903841,0.48448782639885446,-0.005272215791529644,0.5517143325523891,0.24796697202503917,771.5921221328803,10102.386479348832,1.1324433748795986
sj_grid_w060,2024,R,a13_tens,A13 이닝 x 점수차,후반|2-3점,21063,0.09424287574329857,0.47671271898589945,0.4833150153091066,0.006602296323207135,0.547485074395848,0.24770428694847776,702.8909416779694,9341.704749937722,1.6439274182637118
sj_grid_w060,2024,R,a13_tens,A13 이닝 x 점수차,후반|4점+,30090,0.13463267963328368,0.4769690927218345,0.472723283896141,-0.004245808825693531,0.5540866425028685,0.24730305882870002,868.4499747850239,13323.675972060073,0.9712151427257882
sj_e2var,2024,R,a1_count,A1 볼카운트,0-0,57385,0.25675959856284425,0.4901629345647817,0.4993799370409801,0.009217002476198388,0.5521459526541745,0.24789158556777902,804.9702113048562,25470.2118777278,8.728712328662045
sj_e2var,2024,R,a1_count,A1 볼카운트,0-1,27768,0.12424327843326756,0.5087510803802938,0.5076561339839045,-0.0010949463963892958,0.5513353741269225,0.24779179909358282,852.9090673464191,12319.807331073755,0.059607746619893646
sj_e2var,2024,R,a1_count,A1 볼카운트,0-2,14321,0.06407692273274361,0.49298233363591926,0.49926999894425045,0.006287665308331192,0.5316249976103464,0.2492946375256787,262.4976428084125,6392.322357520587,1.0137352858313253
sj_e2var,2024,R,a1_count,A1 볼카운트,1-0,23181,0.1037195130135975,0.48367197273629264,0.4952565884386132,0.011584615702320555,0.5579889205396734,0.2473314178025999,961.8167878668094,10265.588240459783,5.57016187358968
sj_e2var,2024,R,a1_count,A1 볼카운트,1-1,22332,0.09992080430609807,0.4881783987103708,0.501820973322759,0.013642574612388214,0.5612134705873195,0.2471528251606231,1083.5755527785263,9882.471823328253,7.442051668522587
sj_e2var,2024,R,a1_count,A1 볼카운트,1-2,21751,0.09732121683959964,0.4995632384717944,0.5012119016531942,0.0016486631813997787,0.5480353225127479,0.24821201059690848,715.1200026505821,9666.614674612065,0.10585600342027403
sj_e2var,2024,R,a1_count,A1 볼카운트,2-0,8177,0.03658662084949686,0.4751131221719457,0.48838501384062083,0.013271891668675151,0.5504593862934962,0.24738143754790015,801.668380320264,3621.87529547542,2.578885381787301
sj_e2var,2024,R,a1_count,A1 볼카운트,2-1,11832,0.05294030792359629,0.47777214334009466,0.4913980170623391,0.013625873722244441,0.5603361671338931,0.2468873038032559,1049.5216145512743,5230.3325698547715,3.9333198786943084
sj_e2var,2024,R,a1_count,A1 볼카운트,2-2,18384,0.0822561376662774,0.4939621409921671,0.49495213851553477,0.0009899975233676472,0.551568714467188,0.2479036280693636,824.0866464538699,8160.096233102161,0.032261207169385304
sj_e2var,2024,R,a1_count,A1 볼카운트,3-0,2736,0.01224177505738332,0.48757309941520466,0.47294855823808074,-0.014624541177123918,0.5837591190139595,0.24538400096181065,1785.7315388050242,1202.083740209852,1.0477386834236437
sj_e2var,2024,R,a1_count,A1 볼카운트,3-1,5227,0.023387338532508267,0.46374593457049934,0.4733875356130524,0.009641601042553072,0.5683820611815017,0.24541883032256895,1313.6312901996462,2296.8507123993127,0.8700079084738369
sj_e2var,2024,R,a1_count,A1 볼카운트,3-2,10403,0.04654648608258724,0.4590983370181678,0.4705360261944584,0.011437689176290566,0.5503310529604363,0.2465804547405331,703.3463317417832,4592.927965328817,2.4367308708942867
sj_e2var,2024,R,a1b_phase,A1b 카운트 국면,초구 0-0,57385,0.25675959856284425,0.4901629345647817,0.4993799370409801,0.009217002476198388,0.5521459526541745,0.24789158556777902,804.9702113048562,25470.2118777278,8.728712328662045
sj_e2var,2024,R,a1b_phase,A1b 카운트 국면,투수우위 0-1,27768,0.12424327843326756,0.5087510803802938,0.5076561339839045,-0.0010949463963892958,0.5513353741269225,0.24779179909358282,852.9090673464191,12319.807331073755,0.059607746619893646
sj_e2var,2024,R,a1b_phase,A1b 카운트 국면,평행 1-1,22332,0.09992080430609807,0.4881783987103708,0.501820973322759,0.013642574612388214,0.5612134705873195,0.2471528251606231,1083.5755527785263,9882.471823328253,7.442051668522587
sj_e2var,2024,R,a1b_phase,A1b 카운트 국면,타자우위 1-0/2-0/2-1,43190,0.19324644178669065,0.4804352859458208,0.49289855458791026,0.012463268642089464,0.5573992075252883,0.24721922179929084,960.6709608495856,19117.796105789974,12.01211559613326
sj_e2var,2024,R,a1b_phase,A1b 카운트 국면,2스트라이크,54456,0.24365427723862065,0.4959416776847363,0.49858795802498945,0.00264628034025316,0.5450861233789743,0.24839261504564752,636.4079162378133,24219.033265234815,0.6827942021571078
sj_e2var,2024,R,a1b_phase,A1b 카운트 국면,3볼,7963,0.035629113589891584,0.4719326886851689,0.47323670777204746,0.0013040190868785495,0.5734926172559973,0.24540686333386685,1526.9566675057745,3498.9344526091645,0.02424471026849
sj_e2var,2024,R,a1b_phase,A1b 카운트 국면,풀카운트,10403,0.04654648608258724,0.4590983370181678,0.4705360261944584,0.011437689176290566,0.5503310529604363,0.2465804547405331,703.3463317417832,4592.927965328817,2.4367308708942867
sj_e2var,2024,R,a2_li,A2 경기 중요도 li,li<0.10,24526,0.10973749088354653,0.47439452010111716,0.4785772701298926,0.004182750028775439,0.557274329201736,0.24702195412435765,931.404777066791,10847.625000229422,0.7682860224789416
sj_e2var,2024,R,a2_li,A2 경기 중요도 li,0.10-0.35,28107,0.12576007731647404,0.48411427758209696,0.4903712920662569,0.0062570144841599395,0.5513269665968075,0.2477041844801871,818.2096582742159,12465.801965047744,1.9702493854468104
sj_e2var,2024,R,a2_li,A2 경기 중요도 li,0.35-0.70,49973,0.2235958424497868,0.4868028735517179,0.4989727960765887,0.012169922524870758,0.5554464810815233,0.2475640386696374,905.3495913036613,22151.10355488542,13.252061275693551
sj_e2var,2024,R,a2_li,A2 경기 중요도 li,0.70-1.20,57499,0.2572696725235685,0.49818257708829716,0.5019854811467526,0.003802904058455403,0.5502769233851653,0.24797911748880358,807.0424567915735,25529.822081154136,1.4888927528459066
sj_e2var,2024,R,a2_li,A2 경기 중요도 li,1.20-2.00,41631,0.18627095665713633,0.49482356897504265,0.5025238455342146,0.007700276559171937,0.5535689467651312,0.24776078746480595,885.0617012794881,18468.082336702577,4.419792454371234
sj_e2var,2024,R,a2_li,A2 경기 중요도 li,li>=2.00,21761,0.09736596016948773,0.48867239557005654,0.49736183197539596,0.008689436405339424,0.5583701300181928,0.2473827342696882,996.0916957943988,9638.747883073276,2.941944352078661
sj_e2var,2024,R,a3_load,A3 전시즌 경기당 대비 등판 투구수,<0.25,42782,0.1914209139272563,0.49216960403908183,0.49680500873017164,0.004635404691089806,0.5507540324777899,0.24794382594672065,798.1393329247743,18992.702615696126,1.6459202243451672
sj_e2var,2024,R,a3_load,A3 전시즌 경기당 대비 등판 투구수,0.25-0.50,39845,0.17827979793912221,0.4886434935374577,0.4966222938802468,0.007978800342789139,0.5533297185224397,0.24766022189854928,884.7795859055152,17668.61368757153,4.541731050912145
sj_e2var,2024,R,a3_load,A3 전시즌 경기당 대비 등판 투구수,0.50-0.75,33206,0.14857470122641467,0.48979100162621214,0.49956051212319125,0.009769510496979106,0.5492675910340903,0.24808734177728722,723.6755263794304,14750.052146847642,5.674590905786716
sj_e2var,2024,R,a3_load,A3 전시즌 경기당 대비 등판 투구수,0.75-1.00,26002,0.11634160637502965,0.49323128990077686,0.5012117296443412,0.007980439743564383,0.5588216043637971,0.2473441552378908,1044.203092762308,11515.44678681696,2.965055220442768
sj_e2var,2024,R,a3_load,A3 전시즌 경기당 대비 등판 투구수,1.00-1.25,12785,0.05720434726193193,0.47931169339069224,0.4970158191517229,0.017704125761030642,0.5574648718775383,0.24719186215002426,953.6854603584111,5658.577755006743,7.175003060460414
sj_e2var,2024,R,a3_load,A3 전시즌 경기당 대비 등판 투구수,1.25-1.50,5772,0.025825850011409548,0.4883922383922384,0.4906601658494535,0.002267927457215102,0.556810631548511,0.24758949532756944,910.7967006169005,2558.76807449729,0.053156579422042535
sj_e2var,2024,R,a3_load,A3 전시즌 경기당 대비 등판 투구수,>=1.50,12990,0.05812158552463791,0.47913779830638953,0.4817854998005646,0.002647701494175092,0.5552631907648024,0.24732638443916163,896.9151032110711,5752.438526383125,0.1630495402360941
sj_e2var,2024,R,a3_load,A3 전시즌 경기당 대비 등판 투구수,전시즌없음,50115,0.22423119773419778,0.4921081512521201,0.49795413510289044,0.005845983850770342,0.5578512320661702,0.24745857342350805,991.9052284288132,22204.583228273157,3.0665873775029584
sj_e2var,2024,R,a3b_gp,A3b 등판 내 투구수,1-10,67227,0.30079598383870926,0.4802980945155964,0.4894076202164567,0.009109525700860266,0.5501222412027662,0.24770676706992595,763.2121493622801,29816.316440068444,9.988669615428057
sj_e2var,2024,R,a3b_gp,A3b 등판 내 투구수,11-20,46277,0.20705870772314616,0.48505737191261317,0.49207535150485804,0.007017979592244872,0.5528301673391106,0.247619225516296,863.7683960219356,20517.38200598509,4.080954808846157
sj_e2var,2024,R,a3b_gp,A3b 등판 내 투구수,21-35,33726,0.1509013543805957,0.49323963707525353,0.4976350908880638,0.004395453812810257,0.556943059286754,0.24750176906510102,981.1907427165422,14945.674844129835,1.166660956060995
sj_e2var,2024,R,a3b_gp,A3b 등판 내 투구수,36-60,36847,0.16486574763867076,0.49854805004477976,0.5036128265204765,0.005064776475696697,0.5543209614660478,0.24762709509537886,948.3266952720614,16337.014095855087,1.692369101117838
sj_e2var,2024,R,a3b_gp,A3b 등판 내 투구수,61-80,24208,0.10831465299310505,0.4995869134170522,0.5063347505941458,0.006747837177093596,0.5520875711936646,0.24793140814674497,827.369049822757,10746.396099709316,1.973606134748747
sj_e2var,2024,R,a3b_gp,A3b 등판 내 투구수,81+,15212,0.06806355342577305,0.5004601630291875,0.51226348467,0.011803321640812547,0.5603512508740746,0.2473990580096091,1040.292977279189,6738.399335344795,3.7946103487615517
sj_e2var,2024,R,a4_prevp,A4 전시즌 투구수,없음,50115,0.22423119773419778,0.4921081512521201,0.49795413510289044,0.005845983850770342,0.5578512320661702,0.24745857342350805,991.9052284288132,22204.583228273157,3.0665873775029584
sj_e2var,2024,R,a4_prevp,A4 전시즌 투구수,1-200,12654,0.056618209640397855,0.44823771139560614,0.4680208862800325,0.01978317488442638,0.5396382204249573,0.2465033170820903,330.48123769356954,5584.997516034443,8.867316234241903
sj_e2var,2024,R,a4_prevp,A4 전시즌 투구수,201-600,24568,0.10992541286907655,0.46271572777596875,0.4709545674579204,0.00823883968195166,0.5379335768398268,0.24757350304140005,416.86999351422395,10890.463194465852,2.9858933669598877
sj_e2var,2024,R,a4_prevp,A4 전시즌 투구수,601-1200,65402,0.29263032613413154,0.4888076817222715,0.49296703561701544,0.004159353894743922,0.5503566725930208,0.24796752115704163,763.2667933947346,29037.43270207159,2.025886743745348
sj_e2var,2024,R,a4_prevp,A4 전시즌 투구수,1201-2000,27214,0.121764497957467,0.5108400088189903,0.518814119012844,0.007974110193853745,0.5507534757381339,0.24789524115705994,795.275018378716,12079.054939090385,3.098341132479289
sj_e2var,2024,R,a4_prevp,A4 전시즌 투구수,2001-2600,23868,0.10679337977690975,0.4912854030501089,0.5016113047806948,0.010325901730585896,0.5606193937434822,0.24720329737931818,1088.6340700472786,10564.347419308484,4.556636565186253
sj_e2var,2024,R,a4_prevp,A4 전시즌 투구수,2601+,19676,0.08803697588781953,0.5158060581418987,0.5226025656350741,0.006796507493175397,0.5446192862074622,0.248094610019695,662.8858415154482,8740.303821848669,1.627349371027601
sj_e2var,2024,R,a5_asofn,A5 투수 누적 이력,0-99,3959,0.017713884302697575,0.47082596615306893,0.4781544744067651,0.0073285082536961865,0.5566080592459053,0.2466592341077647,999.2586295434758,1748.4582508791877,0.3807054121094898
sj_e2var,2024,R,a5_asofn,A5 투수 누적 이력,100-499,17177,0.0768556177487841,0.47610176398672643,0.4825319682778381,0.006430204291111685,0.5498459503842592,0.24750606745107462,770.8838319766764,7612.1187009933865,1.2716548263801803
sj_e2var,2024,R,a5_asofn,A5 투수 누적 이력,500-1499,39741,0.177814467308286,0.4760323092020835,0.4843981134666107,0.00836580426452721,0.5528076413690598,0.24731153845928872,847.5520411763692,17597.685689357535,4.97996827086176
sj_e2var,2024,R,a5_asofn,A5 투수 누적 이력,1500-3999,72150,0.32282312514261935,0.4888704088704089,0.4941162976122797,0.005245888741870819,0.555358029019841,0.2474991709363489,951.2558258363168,31972.932465218728,3.555059493290935
sj_e2var,2024,R,a5_asofn,A5 투수 누적 이력,4000-7999,51095,0.22861604406323127,0.49345337117134747,0.5035366748538634,0.010083303682515976,0.5477028193326587,0.24831093457909514,658.5957340572102,22716.772795377747,9.301574830574094
sj_e2var,2024,R,a5_asofn,A5 투수 누적 이력,8000+,39375,0.17617686143438166,0.5080126984126984,0.5143445309513773,0.006331832538678972,0.5550130623086694,0.24756114541278382,950.1045000585794,17453.214919265993,2.826518249689236
sj_e2var,2024,R,a6_psucc,A6 투수 수준 5분위,Q1 최저,54380,0.24331422793147112,0.44887826406767195,0.45689115466591695,0.008012890598245004,0.5378320126763387,0.2463853497758391,404.7181490305252,23989.791338069863,6.25158321124193
sj_e2var,2024,R,a6_psucc,A6 투수 수준 5분위,Q2,52532,0.2350456605681508,0.4778230411939389,0.4831207973532721,0.0052977561593332,0.5334728938934904,0.24856583400283172,377.6824013736135,23379.636551815125,2.6398560895743763
sj_e2var,2024,R,a6_psucc,A6 투수 수준 5분위,Q3,48603,0.21746600625511753,0.4926239121041911,0.5021325458964468,0.00950863379225575,0.5423636027089073,0.2485728060296711,549.2344471479727,21631.621640106576,7.86813325380008
sj_e2var,2024,R,a6_psucc,A6 투수 수준 5분위,Q4,40380,0.18067356608813542,0.5184744923229322,0.5270260898115778,0.008551597488645646,0.5442658283742375,0.24823102780924708,571.8468306649016,17947.119994731933,5.287290872851889
sj_e2var,2024,R,a6_psucc,A6 투수 수준 5분위,Q5 최고,27565,0.12333498883653919,0.5456557228369309,0.5489725462280773,0.003316823391146473,0.5526488802426142,0.2458962431244689,814.5159943653391,12136.18747793441,0.54296905423176
sj_e2var,2024,R,a7_inning,A7 이닝,1-3회,75125,0.3361342657843282,0.4996206322795341,0.5047200906592845,0.0050994583797503434,0.5561927775961346,0.24753490926949803,985.9792918618937,33296.09688301703,3.49788054977316
sj_e2var,2024,R,a7_inning,A7 이닝,4-6회,74465,0.3331812060117138,0.48851138118579196,0.4984636386032601,0.009952257417468136,0.5531687672938145,0.24774021037495977,851.570094481302,33030.95134912188,13.205893224922725
sj_e2var,2024,R,a7_inning,A7 이닝,7-8회,51708,0.2313588101853716,0.4783785874526186,0.48494474214584954,0.006566154693230963,0.5497274981778814,0.24766508737404902,748.3702670985303,22929.51750789126,3.9916490147374857
sj_e2var,2024,R,a7_inning,A7 이닝,9회+,22199,0.09932571801858638,0.4865534483535294,0.49336589057650776,0.006812442222978332,0.5546554304312968,0.24768119293551027,855.8178861996502,9844.617081062392,1.8446393194877402
sj_e2var,2024,R,a8_hand,A8 손 매치업,1v1,28390,0.1270263135523072,0.45808383233532934,0.47167997119388566,0.013596138858556317,0.5524763418784581,0.2463233516834514,773.3079825258837,12521.125376857994,9.396561527004268
sj_e2var,2024,R,a8_hand,A8 손 매치업,1v2,37565,0.16807831872463613,0.5074936776254492,0.5074421418084504,-5.1535816998793393e-05,0.5591755491525869,0.24734520264564172,1039.6903961082837,16636.39682900874,0.00017863810794461097
sj_e2var,2024,R,a8_hand,A8 손 매치업,2v1,80544,0.3603806762506879,0.4998758442590385,0.5052332160069137,0.005357371747875206,0.5498951882793441,0.2479718443840341,811.2561305480659,35760.85984462669,4.139130759979762
sj_e2var,2024,R,a8_hand,A8 손 매치업,2v2,76998,0.34451469147236874,0.4820514818566716,0.4924333255651612,0.010381843708489547,0.5491337182762143,0.24794526141731965,693.9299078015937,34182.80077059914,14.859383940044804
sj_e2var,2024,R,a9_batn,A9 타자 누적 이력,0-99,1821,0.00814776037262245,0.4684239428885228,0.49535776026469447,0.026933817376171676,0.5578839390386869,0.24691854510646302,837.1015238656021,805.0744454764719,2.3652560083059773
sj_e2var,2024,R,a9_batn,A9 타자 누적 이력,100-499,9837,0.04401401361092095,0.48459896309850564,0.49481601270564574,0.010217049607140094,0.5488216365884953,0.2479680378512352,718.5898593338513,4367.478375062204,1.8385949455280692
sj_e2var,2024,R,a9_batn,A9 타자 누적 이력,500-1499,24706,0.11054287082153227,0.48765482069133004,0.4964690300824038,0.008814209391073746,0.5519408711076587,0.24785576097389325,797.2202260357442,10964.121543058556,3.436699425972334
sj_e2var,2024,R,a9_batn,A9 타자 누적 이력,1500-3999,51239,0.22926034801361986,0.49286676164640214,0.49641057490406953,0.003543813257667394,0.5569571734971039,0.2474576446036627,996.7918021567823,22702.51161522788,1.1521650279072184
sj_e2var,2024,R,a9_batn,A9 타자 누적 이력,4000+,135894,0.6080350071813044,0.48954332052923605,0.4973880148351145,0.007844694305878475,0.5538302852087909,0.24766854329775848,889.2347460149996,60261.996842267465,14.973547949976053
sj_e2var,2024,R,a10_base,A10 주자 상황,___,116958,0.5233090377052041,0.4876622377263633,0.49691826871527583,0.009256030988912534,0.5513848740089797,0.24785761754583688,796.5498349645773,51904.4496420722,17.94121784477578
sj_e2var,2024,R,a10_base,A10 주자 상황,1__,44920,0.2009870378573314,0.49296527159394476,0.4984753864193996,0.005510114825454826,0.5545488378444072,0.2475820960692613,947.5541787815622,19912.75587442461,2.4419312487366245
sj_e2var,2024,R,a10_base,A10 주자 상황,_2_,17468,0.07815764864852771,0.500343485230135,0.49627932968801497,-0.004064155542120085,0.5556658703307905,0.24765350711618403,938.5504036136693,7745.688942172127,0.5166021523023124
sj_e2var,2024,R,a10_base,A10 주자 상황,__3,5733,0.025651351024845972,0.5067155067155067,0.5064941267625435,-0.00022137995296322988,0.5561052859650362,0.2474680100739425,994.9362369033987,2540.232068174242,0.000503072884811708
sj_e2var,2024,R,a10_base,A10 주자 상황,12_,18986,0.08494968612554084,0.48325081639102496,0.49407860795655606,0.010827791565531097,0.5597367799086662,0.2471362868376708,1034.4319824367342,8401.220437027021,3.985525911690322
sj_e2var,2024,R,a10_base,A10 주자 상황,1_3,7419,0.033195076443979114,0.4937323089365144,0.4994544343428412,0.005722125406326828,0.5522879472559984,0.2479797601061455,792.5069082459269,3294.078868317615,0.43494315523543253
sj_e2var,2024,R,a10_base,A10 주자 상황,_23,4798,0.021467849680308907,0.48999583159649857,0.49221311281504765,0.002217281218549083,0.5552938806309239,0.24739146792502353,1003.7813231446147,2125.2858346240187,0.042235164176101216
sj_e2var,2024,R,a10_base,A10 주자 상황,123,7215,0.03228231251426194,0.47595287595287594,0.48959902796065313,0.01364615200777719,0.5718460262567165,0.24596476323031827,1385.994922739442,3177.4711542807454,2.4056316623583007
sj_e2var,2024,R,a11_typemo,A11 game_type x 월블록,R|early,87355,0.39085535823747075,0.4950603857821533,0.49871537333812654,0.003654987555973266,0.5591655301256324,0.2473168596588738,1063.6000274654168,38682.44153523892,2.0894498881654924
sj_e2var,2024,R,a11_typemo,A11 game_type x 월블록,R|mid,68816,0.30790569895792785,0.49006045105789353,0.49733450083845243,0.0072740497805589,0.5559400249344411,0.24747426662512248,971.1592779804823,30492.41750577991,6.519500895950693
sj_e2var,2024,R,a11_typemo,A11 game_type x 월블록,R|late,67326,0.3012389428046014,0.4823990731663845,0.49420864663733205,0.011809573470947576,0.5449303216612661,0.24825509545762103,574.7569886966453,29926.323780073744,16.81216423657224
sj_e2var,2024,R,a12_role,A12 투수 역할(전시즌),불펜(<30구/경기),79963,0.3577810887841895,0.4781461425909483,0.48675164071802324,0.008605498127074951,0.5512304226344982,0.24756678885524402,783.7452634390174,35444.907661329446,10.602627277589106
sj_e2var,2024,R,a12_role,A12 투수 역할(전시즌),스윙(30-70),31678,0.14173792041951347,0.48307973988256836,0.48836144705620077,0.005281707173632411,0.5409015744555401,0.24849072199254363,489.75397886402703,14094.196393564034,1.5822633914115862
sj_e2var,2024,R,a12_role,A12 투수 역할(전시즌),선발(>=70),61741,0.2762497930620993,0.5061304481624852,0.5136868036457627,0.007556355483277488,0.5566074407179141,0.24747440645153726,995.3540926773363,27357.495537925945,6.3120554784589
sj_e2var,2024,R,a12_role,A12 투수 역할(전시즌),전시즌없음,50115,0.22423119773419778,0.4921081512521201,0.49795413510289044,0.005845983850770342,0.5578512320661702,0.24745857342350805,991.9052284288132,22204.583228273157,3.0665873775029584
sj_e2var,2024,R,a13_tens,A13 이닝 x 점수차,초반|0-1점,50063,0.22399853241877968,0.49951061662305496,0.506128522643877,0.0066179060208220175,0.5556936458813244,0.24753013603826954,987.8507326018804,22187.95814001649,3.925820590143601
sj_e2var,2024,R,a13_tens,A13 이닝 x 점수차,초반|2-3점,17952,0.08032322581511162,0.49721479500891264,0.5028651717239953,0.005650376715082617,0.5529794947441651,0.24798504537113492,802.9038184869108,7970.961613697907,1.0262189572525588
sj_e2var,2024,R,a13_tens,A13 이닝 x 점수차,초반|4점+,7110,0.03181250755043692,0.5064697609001406,0.4994865005441871,-0.0069832603559535356,0.5687741182688163,0.24643197241695347,1410.7041066924953,3137.1771293026386,0.6208096446383128
sj_e2var,2024,R,a13_tens,A13 이닝 x 점수차,중반|0-1점,27628,0.1236168718148342,0.4966338497176777,0.505301632301672,0.00866778258399431,0.550275239571674,0.24801376834737834,789.996079639721,12268.673949479758,3.716531792864732
sj_e2var,2024,R,a13_tens,A13 이닝 x 점수차,중반|2-3점,24982,0.11177778672644376,0.48590985509566886,0.49877055358172434,0.012860698486055477,0.5501598009102907,0.24799044556681007,724.9846310329433,11092.630311910816,7.398244899855884
sj_e2var,2024,R,a13_tens,A13 이닝 x 점수차,중반|4점+,21855,0.09778654747043584,0.4812171127888355,0.48946856013646917,0.008251447347633667,0.5589603325667506,0.24710835335254927,1016.9750605850569,9669.64708773132,2.6643020737920873
sj_e2var,2024,R,a13_tens,A13 이닝 x 점수차,후반|0-1점,22754,0.10180897282737576,0.4897600421903841,0.4925624203340455,0.0028023781436614104,0.5518393848781251,0.2479392064080879,782.7030291271519,10101.255284371578,0.31995110507090996
sj_e2var,2024,R,a13_tens,A13 이닝 x 점수차,후반|2-3점,21063,0.09424287574329857,0.47671271898589945,0.4912999186246791,0.014587199638779635,0.5473728688606074,0.24788003789947757,632.4377348985499,9348.33286895006,8.024841578301992
sj_e2var,2024,R,a13_tens,A13 이닝 x 점수차,후반|4점+,30090,0.13463267963328368,0.4769690927218345,0.48094837598913265,0.003979283267298128,0.5540755720626201,0.24731921565391787,861.9735036288768,13324.546435632014,0.853108532413065
sj3way_nv,2024,R,a1_count,A1 볼카운트,0-0,57317,0.2567655346351472,0.490221051346023,0.4972682086977076,0.0070471573516845964,0.5503354779809977,0.2479661546521541,775.5836739834488,25478.53595263424,5.102817063683221
sj3way_nv,2024,R,a1_count,A1 볼카운트,0-1,27756,0.12433979760512841,0.5086467790747946,0.5147570132529442,0.006110234178149598,0.5466149483037622,0.2481804739337264,698.1124936784045,12348.752858681424,1.8576812585618905
sj3way_nv,2024,R,a1_count,A1 볼카운트,0-2,14295,0.0640379523982314,0.49282966072053164,0.4940383601167776,0.0012086993962459602,0.53054991312009,0.24931058971929365,255.2510998101165,6388.861835852412,0.037438581079063754
sj3way_nv,2024,R,a1_count,A1 볼카운트,1-0,23162,0.10375984983895317,0.48355064329505226,0.49130187503994477,0.007751231744892506,0.5552760825948838,0.24744727695490415,913.8457620645136,10274.42075441596,2.494687270189168
sj3way_nv,2024,R,a1_count,A1 볼카운트,1-1,22316,0.09996998570961398,0.4882147338232658,0.4981415272115457,0.009926793388279898,0.5580329609486064,0.24731759654085037,1017.9699376708595,9893.956136634457,3.9421480354143568
sj3way_nv,2024,R,a1_count,A1 볼카운트,1-2,21724,0.0973179767680433,0.4993555514638188,0.49594394932849106,-0.0034116021353277626,0.5448342584508555,0.2483980932220947,640.597649792285,9673.567411757149,0.45326810457274863
sj3way_nv,2024,R,a1_count,A1 볼카운트,2-0,8167,0.036586076057107786,0.47508264968776787,0.4847515561623929,0.009668906474625039,0.5508239967872182,0.24725094184179455,853.3929237448224,3619.9212338426623,1.3687240078866523
sj3way_nv,2024,R,a1_count,A1 볼카운트,2-1,11820,0.05295058393473908,0.4779187817258883,0.48503007399717596,0.00711129227128765,0.5575462624346389,0.2470049018468921,1004.967189470396,5233.854667907508,1.0715517349802397
sj3way_nv,2024,R,a1_count,A1 볼카운트,2-2,18355,0.08222571642319254,0.4939798420049033,0.4936208195530546,-0.00035902245184871173,0.5497794638098026,0.24801076570475167,781.310063086904,8160.627088666069,0.004241272888841332
sj3way_nv,2024,R,a1_count,A1 볼카운트,3-0,2732,0.012238662885762027,0.4882869692532943,0.47014096787499904,-0.01814600137829525,0.5765631132931388,0.24584108517971243,1609.5711934600354,1204.0201908377273,1.6126539499508263
sj3way_nv,2024,R,a1_count,A1 볼카운트,3-1,5217,0.02337082879759169,0.46348476135710176,0.47237142896752204,0.008886667610420285,0.5695167333482861,0.24548924332159294,1277.7725468765766,2295.8944307859106,0.7385796208444305
sj3way_nv,2024,R,a1_count,A1 볼카운트,3-2,10366,0.04643703494648945,0.4588076403627243,0.46757489801047125,0.00876725764774694,0.549215438908953,0.2465547943152666,704.1372266359036,4581.664319768506,1.4283589297345873
sj3way_nv,2024,R,a1b_phase,A1b 카운트 국면,초구 0-0,57317,0.2567655346351472,0.490221051346023,0.4972682086977076,0.0070471573516845964,0.5503354779809977,0.2479661546521541,775.5836739834488,25478.53595263424,5.102817063683221
sj3way_nv,2024,R,a1b_phase,A1b 카운트 국면,투수우위 0-1,27756,0.12433979760512841,0.5086467790747946,0.5147570132529442,0.006110234178149598,0.5466149483037622,0.2481804739337264,698.1124936784045,12348.752858681424,1.8576812585618905
sj3way_nv,2024,R,a1b_phase,A1b 카운트 국면,평행 1-1,22316,0.09996998570961398,0.4882147338232658,0.4981415272115457,0.009926793388279898,0.5580329609486064,0.24731759654085037,1017.9699376708595,9893.956136634457,3.9421480354143568
sj3way_nv,2024,R,a1b_phase,A1b 카운트 국면,타자우위 1-0/2-0/2-1,43149,0.19329650983080005,0.4804051078819903,0.4883440048089199,0.007938896926929562,0.555217717842104,0.24728893394242488,932.2743276302448,19128.19665616613,4.875168969210477
sj3way_nv,2024,R,a1b_phase,A1b 카운트 국면,2스트라이크,54374,0.2435816455894672,0.49582521057858536,0.4946587496961377,-0.0011664608824476508,0.5429415167021377,0.24850723988863804,590.1736420904857,24223.05633627563,0.13262648261361665
sj3way_nv,2024,R,a1b_phase,A1b 카운트 국면,3볼,7949,0.035609491683353714,0.47200905774311236,0.4716048394965479,-0.00040421824656444727,0.5715519588821948,0.24561016821231915,1447.0706537344502,3499.9146216236377,0.002328321428953782
sj3way_nv,2024,R,a1b_phase,A1b 카운트 국면,풀카운트,10366,0.04643703494648945,0.4588076403627243,0.46757489801047125,0.00876725764774694,0.549215438908953,0.2465547943152666,704.1372266359036,4581.664319768506,1.4283589297345873
sj3way_nv,2024,R,a2_li,A2 경기 중요도 li,li<0.10,24468,0.10961039659181013,0.4740477358182115,0.47557955473122804,0.0015318189130165139,0.5507475065022681,0.2474192193849822,764.9651168139316,10852.517998361498,0.10292288164411983
sj3way_nv,2024,R,a2_li,A2 경기 중요도 li,0.10-0.35,28059,0.1256971602897499,0.48387326704444206,0.4879886103506084,0.004115343306166364,0.5491159453203722,0.24782367894649115,767.2980245168603,12465.611838508225,0.8518888624848113
sj3way_nv,2024,R,a2_li,A2 경기 중요도 li,0.35-0.70,49932,0.2236826190380196,0.4868621325002003,0.4967463081613681,0.009884175661167838,0.5563207046687466,0.2474604721532617,947.4238286302672,22150.4936610691,8.744973193630392
sj3way_nv,2024,R,a2_li,A2 경기 중요도 li,0.70-1.20,57451,0.2573658204428676,0.498215870916085,0.49997624761762544,0.0017603767015404448,0.5496941306635986,0.24799616531981897,800.2708148584059,25541.192399964722,0.319159243657712
sj3way_nv,2024,R,a2_li,A2 경기 중요도 li,1.20-2.00,41585,0.18629018891083965,0.49484189010460505,0.5008668117450453,0.006024921640440273,0.5492151853098243,0.24800418613233066,787.7669456078152,18488.187114113487,2.7060643644295306
sj3way_nv,2024,R,a2_li,A2 경기 중요도 li,li>=2.00,21732,0.09735381472671317,0.4887263022271305,0.4962576426485276,0.007531340421397137,0.5508932888029567,0.2478576185052468,806.5241181124949,9656.073869766999,2.2097485816556515
sj3way_nv,2024,R,a3_load,A3 전시즌 경기당 대비 등판 투구수,<0.25,42764,0.19157180806981233,0.49214292395472825,0.49487990864602904,0.0027369846913007922,0.5506801426913978,0.24790042062945297,815.3396261711632,19004.401416040997,0.5742773240520044
sj3way_nv,2024,R,a3_load,A3 전시즌 경기당 대비 등판 투구수,0.25-0.50,39822,0.17839239876896612,0.48859926673697957,0.4941027865963885,0.005503519859408945,0.5523168447609913,0.2476780994988851,877.2255884871627,17681.10019336682,2.162234310772392
sj3way_nv,2024,R,a3_load,A3 전시즌 경기당 대비 등판 투구수,0.50-0.75,33180,0.1486379335833031,0.48981314044605184,0.4967087632282533,0.00689562278220146,0.5484498334391417,0.24807682499077574,728.063371342913,14755.74655700464,2.8282772746650604
sj3way_nv,2024,R,a3_load,A3 전시즌 경기당 대비 등판 투구수,0.75-1.00,25968,0.11633001384241154,0.49322242760320395,0.49860769399928556,0.005385266396081612,0.5581087772364917,0.2473443021170664,1044.0968025187792,11514.339311869953,1.3500551081158307
sj3way_nv,2024,R,a3_load,A3 전시즌 경기당 대비 등판 투구수,1.00-1.25,12751,0.05712122637494568,0.4790996784565916,0.493871669484978,0.014771991028386389,0.5488356682370047,0.2477767288943827,715.8298309984712,5663.740823048091,4.987936624065439
sj3way_nv,2024,R,a3_load,A3 전시즌 경기당 대비 등판 투구수,1.25-1.50,5753,0.02577197202847326,0.4884408134886146,0.4885192799480249,7.846645941028685e-05,0.553770452355127,0.2476858966351409,872.6618309405465,2554.431511037055,6.349815373159338e-05
sj3way_nv,2024,R,a3_load,A3 전시즌 경기당 대비 등판 투구수,>=1.50,12969,0.058097810748699755,0.47929678464029607,0.47770361330903593,-0.0015931713312601348,0.545512888499339,0.24783662256286956,695.0934568821122,5761.96456167733,0.05901060488918389
sj3way_nv,2024,R,a3_load,A3 전시즌 경기당 대비 등판 투구수,전시즌없음,50020,0.2240768365833882,0.4920031987205118,0.4977778548865387,0.005774656166026904,0.553336928976728,0.24778188633309425,861.8864009910187,22218.35250773914,2.990160906605067
sj3way_nv,2024,R,a3b_gp,A3b 등판 내 투구수,1-10,67150,0.3008148655852563,0.48025316455696204,0.48776184057214245,0.007508676015180404,0.5503156876896453,0.2476544404742059,783.4708249624733,29811.974901866113,6.786898576329187
sj3way_nv,2024,R,a3b_gp,A3b 등판 내 투구수,11-20,46207,0.20699556953235942,0.48505637673945506,0.4898184382955132,0.004762061556058128,0.5501343794906789,0.24783169789469356,778.6916560399426,20528.784492646908,1.8784359584671342
sj3way_nv,2024,R,a3b_gp,A3b 등판 내 투구수,21-35,33681,0.15088228574500395,0.4931563789673703,0.49487987683794077,0.0017234978705704673,0.5536014794040585,0.24764322458602334,924.1492367235704,14952.370106587521,0.17935153181645516
sj3way_nv,2024,R,a3b_gp,A3b 등판 내 투구수,36-60,36826,0.16497108324709825,0.49861510889045785,0.5013144876021018,0.002699378711643996,0.5503493776801877,0.24787420613514188,849.5568941292775,16363.812541366813,0.481039563223205
sj3way_nv,2024,R,a3b_gp,A3b 등판 내 투구수,61-80,24185,0.10834262880386333,0.49952449865619186,0.5048683649828907,0.0053438663266988096,0.5485755389116415,0.24817018094129806,731.8378447482065,10759.554746376993,1.2381004297364937
sj3way_nv,2024,R,a3b_gp,A3b 등판 내 투구수,81+,15178,0.06799356708641875,0.5002635393332455,0.5102053266817448,0.009941787348499265,0.5569194243631225,0.24762288651620767,950.8178764733976,6737.580092939669,2.6893176246698594
sj3way_nv,2024,R,a4_prevp,A4 전시즌 투구수,없음,50020,0.2240768365833882,0.4920031987205118,0.4977778548865387,0.005774656166026904,0.553336928976728,0.24778188633309425,861.8864009910187,22218.35250773914,2.990160906605067
sj3way_nv,2024,R,a4_prevp,A4 전시즌 투구수,1-200,12634,0.05659709622939877,0.448234921640019,0.46682564565824364,0.018590724018224647,0.5399649814335128,0.2464432975903163,354.6327576825603,5581.5715263715365,7.827662472103657
sj3way_nv,2024,R,a4_prevp,A4 전시즌 투구수,201-600,24531,0.10989262051633539,0.4628836981778158,0.46874043437296886,0.005856736195153034,0.5323530172548623,0.2479361842283513,275.99925248462665,10903.19491869684,1.5084300937619741
sj3way_nv,2024,R,a4_prevp,A4 전시즌 투구수,601-1200,65328,0.29265277049819244,0.4886419299534656,0.4909273107831795,0.002285380829713912,0.5486979858440271,0.24802068268412794,740.5067428023049,29045.96914887029,0.611667116654972
sj3way_nv,2024,R,a4_prevp,A4 전시즌 투구수,1201-2000,27192,0.12181322151890228,0.5109958811415122,0.5155605959161754,0.004564714774663248,0.546883929993868,0.24812408038429248,702.3437653105647,12095.078089923232,1.0157037455642557
sj3way_nv,2024,R,a4_prevp,A4 전시즌 투구수,2001-2600,23855,0.10686431300873102,0.4912596939844896,0.49494894933368344,0.003689255349193843,0.560291400226002,0.24707545472254472,1139.609163704225,10565.92770516849,0.582043525725806
sj3way_nv,2024,R,a4_prevp,A4 전시즌 투구수,2601+,19667,0.0881031416450519,0.5157878680022373,0.5225513350696662,0.006763467067428919,0.545914557557976,0.24801193198953095,696.2186426223593,8743.982985014505,1.6127813318723034
sj3way_nv,2024,R,a5_asofn,A5 투수 누적 이력,0-99,3918,0.017551640258570873,0.4706482899438489,0.4807228375847061,0.01007454764085719,0.5442523067332975,0.24754374361570186,640.0992410057427,1738.661337127008,0.7128762597862504
sj3way_nv,2024,R,a5_asofn,A5 투수 누적 이력,100-499,17157,0.07685898211237888,0.4759573351984613,0.4804696251690596,0.004512289970598327,0.5457359419451563,0.24769326282826085,693.0775094629693,7618.23132870187,0.6262301358940032
sj3way_nv,2024,R,a5_asofn,A5 투수 누적 이력,500-1499,39698,0.17783691040958308,0.4760693233916066,0.48068862280301783,0.004619299411411204,0.5497884514950547,0.24752136164919292,764.1348377994461,17614.88951251877,1.518516320965138
sj3way_nv,2024,R,a5_asofn,A5 투수 누적 이력,1500-3999,72070,0.3228552101672289,0.488844179270154,0.49225868085990354,0.003414501589749541,0.5522926730138885,0.24765764764602696,887.6018636286509,31996.676921721657,1.506287149924334
sj3way_nv,2024,R,a5_asofn,A5 투수 누적 이력,4000-7999,51037,0.22863273707929596,0.4933479632423536,0.5033639383322847,0.010015975089931073,0.5455365440050676,0.24844606788644102,603.9799116747014,22730.860487993603,9.178468470054035
sj3way_nv,2024,R,a5_asofn,A5 투수 누적 이력,8000+,39347,0.17626451997294235,0.5080184003863064,0.5106693685792022,0.0026509681928957862,0.5557684037926615,0.24745918513065812,990.862878938259,17454.75729372111,0.4957004005492255
sj3way_nv,2024,R,a6_psucc,A6 투수 수준 5분위,Q1 최저,54311,0.24329942166494198,0.4487672847121209,0.4525358211692777,0.0037685364571568014,0.5348440237287176,0.24647089595669439,365.5632800132147,23996.72937252005,1.3827123821442442
sj3way_nv,2024,R,a6_psucc,A6 투수 수준 5분위,Q2,52470,0.23505221142603716,0.4777777777777778,0.4845589028050665,0.006781125027288726,0.5289449992150347,0.24886178986647262,258.2633390188827,23408.193300742765,4.32526955536844
sj3way_nv,2024,R,a6_psucc,A6 투수 수준 5분위,Q3,48557,0.21752296989163497,0.49259633008629033,0.5014237147079605,0.008827384621670209,0.5410835065925766,0.24863057226043542,525.960685275828,21642.37844693693,6.782886611583006
sj3way_nv,2024,R,a6_psucc,A6 투수 수준 5분위,Q4,40345,0.18073530531700915,0.518478126161854,0.5239607550204016,0.005482628858547667,0.5391155328530306,0.24842669383592883,493.41990247584454,17967.45600099382,2.174032468376125
sj3way_nv,2024,R,a6_psucc,A6 투수 수준 5분위,Q5 최고,27544,0.12339009170037675,0.5456360731919837,0.5438765571580576,-0.0017595160339261007,0.5535782398801922,0.24584916126298134,834.2246197969861,12139.319760590455,0.15286641399968065
sj3way_nv,2024,R,a7_inning,A7 이닝,1-3회,75075,0.3363168433926004,0.49964701964701963,0.5019181485030988,0.002271128856079163,0.5533120546237754,0.24771836259414406,912.6055791153775,33338.967994346654,0.6941886394396188
sj3way_nv,2024,R,a7_inning,A7 이닝,4-6회,74368,0.3331496637951502,0.48842243975903615,0.49675281437041025,0.008330374611374092,0.5520310662239306,0.24775642177550813,844.2679917360474,33030.080543736025,9.25153457426044
sj3way_nv,2024,R,a7_inning,A7 이닝,7-8회,51627,0.23127578653119918,0.4783930888875976,0.48328751795571645,0.004894429068118877,0.5470039546773259,0.2478326175222856,681.4821712289088,22936.859993986996,2.2170708799019274
sj3way_nv,2024,R,a7_inning,A7 이닝,9회+,22157,0.09925770628105023,0.48634742970618766,0.49172448855765594,0.005377058851468275,0.5515689750634156,0.24793959973401272,750.1623352031861,9848.168349714348,1.1484157709159628
sj3way_nv,2024,R,a8_hand,A8 손 매치업,1v1,28343,0.12696940782253044,0.4579614014042268,0.46680705583925775,0.008845654435030936,0.5514577677322308,0.24631411068464407,772.9219836306922,12515.082576748056,3.9756154139162136
sj3way_nv,2024,R,a8_hand,A8 손 매치업,1v2,37533,0.1681382628445484,0.5074467801667866,0.5056114223334047,-0.0018353578333818454,0.5552980939388935,0.24752572489567537,967.7428907163165,16654.52421992557,0.22664878166399638
sj3way_nv,2024,R,a8_hand,A8 손 매치업,2v1,80457,0.3604268300877582,0.4998570665075755,0.5058120935658158,0.005955027058240303,0.5474538272762905,0.24818098504777963,727.5978683541018,35795.707410989235,5.114814926445908
sj3way_nv,2024,R,a8_hand,A8 손 매치업,2v2,76894,0.344465499245163,0.48202720628397533,0.4885412772169995,0.006514070933024196,0.5466476857525858,0.2480232074915138,662.3643089685771,34188.76267412117,5.849194065321033
sj3way_nv,2024,R,a9_batn,A9 타자 누적 이력,0-99,1818,0.008144176107728903,0.4675467546754675,0.4943706965136143,0.026823941838146792,0.5585391346621293,0.2467136131187712,897.0486332565031,804.0547150963993,2.34497213800109
sj3way_nv,2024,R,a9_batn,A9 타자 누적 이력,100-499,9826,0.04401797273627294,0.4845308365560757,0.4920959073087601,0.007565070752684422,0.5398276926317876,0.2486636231701092,439.25316927397876,4380.136327035901,1.0080947631207526
sj3way_nv,2024,R,a9_batn,A9 타자 누적 이력,500-1499,24667,0.11050186581372325,0.4874934122511858,0.49264497992983486,0.005151567678649049,0.5534615137937398,0.24769941260771797,858.2060063327956,10953.172342171129,1.1735288314341352
sj3way_nv,2024,R,a9_batn,A9 타자 누적 이력,1500-3999,51171,0.22923302288701636,0.4928768247640265,0.4935627113613728,0.000685886597346308,0.5551483215924217,0.24753073051943011,967.6083263872259,22706.57536492214,0.04315460520545029
sj3way_nv,2024,R,a9_batn,A9 타자 누적 이력,4000+,135745,0.6081029624552585,0.4895281594165531,0.49598564179867316,0.006457482382120072,0.5511009255082194,0.2478379857111655,821.302191622475,60310.13813255846,10.14726289882192
sj3way_nv,2024,R,a10_base,A10 주자 상황,___,116855,0.5234805825460181,0.48764708399298273,0.4949283948321069,0.007281310839124144,0.5502639665523751,0.24788835288658792,784.099629083912,51928.052131508746,11.106188832953496
sj3way_nv,2024,R,a10_base,A10 주자 상황,1__,44863,0.2009747924758206,0.4928783184361278,0.49786947169775336,0.0049911532616255805,0.5520966558633481,0.24777551071575535,869.684810287441,19927.155149804643,2.003497172194078
sj3way_nv,2024,R,a10_base,A10 주자 상황,_2_,17438,0.07811779041065821,0.5005161142332837,0.49259687610158326,-0.007919238131700423,0.553196187678964,0.2477256091081502,909.6507764081108,7744.015059261528,1.9604785219035228
sj3way_nv,2024,R,a10_base,A10 주자 상황,__3,5720,0.025624140448960026,0.5066433566433567,0.5015222011080462,-0.005121155535310451,0.5476443589483987,0.24809982103431474,742.5489984646428,2544.0233339789625,0.26892462486705265
sj3way_nv,2024,R,a10_base,A10 주자 상황,12_,18961,0.0849404417924355,0.4833078424133748,0.49130662643017786,0.00799878401680304,0.5553731974713039,0.2474283549763075,918.2301384851544,8410.25795698931,2.174742236057184
sj3way_nv,2024,R,a10_base,A10 주자 상황,1_3,7399,0.033145632024799865,0.49303959994593866,0.49526098924649176,0.0022213893005531005,0.5480727069272755,0.24812034438023722,732.625354837324,3291.0464590381775,0.06545170878009898
sj3way_nv,2024,R,a10_base,A10 주자 상황,_23,4790,0.021457977753587154,0.4899791231732777,0.4885452148453983,-0.001433908327879374,0.5508233658386936,0.24781222338354625,835.2789657113724,2127.9276032502044,0.017655373036899447
sj3way_nv,2024,R,a10_base,A10 주자 상황,123,7201,0.032258642547720484,0.4759061241494237,0.4888519504893927,0.012945826339968991,0.5664188064203513,0.24646431383922024,1184.8197447529185,3181.599187952455,2.163470488189798
sj3way_nv,2024,R,a11_typemo,A11 game_type x 월블록,R|early,87321,0.39117579862651025,0.49506991445356785,0.4961882350517482,0.0011183205981803446,0.5553472141263075,0.2475671804167308,963.4992101682726,38753.45091880328,0.1957717214010625
sj3way_nv,2024,R,a11_typemo,A11 game_type x 월블록,R|mid,68789,0.30815716736774673,0.4900928927590167,0.4953713940026851,0.00527850124366841,0.5549702534218048,0.24749879164998018,961.6005578098608,30520.432918496408,3.435886927506414
sj3way_nv,2024,R,a11_typemo,A11 game_type x 월블록,R|late,67117,0.300667034005743,0.482217619977055,0.492663360779477,0.010445740802421999,0.5433554980221,0.2483431882012915,536.9186264541081,29880.19304448433,13.128334602634812
sj3way_nv,2024,R,a12_role,A12 투수 역할(전시즌),불펜(<30구/경기),79856,0.3577345034426839,0.478110599078341,0.4835694002030415,0.005458801124700485,0.5502833785347325,0.24757595350454664,779.454138030522,35441.70639273103,4.265802140527568
sj3way_nv,2024,R,a12_role,A12 투수 역할(전시즌),스윙(30-70),31648,0.14177496449802218,0.483095298281092,0.48945372737590276,0.006358429094810769,0.5354647592517184,0.24885586122430825,343.74085603514624,14118.636419752202,2.293741888893006
sj3way_nv,2024,R,a12_role,A12 투수 역할(전시즌),선발(>=70),61703,0.2764136954759057,0.5061180169521742,0.5099402718248583,0.003822254872684172,0.5554213386964721,0.24748865223763122,989.715233061672,27375.381561561666,1.6160104933800283
sj3way_nv,2024,R,a12_role,A12 투수 역할(전시즌),전시즌없음,50020,0.2240768365833882,0.4920031987205118,0.4977778548865387,0.005774656166026904,0.553336928976728,0.24778188633309425,861.8864009910187,22218.35250773914,2.990160906605067
sj3way_nv,2024,R,a13_tens,A13 이닝 x 점수차,초반|0-1점,50034,0.22413955301106048,0.49956029899668225,0.5035260343145381,0.0039657353178558785,0.5536682647045005,0.24767922125933647,928.2348793249517,22215.362708472025,1.4106240530796974
sj3way_nv,2024,R,a13_tens,A13 이닝 x 점수차,초반|2-3점,17936,0.08034870333785787,0.49726806422836756,0.49984707634618025,0.0025790121178126957,0.5501547680184468,0.24808017898826773,764.9658526769132,7976.571682815073,0.21386069374339675
sj3way_nv,2024,R,a13_tens,A13 이닝 x 점수차,초반|4점+,7105,0.031828587043681994,0.5062631949331456,0.49582353787916156,-0.010439657053984086,0.5603220677690043,0.24708062279129556,1152.2406377625582,3147.033603059563,1.388146035937556
sj3way_nv,2024,R,a13_tens,A13 이닝 x 점수차,중반|0-1점,27596,0.12362303843173093,0.4965212349615886,0.5041496951694024,0.007628460207813825,0.5499105457785901,0.24797745872197854,804.2147185342463,12267.525005349173,2.8788465548746585
sj3way_nv,2024,R,a13_tens,A13 이닝 x 점수차,중반|2-3점,24955,0.11179203232583872,0.4859547184932879,0.49752894084864985,0.01157422235536193,0.5506582399467398,0.2479064420499812,759.1142086014635,11090.31795044751,5.992938592952017
sj3way_nv,2024,R,a13_tens,A13 이닝 x 점수차,중반|4점+,21817,0.09773459303758059,0.48100105422377043,0.4865088505443361,0.005507796320565694,0.5550346782231625,0.2473052373081538,934.8709042795944,9672.237587939346,1.1864498489633601
sj3way_nv,2024,R,a13_tens,A13 이닝 x 점수차,후반|0-1점,22731,0.1018290798156137,0.4899036558004487,0.49152661181627416,0.0016229560158254608,0.5469272374512398,0.24829541060473206,641.3227875738947,10117.794279644553,0.10733235358079217
sj3way_nv,2024,R,a13_tens,A13 이닝 x 점수차,후반|2-3점,21029,0.09420455410859797,0.4769128346569024,0.49011213748205745,0.01319930282515508,0.5467506367896736,0.2478616246633087,643.515272087869,9343.864322470734,6.567789380833785
sj3way_nv,2024,R,a13_tens,A13 이닝 x 점수차,후반|4점+,30024,0.13449985888803773,0.4765853983479883,0.4784960241861791,0.0019106258381907937,0.5502406756274577,0.2475408730558446,766.0332406491776,13323.369741586059,0.1964800478300189
cw_v17_base,2024,R,a1_count,A1 볼카운트,0-0,57385,0.25675959856284425,0.4901629345647817,0.5025986955558822,0.012435760991100497,0.551265622118262,0.24801852933840676,754.1730409206027,25483.255018046744,15.889692965344405
cw_v17_base,2024,R,a1_count,A1 볼카운트,0-1,27768,0.12424327843326756,0.5087510803802938,0.5113322010777899,0.0025811206974960532,0.5503492211340955,0.24788350373071014,816.2159724600326,12324.366737256314,0.33123301199842253
cw_v17_base,2024,R,a1_count,A1 볼카운트,0-2,14321,0.06407692273274361,0.49298233363591926,0.5024299755028068,0.009447641866887513,0.5312166009333109,0.24935668295241042,237.67458220700365,6393.913303769634,2.2887195285998234
cw_v17_base,2024,R,a1_count,A1 볼카운트,1-0,23181,0.1037195130135975,0.48367197273629264,0.4985181340406698,0.014846161304377159,0.5565195520703428,0.24751563932318743,888.0495128895216,10273.234427475509,9.148142124480653
cw_v17_base,2024,R,a1_count,A1 볼카운트,1-1,22332,0.09992080430609807,0.4881783987103708,0.5052575750285564,0.017079176318185618,0.5602318147215638,0.2472973167292209,1025.7465988947279,9888.249357347735,11.663633098797876
cw_v17_base,2024,R,a1_count,A1 볼카운트,1-2,21751,0.09732121683959964,0.4995632384717944,0.5042522589006702,0.004689020428875756,0.5467328903540444,0.24831731775169835,672.9971085930653,9670.715860873703,0.8562801264429418
cw_v17_base,2024,R,a1_count,A1 볼카운트,2-0,8177,0.03658662084949686,0.4751131221719457,0.4912289272970387,0.01611580512509303,0.5484299303963796,0.24752888998585276,742.5409211901823,3624.0341249638886,3.8025102950410585
cw_v17_base,2024,R,a1_count,A1 볼카운트,2-1,11832,0.05294030792359629,0.47777214334009466,0.495348619433232,0.01757647609313734,0.5598953125728692,0.24704090741834167,987.9585006919101,5233.586678018513,6.544766594873149
cw_v17_base,2024,R,a1_count,A1 볼카운트,2-2,18384,0.0822561376662774,0.4939621409921671,0.4985504843218664,0.004588343329699263,0.550656001346961,0.24794194943953846,808.7558628036006,8161.35763484463,0.6929856030531242
cw_v17_base,2024,R,a1_count,A1 볼카운트,3-0,2736,0.01224177505738332,0.48757309941520466,0.4733176114592114,-0.01425548795599324,0.575445871928515,0.24597872216715522,1547.6960194055089,1204.9971522012636,0.9955261090731269
cw_v17_base,2024,R,a1_count,A1 볼카운트,3-1,5227,0.023387338532508267,0.46374593457049934,0.47455732455796085,0.010811389987461506,0.5638127583718058,0.24571408883171938,1194.9036845777528,2299.6140077674504,1.0939260222763159
cw_v17_base,2024,R,a1_count,A1 볼카운트,3-2,10403,0.04654648608258724,0.4590983370181678,0.47324059557863535,0.014142258560467524,0.546377870782739,0.2469650129457709,548.4867628397616,4600.090934255092,3.7253624360482807
cw_v17_base,2024,R,a1b_phase,A1b 카운트 국면,초구 0-0,57385,0.25675959856284425,0.4901629345647817,0.5025986955558822,0.012435760991100497,0.551265622118262,0.24801852933840676,754.1730409206027,25483.255018046744,15.889692965344405
cw_v17_base,2024,R,a1b_phase,A1b 카운트 국면,투수우위 0-1,27768,0.12424327843326756,0.5087510803802938,0.5113322010777899,0.0025811206974960532,0.5503492211340955,0.24788350373071014,816.2159724600326,12324.366737256314,0.33123301199842253
cw_v17_base,2024,R,a1b_phase,A1b 카운트 국면,평행 1-1,22332,0.09992080430609807,0.4881783987103708,0.5052575750285564,0.017079176318185618,0.5602318147215638,0.2472973167292209,1025.7465988947279,9888.249357347735,11.663633098797876
cw_v17_base,2024,R,a1b_phase,A1b 카운트 국면,타자우위 1-0/2-0/2-1,43190,0.19324644178669065,0.4804352859458208,0.4962698001583389,0.01583451421251808,0.5560860447136138,0.2473880941222261,893.0184480916204,19130.855230457913,19.389431639196346
cw_v17_base,2024,R,a1b_phase,A1b 카운트 국면,2스트라이크,54456,0.24365427723862065,0.4959416776847363,0.5018481465090598,0.005906468824323552,0.5441658764280767,0.24846393112742646,607.8796040833167,24225.986799487968,3.4015272619643637
cw_v17_base,2024,R,a1b_phase,A1b 카운트 국면,3볼,7963,0.035629113589891584,0.4719326886851689,0.47413137265061706,0.002198683965448145,0.5675959142889145,0.24580501396116208,1367.1929859123911,3504.6111599687138,0.06892467398352489
cw_v17_base,2024,R,a1b_phase,A1b 카운트 국면,풀카운트,10403,0.04654648608258724,0.4590983370181678,0.47324059557863535,0.014142258560467524,0.546377870782739,0.2469650129457709,548.4867628397616,4600.090934255092,3.7253624360482807
cw_v17_base,2024,R,a2_li,A2 경기 중요도 li,li<0.10,24526,0.10973749088354653,0.47439452010111716,0.4806237526316937,0.006229232530576556,0.5549671059353662,0.24718745759316874,865.0293157530076,10854.892854506843,1.7039945295767671
cw_v17_base,2024,R,a2_li,A2 경기 중요도 li,0.10-0.35,28107,0.12576007731647404,0.48411427758209696,0.4933288367808706,0.00921455919877362,0.5493269285839185,0.2478666496936782,753.1579080338524,12473.978085212364,4.273030660963422
cw_v17_base,2024,R,a2_li,A2 경기 중요도 li,0.35-0.70,49973,0.2235958424497868,0.4868028735517179,0.5024406977772019,0.015637824225483987,0.5541166093442442,0.247743226200914,833.6246111131818,22167.13658449013,21.880662269288244
cw_v17_base,2024,R,a2_li,A2 경기 중요도 li,0.70-1.20,57499,0.2572696725235685,0.49818257708829716,0.5056071439954647,0.007424566907167529,0.5495563982183045,0.2480797554892082,766.7867247668103,25540.1829142394,5.675118426445978
cw_v17_base,2024,R,a2_li,A2 경기 중요도 li,1.20-2.00,41631,0.18627095665713633,0.49482356897504265,0.5058140235318538,0.010990454556811136,0.5529327084428766,0.2478740979039985,839.7326671571448,18476.528493747963,9.003690114238234
cw_v17_base,2024,R,a2_li,A2 경기 중요도 li,li>=2.00,21761,0.09736596016948773,0.48867239557005654,0.5005830013410562,0.011910605770999616,0.5568967413837257,0.24753540314386158,934.992786591271,9644.696304623769,5.52737507386661
cw_v17_base,2024,R,a3_load,A3 전시즌 경기당 대비 등판 투구수,<0.25,42782,0.1914209139272563,0.49216960403908183,0.499790919052216,0.007621315013134178,0.549650576286603,0.24804369646619415,758.1813250182256,19000.352780281562,4.449316450399968
cw_v17_base,2024,R,a3_load,A3 전시즌 경기당 대비 등판 투구수,0.25-0.50,39845,0.17827979793912221,0.4886434935374577,0.4997630140231005,0.011119520485642853,0.5512139235759907,0.2478819911790226,796.0260874765535,17684.43518572903,8.821010441371827
cw_v17_base,2024,R,a3_load,A3 전시즌 경기당 대비 등판 투구수,0.50-0.75,33206,0.14857470122641467,0.48979100162621214,0.5028724488146051,0.013081447188392992,0.5483883743024652,0.2482298004568219,666.6682885564601,14758.522038688372,10.174206182843916
cw_v17_base,2024,R,a3_load,A3 전시즌 경기당 대비 등판 투구수,0.75-1.00,26002,0.11634160637502965,0.49323128990077686,0.5045468424511373,0.011315552550360486,0.5577081692197744,0.24749196244607183,985.069372541103,11522.328154354751,5.961158537832101
cw_v17_base,2024,R,a3_load,A3 전시즌 경기당 대비 등판 투구수,1.00-1.25,12785,0.05720434726193193,0.47931169339069224,0.49977958291181174,0.020467889521119498,0.5577763140038696,0.24730356768570574,908.9266178678224,5661.134855607955,9.59001412944582
cw_v17_base,2024,R,a3_load,A3 전시즌 경기당 대비 등판 투구수,1.25-1.50,5772,0.025825850011409548,0.4883922383922384,0.49283180265214477,0.004439564259906381,0.5531632083437493,0.24783397369129287,812.9526210316928,2561.2946898982113,0.2036945465190087
cw_v17_base,2024,R,a3_load,A3 전시즌 경기당 대비 등판 투구수,>=1.50,12990,0.05812158552463791,0.47913779830638953,0.4841510653996502,0.005013267093260665,0.5539135621210544,0.24744968193189407,847.510095663928,5755.306240028027,0.5845520986017514
cw_v17_base,2024,R,a3_load,A3 전시즌 경기당 대비 등판 투구수,전시즌없음,50115,0.22423119773419778,0.4921081512521201,0.501820310157154,0.009712158905033907,0.5567476597430602,0.24756397864506444,949.7326335540567,22214.041292232563,8.463922538626129
cw_v17_base,2024,R,a3b_gp,A3b 등판 내 투구수,1-10,67227,0.30079598383870926,0.4802980945155964,0.492297717962788,0.011999623447191576,0.5477083714910772,0.24791483776146675,679.8544465485223,29841.36178563679,17.33210668548668
cw_v17_base,2024,R,a3b_gp,A3b 등판 내 투구수,11-20,46277,0.20705870772314616,0.48505737191261317,0.4953672900484616,0.010309918135848417,0.5513443267052464,0.2477880312303374,796.1857504160008,20531.36901088166,8.80740601178947
cw_v17_base,2024,R,a3b_gp,A3b 등판 내 투구수,21-35,33726,0.1509013543805957,0.49323963707525353,0.5010727494855064,0.007833112410252863,0.5564894398180485,0.24757834946780657,950.5529807442126,14950.299238543634,3.705151240078026
cw_v17_base,2024,R,a3b_gp,A3b 등판 내 투구수,36-60,36847,0.16486574763867076,0.49854805004477976,0.5069476680354129,0.008399617990633157,0.5534345440692513,0.24773593989939222,904.7884065242262,16344.195051140865,4.6547203146374185
cw_v17_base,2024,R,a3b_gp,A3b 등판 내 투구수,61-80,24208,0.10831465299310505,0.4995869134170522,0.5096441494152436,0.010057235998191416,0.5519515979049042,0.2479921554831827,803.0700986621287,10749.029146261351,4.384182048610775
cw_v17_base,2024,R,a3b_gp,A3b 등판 내 투구수,81+,15212,0.06806355342577305,0.5004601630291875,0.5159689476431265,0.015508784613939008,0.5605550064167223,0.24750045216539399,999.7352806128679,6741.16100435617,6.551100051442871
cw_v17_base,2024,R,a4_prevp,A4 전시즌 투구수,없음,50115,0.22423119773419778,0.4921081512521201,0.501820310157154,0.009712158905033907,0.5567476597430602,0.24756397864506444,949.7326335540567,22214.041292232563,8.463922538626129
cw_v17_base,2024,R,a4_prevp,A4 전시즌 투구수,1-200,12654,0.056618209640397855,0.44823771139560614,0.4684945322199415,0.02025682082433533,0.5365430157095477,0.2466734565111406,261.6881876986832,5588.852345656507,9.296999121567236
cw_v17_base,2024,R,a4_prevp,A4 전시즌 투구수,201-600,24568,0.10992541286907655,0.46271572777596875,0.47368200478286204,0.010966277006893288,0.5352136879438296,0.2478107945577022,321.4226551397248,10900.901365323802,5.290060192949685
cw_v17_base,2024,R,a4_prevp,A4 전시즌 투구수,601-1200,65402,0.29263032613413154,0.4888076817222715,0.4953750416539479,0.0065673599316763975,0.5482673363307977,0.24812508201876132,700.2108531436791,29055.883356001257,5.050624180107032
cw_v17_base,2024,R,a4_prevp,A4 전시즌 투구수,1201-2000,27214,0.121764497957467,0.5108400088189903,0.5237598730877927,0.012919864268802428,0.550696014356678,0.2479789658340966,761.7693991468722,12083.13454533439,8.133559895693942
cw_v17_base,2024,R,a4_prevp,A4 전시즌 투구수,2001-2600,23868,0.10679337977690975,0.4912854030501089,0.5047039388227736,0.01341853577266472,0.5606128266757969,0.2472949980565754,1051.9426531431786,10568.266290227284,7.6948236693833865
cw_v17_base,2024,R,a4_prevp,A4 전시즌 투구수,2601+,19676,0.08803697588781953,0.5158060581418987,0.5271401108391237,0.011334052697224983,0.5434452396667631,0.24826583533949909,594.3272011691203,8746.336042044677,4.5256363644640745
cw_v17_base,2024,R,a5_asofn,A5 투수 누적 이력,0-99,3959,0.017713884302697575,0.47082596615306893,0.4852296093574673,0.014403643204398353,0.5557468733034918,0.24677976298903556,950.8823802393263,1749.3126268269993,1.4706272123011437
cw_v17_base,2024,R,a5_asofn,A5 투수 누적 이력,100-499,17177,0.0768556177487841,0.47610176398672643,0.4865512284476327,0.010449464460906277,0.5470160932802213,0.24771536777788594,686.972004452402,7618.5557913978855,3.3582093664077934
cw_v17_base,2024,R,a5_asofn,A5 투수 누적 이력,500-1499,39741,0.177814467308286,0.4760323092020835,0.48726104770678147,0.011228738504697966,0.5527024969243609,0.24737055875766217,823.8895501359367,17601.885334333823,8.971666340056107
cw_v17_base,2024,R,a5_asofn,A5 투수 누적 이력,1500-3999,72150,0.32282312514261935,0.4888704088704089,0.49713127880097563,0.008260869930566739,0.5539541467860453,0.24763030270586203,898.7771163421754,31989.872591502084,8.815770792710865
cw_v17_base,2024,R,a5_asofn,A5 투수 누적 이력,4000-7999,51095,0.22861604406323127,0.49345337117134747,0.506804001794907,0.013350630623559567,0.5455937183223049,0.2485200647304459,574.9293303011771,22735.905106812002,16.306259538950222
cw_v17_base,2024,R,a5_asofn,A5 투수 누적 이력,8000+,39375,0.17617686143438166,0.5080126984126984,0.5175605900264112,0.009547891613712833,0.5543888799190961,0.2476841069745978,900.9072408203477,17461.88378594767,6.426994286737098
cw_v17_base,2024,R,a6_psucc,A6 투수 수준 5분위,Q1 최저,54380,0.24331422793147112,0.44887826406767195,0.45899766829078475,0.010119404223112805,0.5369396694249896,0.2464761462792502,368.01587206258813,23998.63191715884,9.970604239596605
cw_v17_base,2024,R,a6_psucc,A6 투수 수준 5분위,Q2,52532,0.2350456605681508,0.4778230411939389,0.4857643054722711,0.007941264278332194,0.5318510585177264,0.24871786083820552,316.75180028002404,23393.935911063032,5.9316514077054645
cw_v17_base,2024,R,a6_psucc,A6 투수 수준 5분위,Q3,48603,0.21746600625511753,0.4926239121041911,0.5065417961340025,0.013917884029811423,0.5398164915464442,0.24880308660182532,457.10216784323745,21651.661411501813,16.85706222809159
cw_v17_base,2024,R,a6_psucc,A6 투수 수준 5분위,Q4,40380,0.18067356608813542,0.5184744923229322,0.5303487362642848,0.011874243941352614,0.5432458509144983,0.2483749243908696,514.209509962582,17957.52372725483,10.194140958370001
cw_v17_base,2024,R,a6_psucc,A6 투수 수준 5분위,Q5 최고,27565,0.12333498883653919,0.5456557228369309,0.5533218758937345,0.007666153056803626,0.5516388601699377,0.24594942348671173,793.0649957586633,12138.812190041122,2.900583384467939
cw_v17_base,2024,R,a7_inning,A7 이닝,1-3회,75125,0.3361342657843282,0.4996206322795341,0.5084008627125621,0.008780230433028002,0.5552303770487448,0.24765646601425192,937.3565659692273,33312.447567298506,10.369759860371099
cw_v17_base,2024,R,a7_inning,A7 이닝,4-6회,74465,0.3331812060117138,0.48851138118579196,0.5018171265059723,0.013305745320180362,0.5531501169920033,0.24781742129305942,820.6694131201342,33041.24580263636,23.604945026140115
cw_v17_base,2024,R,a7_inning,A7 이닝,7-8회,51708,0.2313588101853716,0.4783785874526186,0.4876825876917612,0.009304000239142629,0.5469801134085388,0.24788964236820707,658.379992848912,22950.307429170134,8.014373020086557
cw_v17_base,2024,R,a7_inning,A7 이닝,9회+,22199,0.09932571801858638,0.4865534483535294,0.4958042191082243,0.009250770754694881,0.5515987200303911,0.24790252605314939,767.2205621034989,9853.414437715475,3.4014307621875752
cw_v17_base,2024,R,a8_hand,A8 손 매치업,1v1,28390,0.1270263135523072,0.45808383233532934,0.47457110047583007,0.01648726814050072,0.5522273438742655,0.24643451152497578,728.5293479211364,12526.775861487593,13.817681605768831
cw_v17_base,2024,R,a8_hand,A8 손 매치업,1v2,37565,0.16807831872463613,0.5074936776254492,0.5102955083000414,0.002801830674592276,0.558036048135947,0.2474380866927105,1002.52842992955,16642.64419442999,0.5280068428234002
cw_v17_base,2024,R,a8_hand,A8 손 매치업,2v1,80544,0.3603806762506879,0.4998758442590385,0.5059547083956009,0.006078864136562334,0.5473736405793332,0.24810861431858336,756.5481533551522,35780.5839002852,5.32905808814788
cw_v17_base,2024,R,a8_hand,A8 손 매치업,2v2,76998,0.34451469147236874,0.4820514818566716,0.4985965336253198,0.016545051768648178,0.5488734314353232,0.2481237739792689,622.4327519860906,34207.41128061768,37.73880045818465
cw_v17_base,2024,R,a9_batn,A9 타자 누적 이력,0-99,1821,0.00814776037262245,0.4684239428885228,0.4994564707886733,0.031032527900150486,0.557795529632895,0.24712192281675946,755.4246970815303,805.7375556420877,3.139905960575169
cw_v17_base,2024,R,a9_batn,A9 타자 누적 이력,100-499,9837,0.04401401361092095,0.48459896309850564,0.4976089856522053,0.013010022553699652,0.5478856115081123,0.24814507630512278,647.707226622829,4370.596565719389,2.9812003029169603
cw_v17_base,2024,R,a9_batn,A9 타자 누적 이력,500-1499,24706,0.11054287082153227,0.48765482069133004,0.4995881906393917,0.011933369948061656,0.5514157064007099,0.24794690899324148,760.7387787023968,10968.153557318043,6.299426780615718
cw_v17_base,2024,R,a9_batn,A9 타자 누적 이력,1500-3999,51239,0.22926034801361986,0.49286676164640214,0.49877267879469983,0.00590591714829769,0.5559772796896139,0.24753435127487944,966.1028874829336,22709.54891689238,3.199983448396627
cw_v17_base,2024,R,a9_batn,A9 타자 누적 이력,4000+,135894,0.6080350071813044,0.48954332052923605,0.5009856747835237,0.01144235425428769,0.5523497375853317,0.24783861681688726,821.1755714187863,60303.37864124857,31.85689523472531
cw_v17_base,2024,R,a10_base,A10 주자 상황,___,116958,0.5233090377052041,0.4876622377263633,0.5000855721172782,0.01242333439091492,0.5504189339939991,0.2479908820651321,743.2115505512483,51932.356880103944,32.32054456968707
cw_v17_base,2024,R,a10_base,A10 주자 상황,1__,44920,0.2009870378573314,0.49296527159394476,0.501756487910297,0.008791216316352268,0.5525492769982372,0.24776232044796925,875.4501543345006,19927.251123123155,6.215986561032232
cw_v17_base,2024,R,a10_base,A10 주자 상황,_2_,17468,0.07815764864852771,0.500343485230135,0.4997999255218861,-0.0005435597082489307,0.5538468148487626,0.2477360961167647,905.5147877909509,7748.272021717383,0.009240810905959492
cw_v17_base,2024,R,a10_base,A10 주자 상황,__3,5733,0.025651351024845972,0.5067155067155067,0.5095993875870785,0.0028838808715717645,0.5553403754439865,0.24752705931839075,971.3122775479533,2540.8382022127553,0.0853707233102892
cw_v17_base,2024,R,a10_base,A10 주자 상황,12_,18986,0.08494968612554084,0.48325081639102496,0.497312646755857,0.01406183036483205,0.558087338434838,0.2473224200211275,959.8950681558694,8407.547900811782,6.721861687815462
cw_v17_base,2024,R,a10_base,A10 주자 상황,1_3,7419,0.033195076443979114,0.4937323089365144,0.5023539640967004,0.008621655160186037,0.5486652786972276,0.24830595465782762,662.0085816134603,3298.411925899397,0.9874134856673775
cw_v17_base,2024,R,a10_base,A10 주자 상황,_23,4798,0.021467849680308907,0.48999583159649857,0.49520105056692004,0.005205218970421477,0.5566268612144455,0.24739629182651354,1001.8509897714245,2125.327275703577,0.23276122697216742
cw_v17_base,2024,R,a10_base,A10 주자 상황,123,7215,0.03228231251426194,0.47595287595287594,0.4934180818657106,0.01746520591283468,0.5729980251008283,0.2459600221607505,1387.895747281498,3177.409907248471,3.9405436482675573
cw_v17_base,2024,R,a11_typemo,A11 game_type x 월블록,R|early,87355,0.39085535823747075,0.4950603857821533,0.503334315108272,0.0082739293261187,0.557234542979288,0.24749642106428452,991.7684546003502,38710.52645260511,10.707393621350281
cw_v17_base,2024,R,a11_typemo,A11 game_type x 월블록,R|mid,68816,0.30790569895792785,0.49006045105789353,0.5000108704770669,0.009950419419173406,0.5547300554012163,0.2476179985119822,913.6437943521591,30510.12735805178,12.199571752782564
cw_v17_base,2024,R,a11_typemo,A11 game_type x 월블록,R|late,67326,0.3012389428046014,0.4823990731663845,0.4962029391596797,0.01380386599329525,0.5442072227807694,0.24834168139598842,540.0796422048493,29936.761426163575,22.969771148234894
cw_v17_base,2024,R,a12_role,A12 투수 역할(전시즌),불펜(<30구/경기),79963,0.3577810887841895,0.4781461425909483,0.48963771679822066,0.01149157420727237,0.5490838599737369,0.24776058029404188,706.0803195810705,35472.65338475829,18.906908285194834
cw_v17_base,2024,R,a12_role,A12 투수 역할(전시즌),스윙(30-70),31678,0.14173792041951347,0.48307973988256836,0.48960024416704606,0.006520504284477702,0.5399233718080524,0.24857556758594623,455.77683152588924,14099.008768235235,2.411529117648864
cw_v17_base,2024,R,a12_role,A12 투수 역할(전시즌),선발(>=70),61741,0.2762497930620993,0.5061304481624852,0.517868095986653,0.011737647824167752,0.556087303386126,0.24760300590369416,943.9065777313238,27371.711791594385,15.230290791946933
cw_v17_base,2024,R,a12_role,A12 투수 역할(전시즌),전시즌없음,50115,0.22423119773419778,0.4921081512521201,0.501820310157154,0.009712158905033907,0.5567476597430602,0.24756397864506444,949.7326335540567,22214.041292232563,8.463922538626129
cw_v17_base,2024,R,a13_tens,A13 이닝 x 점수차,초반|0-1점,50063,0.22399853241877968,0.49951061662305496,0.5101262660146909,0.01061564939163595,0.5550188228585906,0.24763965652307743,944.0424967111283,22197.77527166472,10.101419104459708
cw_v17_base,2024,R,a13_tens,A13 이닝 x 점수차,초반|2-3점,17952,0.08032322581511162,0.49721479500891264,0.5057867550370496,0.008571960028136982,0.5517773200223876,0.2481329067133985,743.7574463010632,7975.714307883835,2.3618129548272933
cw_v17_base,2024,R,a13_tens,A13 이닝 x 점수차,초반|4점+,7110,0.03181250755043692,0.5064697609001406,0.502852282610779,-0.003617478289361653,0.5664339621312563,0.24657186265638856,1354.7386405519335,3138.9579877499586,0.16659188942359918
cw_v17_base,2024,R,a13_tens,A13 이닝 x 점수차,중반|0-1점,27628,0.1236168718148342,0.4966338497176777,0.5088125188915312,0.012178669173853518,0.5512182247721175,0.248029806036243,783.5807133246275,12269.467297272078,7.337050365620658
cw_v17_base,2024,R,a13_tens,A13 이닝 x 점수차,중반|2-3점,24982,0.11177778672644376,0.48590985509566886,0.502064211275184,0.016154356179515106,0.5503972012988715,0.24803890038883147,705.5872982450584,11094.79769955466,11.672903597159431
cw_v17_base,2024,R,a13_tens,A13 이닝 x 점수차,중반|4점+,21855,0.09778654747043584,0.4812171127888355,0.49269146315512957,0.011474350366294073,0.5572557617531028,0.24729576691395835,941.9036962573846,9676.98080580962,5.152042190973159
cw_v17_base,2024,R,a13_tens,A13 이닝 x 점수차,후반|0-1점,22754,0.10180897282737576,0.4897600421903841,0.49536266278193186,0.005602620591547758,0.5486236631044975,0.24819083739547435,682.0084001320836,10111.506945969886,1.2788292656130102
cw_v17_base,2024,R,a13_tens,A13 이닝 x 점수차,후반|2-3점,21063,0.09424287574329857,0.47671271898589945,0.494317332114391,0.017604613128491542,0.5447287559944529,0.24815279059769435,523.0994801818767,9358.619227768791,11.688144858761055
cw_v17_base,2024,R,a13_tens,A13 이닝 x 점수차,후반|4점+,30090,0.13463267963328368,0.4769690927218345,0.4832223698598726,0.0062532771380380825,0.5515867816968862,0.247487180490969,794.644717945947,13333.595693146935,2.1067350815808914
hw_v12_honest,2024,R,a1_count,A1 볼카운트,0-0,57385,0.25675959856284425,0.4901629345647817,0.4999015341340531,0.009738599569271367,0.5480331481788456,0.2481836272203162,688.1083163897239,25500.218393480267,9.744594918066948
hw_v12_honest,2024,R,a1_count,A1 볼카운트,0-1,27768,0.12424327843326756,0.5087510803802938,0.5060732817392767,-0.0026777986410171373,0.5473358236604972,0.24820649057424593,686.9816472594658,12340.42512053368,0.3565109067049791
hw_v12_honest,2024,R,a1_count,A1 볼카운트,0-2,14321,0.06407692273274361,0.49298233363591926,0.49664723056020965,0.003664896924290395,0.5284535078749327,0.2495916062168426,143.68676172028526,6399.937120609163,0.3444048512713555
hw_v12_honest,2024,R,a1_count,A1 볼카운트,1-0,23181,0.1037195130135975,0.48367197273629264,0.4993880735634412,0.015716100827148582,0.5495731600247958,0.24804997358698772,674.0876345930569,10295.412182261682,10.251659337241493
hw_v12_honest,2024,R,a1_count,A1 볼카운트,1-1,22332,0.09992080430609807,0.4881783987103708,0.5036170922048827,0.015438693494511935,0.5547670144240592,0.24775957581401697,840.7395458434164,9906.732910499943,9.530618729389325
hw_v12_honest,2024,R,a1_count,A1 볼카운트,1-2,21751,0.09732121683959964,0.4995632384717944,0.5004797179675745,0.0009164794957801092,0.5424561880090882,0.24862973388107867,548.0305614861569,9682.882904416805,0.032711248542474626
hw_v12_honest,2024,R,a1_count,A1 볼카운트,2-0,8177,0.03658662084949686,0.4751131221719457,0.48885465038716314,0.013741528215217458,0.5448080353019775,0.2479350348131587,579.6795130584176,3629.9804317320336,2.764626407323557
hw_v12_honest,2024,R,a1_count,A1 볼카운트,2-1,11832,0.05294030792359629,0.47777214334009466,0.4952448602969924,0.017472716956897727,0.5524528607836607,0.24775116715594764,703.2920163025813,5248.633602592721,6.467723287427933
hw_v12_honest,2024,R,a1_count,A1 볼카운트,2-2,18384,0.0822561376662774,0.4939621409921671,0.49602055429572656,0.0020584133035594365,0.5446829100044965,0.24851036639366747,581.3559210181119,8180.067877539916,0.1394689585380073
hw_v12_honest,2024,R,a1_count,A1 볼카운트,3-0,2736,0.01224177505738332,0.48757309941520466,0.471172299966461,-0.016400799448743675,0.5736017511928772,0.24614284969183012,1482.0044310904223,1205.8011778425412,1.317705975980298
hw_v12_honest,2024,R,a1_count,A1 볼카운트,3-1,5227,0.023387338532508267,0.46374593457049934,0.4742030934739586,0.010457158903459274,0.5629979783565228,0.24572553481453896,1190.3010936547332,2299.7211295957095,1.023416233357066
hw_v12_honest,2024,R,a1_count,A1 볼카운트,3-2,10403,0.04654648608258724,0.4590983370181678,0.4725345880263927,0.013436251008224875,0.5442676960717335,0.24707528196820272,504.0820068250462,4602.144858915785,3.362692860949888
hw_v12_honest,2024,R,a1b_phase,A1b 카운트 국면,초구 0-0,57385,0.25675959856284425,0.4901629345647817,0.4999015341340531,0.009738599569271367,0.5480331481788456,0.2481836272203162,688.1083163897239,25500.218393480267,9.744594918066948
hw_v12_honest,2024,R,a1b_phase,A1b 카운트 국면,투수우위 0-1,27768,0.12424327843326756,0.5087510803802938,0.5060732817392767,-0.0026777986410171373,0.5473358236604972,0.24820649057424593,686.9816472594658,12340.42512053368,0.3565109067049791
hw_v12_honest,2024,R,a1b_phase,A1b 카운트 국면,평행 1-1,22332,0.09992080430609807,0.4881783987103708,0.5036170922048827,0.015438693494511935,0.5547670144240592,0.24775957581401697,840.7395458434164,9906.732910499943,9.530618729389325
hw_v12_honest,2024,R,a1b_phase,A1b 카운트 국면,타자우위 1-0/2-0/2-1,43190,0.19324644178669065,0.4804352859458208,0.49625877741430835,0.01582349146848755,0.5496229645856152,0.24794635395175585,669.372088622755,19174.02621658644,19.362446238847866
hw_v12_honest,2024,R,a1b_phase,A1b 카운트 국면,2스트라이크,54456,0.24365427723862065,0.4959416776847363,0.4979664537339891,0.00202477604925283,0.5396677752743545,0.24884239220765259,456.4851981414986,24262.887902565886,0.399734943020648
hw_v12_honest,2024,R,a1b_phase,A1b 카운트 국면,3볼,7963,0.035629113589891584,0.4719326886851689,0.4731617458616877,0.0012290571765187774,0.5662618122954819,0.2458689196574711,1341.5499035782652,3505.5223074382507,0.021537400107757003
hw_v12_honest,2024,R,a1b_phase,A1b 카운트 국면,풀카운트,10403,0.04654648608258724,0.4590983370181678,0.4725345880263927,0.013436251008224875,0.5442676960717335,0.24707528196820272,504.0820068250462,4602.144858915785,3.362692860949888
hw_v12_honest,2024,R,a2_li,A2 경기 중요도 li,li<0.10,24526,0.10973749088354653,0.47439452010111716,0.47998573097177244,0.005591210870655283,0.5441740884038551,0.24796075860311811,554.8955666628608,10888.851291108014,1.3728113275117197
hw_v12_honest,2024,R,a2_li,A2 경기 중요도 li,0.10-0.35,28107,0.12576007731647404,0.48411427758209696,0.49106359887912465,0.0069493212970276885,0.5445754695225328,0.24827041776852793,591.4874839735296,12494.29785845902,2.4303658995673185
hw_v12_honest,2024,R,a2_li,A2 경기 중요도 li,0.35-0.70,49973,0.2235958424497868,0.4868028735517179,0.5000715822089359,0.013268708657217965,0.5503340281446492,0.24799465888704303,732.9814229216857,22189.633840139446,15.753067178881555
hw_v12_honest,2024,R,a2_li,A2 경기 중요도 li,0.70-1.20,57499,0.2572696725235685,0.49818257708829716,0.5020455338305134,0.0038629567422162614,0.5485785540854329,0.24816485203435823,732.7476569790825,25548.943731196094,1.5362870435272078
hw_v12_honest,2024,R,a2_li,A2 경기 중요도 li,1.20-2.00,41631,0.18627095665713633,0.49482356897504265,0.5025030929363551,0.00767952396131244,0.5463828915521378,0.24830121875662875,668.866012317515,18508.366070447697,4.396001470503802
hw_v12_honest,2024,R,a2_li,A2 경기 중요도 li,li>=2.00,21761,0.09736596016948773,0.48867239557005654,0.49947875687445814,0.010806361304401602,0.5527081251241607,0.24797604322884922,758.6462412348837,9661.864918669977,4.5499874946796135
hw_v12_honest,2024,R,a3_load,A3 전시즌 경기당 대비 등판 투구수,<0.25,42782,0.1914209139272563,0.49216960403908183,0.5003594731139881,0.008189869074906264,0.5482677880049732,0.24820559860240435,693.4045833643432,19012.754618133924,5.1379205936023435
hw_v12_honest,2024,R,a3_load,A3 전시즌 경기당 대비 등판 투구수,0.25-0.50,39845,0.17827979793912221,0.4886434935374577,0.4994948971764278,0.010851403638970136,0.5493664363296057,0.24807287948017598,719.6313564283074,17698.053568304564,8.400749871715666
hw_v12_honest,2024,R,a3_load,A3 전시즌 경기당 대비 등판 투구수,0.50-0.75,33206,0.14857470122641467,0.48979100162621214,0.5019666637947237,0.012175662168511514,0.544095963483063,0.24862447119702916,508.73415058566576,14781.987218157778,8.814021974079791
hw_v12_honest,2024,R,a3_load,A3 전시즌 경기당 대비 등판 투구수,0.75-1.00,26002,0.11634160637502965,0.49323128990077686,0.5035552920944897,0.010324002193712822,0.5582376877662523,0.24743522616738403,1007.7680438143389,11519.686718993229,4.96221202325531
hw_v12_honest,2024,R,a3_load,A3 전시즌 경기당 대비 등판 투구수,1.00-1.25,12785,0.05720434726193193,0.47931169339069224,0.5002300892793385,0.0209183958886463,0.5504894507283603,0.2479831983348459,636.6081424130754,5676.692580038669,10.016820114588484
hw_v12_honest,2024,R,a3_load,A3 전시즌 경기당 대비 등판 투구수,1.25-1.50,5772,0.025825850011409548,0.4883922383922384,0.49488808295211845,0.00649584455988006,0.5454948263002242,0.24828554424663485,632.2269949178061,2565.96154508471,0.4360838035190898
hw_v12_honest,2024,R,a3_load,A3 전시즌 경기당 대비 등판 투구수,>=1.50,12990,0.05812158552463791,0.47913779830638953,0.48385239646056644,0.004714598154176908,0.5458133206293071,0.24777734910032542,716.2146526622504,5762.927283968767,0.5169766180499777
hw_v12_honest,2024,R,a3_load,A3 전시즌 경기당 대비 등판 투구수,전시즌없음,50115,0.22423119773419778,0.4921081512521201,0.49112701173921813,-0.0009811395129019629,0.5480969361963588,0.24823100803315765,682.8543922464459,22273.894177338596,0.08637770351182486
hw_v12_honest,2024,R,a3b_gp,A3b 등판 내 투구수,1-10,67227,0.30079598383870926,0.4802980945155964,0.49154625860832846,0.01124816409273205,0.5468650269583524,0.24807304713940093,616.4722844067771,29860.40535449876,15.229281156689327
hw_v12_honest,2024,R,a3b_gp,A3b 등판 내 투구수,11-20,46277,0.20705870772314616,0.48505737191261317,0.49489273200882083,0.009835360096207668,0.5467945036418232,0.24816772931409845,644.1707479749037,20562.830261982912,8.01526921319921
hw_v12_honest,2024,R,a3b_gp,A3b 등판 내 투구수,21-35,33726,0.1509013543805957,0.49323963707525353,0.4985614357506158,0.005321798675362255,0.5487892838063375,0.24811079801835698,737.534618631408,14982.451747747158,1.7102283615112315
hw_v12_honest,2024,R,a3b_gp,A3b 등판 내 투구수,36-60,36847,0.16486574763867076,0.49854805004477976,0.5026696113187417,0.0041215612739619045,0.5484327379131536,0.24814593076520725,740.7906772652794,16371.24389469093,1.120722374081995
hw_v12_honest,2024,R,a3b_gp,A3b 등판 내 투구수,61-80,24208,0.10831465299310505,0.4995869134170522,0.5037713384269455,0.0041844250098933555,0.5441961036107041,0.2485261729564295,589.4629635632698,10772.175722705912,0.7589320181774588
hw_v12_honest,2024,R,a3b_gp,A3b 등판 내 투구수,81+,15212,0.06806355342577305,0.5004601630291875,0.50890963921081,0.008449476181622506,0.5568755745668624,0.24756249006409864,974.9201001125418,6742.8507283945755,1.9445462419101762
hw_v12_honest,2024,R,a4_prevp,A4 전시즌 투구수,없음,50115,0.22423119773419778,0.4921081512521201,0.49112701173921813,-0.0009811395129019629,0.5480969361963588,0.24823100803315765,682.8543922464459,22273.894177338596,0.08637770351182486
hw_v12_honest,2024,R,a4_prevp,A4 전시즌 투구수,1-200,12654,0.056618209640397855,0.44823771139560614,0.471397829321759,0.023160117926152857,0.5289410074828725,0.24728081764369242,16.111809607954886,5602.613257504636,12.152951069087054
hw_v12_honest,2024,R,a4_prevp,A4 전시즌 투구수,201-600,24568,0.10992541286907655,0.46271572777596875,0.47246289454023904,0.009747166764270287,0.5308942299490329,0.24823465115280033,150.9320093507571,10919.546311539538,4.179256078575937
hw_v12_honest,2024,R,a4_prevp,A4 전시즌 투구수,601-1200,65402,0.29263032613413154,0.4888076817222715,0.4968582528642539,0.008050571141982377,0.5465663766561042,0.24829161457575175,633.5644356969094,29075.384611221092,7.589563519312403
hw_v12_honest,2024,R,a4_prevp,A4 전시즌 투구수,1201-2000,27214,0.121764497957467,0.5108400088189903,0.52622930519915,0.015389296380159734,0.5447730071178193,0.24859132809677983,516.7093101549835,12112.972784176942,11.539906614651251
hw_v12_honest,2024,R,a4_prevp,A4 전시즌 투구수,2001-2600,23868,0.10679337977690975,0.4912854030501089,0.5007545416094484,0.009469138559339507,0.560452969498773,0.24717639073455955,1099.3999983899937,10563.197551381432,3.8318575754509956
hw_v12_honest,2024,R,a4_prevp,A4 전시즌 투구수,2601+,19676,0.08803697588781953,0.5158060581418987,0.5217934308838488,0.005987372741950048,0.5440240769416145,0.24820943338267543,616.9105520259177,8744.349016858008,1.2629373057360072
hw_v12_honest,2024,R,a5_asofn,A5 투수 누적 이력,0-99,3959,0.017713884302697575,0.47082596615306893,0.49105808201478296,0.02023211586171403,0.5439975621498151,0.24814688410973904,402.16582810035374,1759.0035439827743,2.9016197253703067
hw_v12_honest,2024,R,a5_asofn,A5 투수 누적 이력,100-499,17177,0.0768556177487841,0.47610176398672643,0.47394686739543934,-0.002154896591287092,0.5390139541876219,0.24824623767306714,474.1378261167384,7634.882844300142,0.14281458769395436
hw_v12_honest,2024,R,a5_asofn,A5 투수 누적 이력,500-1499,39741,0.177814467308286,0.4760323092020835,0.4796156993119121,0.0035833901098286103,0.5468165746524898,0.24778933505535639,655.9932387782296,17631.68375662696,0.9136910248052009
hw_v12_honest,2024,R,a5_asofn,A5 투수 누적 이력,1500-3999,72150,0.32282312514261935,0.4888704088704089,0.4975370353727443,0.008666626502335406,0.5490710061487584,0.24804327139585963,733.5077541347656,32043.221538028207,9.703063711031454
hw_v12_honest,2024,R,a5_asofn,A5 투수 누적 이력,4000-7999,51095,0.22861604406323127,0.49345337117134747,0.5084043703868419,0.014950999215494476,0.5439264766561204,0.2486948762362642,504.99273850641566,22751.89777047147,20.449901820204715
hw_v12_honest,2024,R,a5_asofn,A5 투수 누적 이력,8000+,39375,0.17617686143438166,0.5080126984126984,0.513036221662824,0.005023523250125672,0.5532417311159262,0.2478172188578339,847.64881005025,17471.26825661068,1.779138617520765
hw_v12_honest,2024,R,a6_psucc,A6 투수 수준 5분위,Q1 최저,54380,0.24331422793147112,0.44887826406767195,0.45628753149571777,0.007409267428045818,0.5318961669576172,0.24671880808452037,269.92574246545996,24022.25915830547,5.345177485115648
hw_v12_honest,2024,R,a6_psucc,A6 투수 수준 5분위,Q2,52532,0.2350456605681508,0.4778230411939389,0.4833096571362624,0.0054866159423234695,0.5234782541926047,0.2491856717576862,129.25858270420588,23437.937329505374,2.831427489363231
hw_v12_honest,2024,R,a6_psucc,A6 투수 수준 5분위,Q3,48603,0.21746600625511753,0.4926239121041911,0.504649788393788,0.012025876289596948,0.5377841700207228,0.2489356207962164,404.07695038421343,21663.194972204754,12.585455170420078
hw_v12_honest,2024,R,a6_psucc,A6 투수 수준 5분위,Q4,40380,0.18067356608813542,0.5184744923229322,0.527280204469639,0.008805712146706779,0.5371561547041377,0.2486801697293153,391.94445497305884,17979.592985740623,5.606188163153316
hw_v12_honest,2024,R,a6_psucc,A6 투수 수준 5분위,Q5 최고,27565,0.12333498883653919,0.5456557228369309,0.5507018299385577,0.0050461071016267844,0.5407873169665429,0.24662574467751502,520.2619476082359,12172.191962999808,1.256733845177202
hw_v12_honest,2024,R,a7_inning,A7 이닝,1-3회,75125,0.3361342657843282,0.4996206322795341,0.5048677856072298,0.005247153327695653,0.5499608072088682,0.24800799659465217,796.7442528615143,33359.73219594702,3.7034320555151745
hw_v12_honest,2024,R,a7_inning,A7 이닝,4-6회,74465,0.3331812060117138,0.48851138118579196,0.4981674500799639,0.00965606889417192,0.5481586645544079,0.24819548139962472,669.3654890654655,33091.65217376239,12.431550304026132
hw_v12_honest,2024,R,a7_inning,A7 이닝,7-8회,51708,0.2313588101853716,0.4783785874526186,0.48785936019076104,0.009480772738142462,0.5444659642604789,0.2481403908116711,557.8927100805986,22973.52241229693,8.321806229483823
hw_v12_honest,2024,R,a7_inning,A7 이닝,9회+,22199,0.09932571801858638,0.4865534483535294,0.4941685692438427,0.007615120890313298,0.5473480835375913,0.24824560716608254,629.888793238409,9867.050928013916,2.304938817611357
hw_v12_honest,2024,R,a8_hand,A8 손 매치업,1v1,28390,0.1270263135523072,0.45808383233532934,0.46934900723516304,0.011265174899833696,0.5468758609754479,0.24684254945080894,564.1590057615886,12547.517273103473,6.450801178653868
hw_v12_honest,2024,R,a8_hand,A8 손 매치업,1v2,37565,0.16807831872463613,0.5074936776254492,0.5067601020059692,-0.0007335756194799536,0.5489177888173946,0.24811722321960966,730.8127861798907,16688.32280327997,0.03619474803451718
hw_v12_honest,2024,R,a8_hand,A8 손 매치업,2v1,80544,0.3603806762506879,0.4998758442590385,0.5079355193690039,0.008059675109965414,0.5443837650144939,0.2484497416664636,620.0972057896714,35829.779030913916,9.367865599394376
hw_v12_honest,2024,R,a8_hand,A8 손 매치업,2v2,76998,0.34451469147236874,0.4820514818566716,0.4928451571471727,0.01079367529050107,0.5446741988147287,0.24826106348514643,567.4460939807612,34226.338602722884,16.061663718623286
hw_v12_honest,2024,R,a9_batn,A9 타자 누적 이력,0-99,1821,0.00814776037262245,0.4684239428885228,0.49292660416294554,0.024502661274422743,0.5513289265887049,0.24765493446474973,541.3663325570361,807.4754326280114,1.957531885943072
hw_v12_honest,2024,R,a9_batn,A9 타자 누적 이력,100-499,9837,0.04401401361092095,0.48459896309850564,0.4923593485012279,0.007760385402722281,0.5386750171399443,0.2489454603486506,327.249569321042,4384.6937857972025,1.0607221502445645
hw_v12_honest,2024,R,a9_batn,A9 타자 누적 이력,500-1499,24706,0.11054287082153227,0.48765482069133004,0.4964138160383018,0.008758995346971776,0.5463219474238717,0.24830850846468464,616.01076192761,10984.14923375191,3.3937778806013643
hw_v12_honest,2024,R,a9_batn,A9 타자 누적 이력,1500-3999,51239,0.22926034801361986,0.49286676164640214,0.49616227249906325,0.00329551085266111,0.5523671637780317,0.24784761010235234,840.7738479788818,22738.288227737547,0.9963651392804393
hw_v12_honest,2024,R,a9_batn,A9 타자 누적 이력,4000+,135894,0.6080350071813044,0.48954332052923605,0.49886157411163473,0.009318253582398683,0.5481240864756177,0.24814263319126037,699.5158115128409,60377.35103010557,21.127189050130173
hw_v12_honest,2024,R,a10_base,A10 주자 상황,___,116958,0.5233090377052041,0.4876622377263633,0.4969444207709216,0.009282183044558301,0.5460272782463943,0.24828435103525173,625.7524438249229,51993.81291091676,18.04274355663049
hw_v12_honest,2024,R,a10_base,A10 주자 상황,1__,44920,0.2009870378573314,0.49296527159394476,0.4994649157126674,0.006499644118722614,0.5519180478931783,0.2478489372266535,840.7965831997433,19934.217615433994,3.397748973254221
hw_v12_honest,2024,R,a10_base,A10 주자 상황,_2_,17468,0.07815764864852771,0.500343485230135,0.49856302235929045,-0.0017804628708446013,0.5466810307760395,0.2482934481842149,682.5738555987116,7765.703940190964,0.0991474188779508
hw_v12_honest,2024,R,a10_base,A10 주자 상황,__3,5733,0.025651351024845972,0.5067155067155067,0.5082796773026269,0.0015641705871202172,0.5446867080364294,0.24843550740018772,607.8674822513897,2550.163322453398,0.025114385621267714
hw_v12_honest,2024,R,a10_base,A10 주자 상황,12_,18986,0.08494968612554084,0.48325081639102496,0.4947011093041132,0.011450292913088245,0.5524983607067305,0.2477635036918665,783.2633942866707,8422.542223161076,4.456963281711968
hw_v12_honest,2024,R,a10_base,A10 주자 상황,1_3,7419,0.033195076443979114,0.4937323089365144,0.5021425757160418,0.008410266779527442,0.5423497488193973,0.2488252734513665,454.24841763727073,3305.3103802852893,0.9395876543953698
hw_v12_honest,2024,R,a10_base,A10 주자 상황,_23,4798,0.021467849680308907,0.48999583159649857,0.49537517175583906,0.0053793401593404955,0.5461413614740539,0.2483404847237247,624.0225734988836,2133.4386297709843,0.24859400151012898
hw_v12_honest,2024,R,a10_base,A10 주자 상황,123,7215,0.03228231251426194,0.47595287595287594,0.49140048258896,0.015447606636084077,0.5637491861107949,0.24668447570655125,1097.442494117995,3186.7686878077934,3.0826990286872866
hw_v12_honest,2024,R,a11_typemo,A11 game_type x 월블록,R|early,87355,0.39085535823747075,0.4950603857821533,0.49812404576200503,0.0030636599798517516,0.5516202967392394,0.2479099065318996,826.3581236458762,38775.19906509401,1.4680514672698506
hw_v12_honest,2024,R,a11_typemo,A11 game_type x 월블록,R|mid,68816,0.30790569895792785,0.49006045105789353,0.49768610645355316,0.007625655395659625,0.5516153686601083,0.24781823282362714,833.5184058607337,30534.79912822378,7.164999472254599
hw_v12_honest,2024,R,a11_typemo,A11 game_type x 월블록,R|late,67326,0.3012389428046014,0.4823990731663845,0.4969568711951982,0.01455779802881374,0.5408842314237889,0.24871662408402748,389.91648923963896,29981.95951670244,25.547392405016378
hw_v12_honest,2024,R,a12_role,A12 투수 역할(전시즌),불펜(<30구/경기),79963,0.3577810887841895,0.4781461425909483,0.48899654433064904,0.010850401739700755,0.5467992781266559,0.24800209197716633,609.2907429761874,35507.23136408687,16.855944882892327
hw_v12_honest,2024,R,a12_role,A12 투수 역할(전시즌),스윙(30-70),31678,0.14173792041951347,0.48307973988256836,0.4951123195046557,0.012032579622087314,0.5331252934988051,0.249207603522516,202.67260679694976,14134.857344577942,8.21197520192884
hw_v12_honest,2024,R,a12_role,A12 투수 역할(전시즌),선발(>=70),61741,0.2762497930620993,0.5061304481624852,0.51540925000315,0.009278801840664763,0.5549966579646802,0.2476415690615303,928.478995374915,27375.97482401684,9.51765253323251
hw_v12_honest,2024,R,a12_role,A12 투수 역할(전시즌),전시즌없음,50115,0.22423119773419778,0.4921081512521201,0.49112701173921813,-0.0009811395129019629,0.5480969361963588,0.24823100803315765,682.8543922464459,22273.894177338596,0.08637770351182486
hw_v12_honest,2024,R,a13_tens,A13 이닝 x 점수차,초반|0-1점,50063,0.22399853241877968,0.49951061662305496,0.5063026798336694,0.00679206321061443,0.5519185989672573,0.24784521061728718,861.820780260103,22216.200606498005,4.135163591818056
hw_v12_honest,2024,R,a13_tens,A13 이닝 x 점수차,초반|2-3점,17952,0.08032322581511162,0.49721479500891264,0.5029961082679768,0.005781313259064169,0.5441590390972995,0.24858223131450868,564.0220287627118,7990.1569092196505,1.0743313036557904
hw_v12_honest,2024,R,a13_tens,A13 이닝 x 점수차,초반|4점+,7110,0.03181250755043692,0.5064697609001406,0.49949018250399835,-0.006979578396142272,0.5517021371394808,0.2477043246810032,901.6779742039738,3153.374680229349,0.6201551670886724
hw_v12_honest,2024,R,a13_tens,A13 이닝 x 점수차,중반|0-1점,27628,0.1236168718148342,0.4966338497176777,0.5036176693404102,0.006983819622732479,0.5477373441188946,0.24825540289827483,693.3378783572919,12280.627058130265,2.412725207492162
hw_v12_honest,2024,R,a13_tens,A13 이닝 x 점수차,중반|2-3점,24982,0.11177778672644376,0.48590985509566886,0.4990325352891754,0.013122680193506542,0.5459905828677611,0.24837298326737062,571.847940562642,11109.74125053181,7.702730095362462
hw_v12_honest,2024,R,a13_tens,A13 이닝 x 점수차,중반|4점+,21855,0.09778654747043584,0.4812171127888355,0.49028869389492,0.009071581106084525,0.5499803273595139,0.24791683290615713,693.1262277469319,9701.283865100319,3.220246915124916
hw_v12_honest,2024,R,a13_tens,A13 이닝 x 점수차,후반|0-1점,22754,0.10180897282737576,0.4897600421903841,0.4966949586826451,0.006934916492261023,0.5448965055683239,0.24859924500033792,518.5768105745336,10128.145821025473,1.9593526644482877
hw_v12_honest,2024,R,a13_tens,A13 이닝 x 점수차,후반|2-3점,21063,0.09424287574329857,0.47671271898589945,0.4935869895424938,0.01687427055659435,0.5464504124994617,0.24799490440038827,586.391250969709,9352.664844590792,10.738475496950368
hw_v12_honest,2024,R,a13_tens,A13 이닝 x 점수차,후반|4점+,30090,0.13463267963328368,0.4769690927218345,0.48182319756694847,0.004854104845113949,0.5447101810542279,0.24797287037044502,599.955696257104,13359.762674694584,1.2694420473996908
ye_hand,2024,R,a1_count,A1 볼카운트,0-0,57385,0.25675959856284425,0.4901629345647817,0.5024191343355069,0.012256199770725174,0.5476745634962343,0.24823056828118312,669.3246214113713,25505.041464676116,15.434139977978628
ye_hand,2024,R,a1_count,A1 볼카운트,0-1,27768,0.12424327843326756,0.5087510803802938,0.5048613210093257,-0.0038897593709681377,0.545035697749271,0.24831800017954395,642.3641376534616,12345.969197689828,0.7522504541069616
ye_hand,2024,R,a1_count,A1 볼카운트,0-2,14321,0.06407692273274361,0.49298233363591926,0.5004934832700707,0.007511149634151448,0.5275887946509213,0.24947988329699128,188.38473473976603,6397.072362163087,1.4466336367371655
ye_hand,2024,R,a1_count,A1 볼카운트,1-0,23181,0.1037195130135975,0.48367197273629264,0.5008933519134915,0.017221379177198848,0.5494316883009732,0.2481178961741102,646.8895952681519,10298.231336082985,12.309499967066017
ye_hand,2024,R,a1_count,A1 볼카운트,1-1,22332,0.09992080430609807,0.4881783987103708,0.5040150932916995,0.015836694581328692,0.5548599605199781,0.24776512650516344,838.518027553825,9906.954856370154,10.028340882141462
ye_hand,2024,R,a1_count,A1 볼카운트,1-2,21751,0.09732121683959964,0.4995632384717944,0.5007575751073632,0.0011943366355687823,0.5428443846072095,0.24854783869716235,580.7886600485035,9679.693497164826,0.055552693820996576
ye_hand,2024,R,a1_count,A1 볼카운트,2-0,8177,0.03658662084949686,0.4751131221719457,0.4954706163315578,0.020357494159612133,0.5444229544415937,0.24798807341827295,558.4113807728274,3630.756962159999,6.0675731649173015
ye_hand,2024,R,a1_count,A1 볼카운트,2-1,11832,0.05294030792359629,0.47777214334009466,0.499162332503855,0.021390189163760343,0.5535166203085627,0.2477431801119269,706.493160365329,5248.464396255113,9.69303538004446
ye_hand,2024,R,a1_count,A1 볼카운트,2-2,18384,0.0822561376662774,0.4939621409921671,0.4969931089652186,0.0030309679730514683,0.5458327783238799,0.24832310537287342,656.2712537117154,8173.9039179307365,0.30239533878864383
ye_hand,2024,R,a1_count,A1 볼카운트,3-0,2736,0.01224177505738332,0.48757309941520466,0.47645060409006135,-0.011122495325143311,0.5739770984693103,0.2462613047091191,1434.5931376768428,1206.3814636381564,0.606028353210514
ye_hand,2024,R,a1_count,A1 볼카운트,3-1,5227,0.023387338532508267,0.46374593457049934,0.4801443077625432,0.016398373192043847,0.565333553512326,0.24590553275284696,1117.9213871606587,2301.40571260953,2.5166708460199123
ye_hand,2024,R,a1_count,A1 볼카운트,3-2,10403,0.04654648608258724,0.4590983370181678,0.47858940064352706,0.01949106362535924,0.5406638964623485,0.24751055429793994,328.8001264230789,4610.252453890771,7.076232001288003
ye_hand,2024,R,a1b_phase,A1b 카운트 국면,초구 0-0,57385,0.25675959856284425,0.4901629345647817,0.5024191343355069,0.012256199770725174,0.5476745634962343,0.24823056828118312,669.3246214113713,25505.041464676116,15.434139977978628
ye_hand,2024,R,a1b_phase,A1b 카운트 국면,투수우위 0-1,27768,0.12424327843326756,0.5087510803802938,0.5048613210093257,-0.0038897593709681377,0.545035697749271,0.24831800017954395,642.3641376534616,12345.969197689828,0.7522504541069616
ye_hand,2024,R,a1b_phase,A1b 카운트 국면,평행 1-1,22332,0.09992080430609807,0.4881783987103708,0.5040150932916995,0.015836694581328692,0.5548599605199781,0.24776512650516344,838.518027553825,9906.954856370154,10.028340882141462
ye_hand,2024,R,a1b_phase,A1b 카운트 국면,타자우위 1-0/2-0/2-1,43190,0.19324644178669065,0.4804352859458208,0.49939246905847196,0.018957183112651155,0.5497560122844318,0.2479906629923034,651.6212939464361,19177.452694498093,27.790937697832657
ye_hand,2024,R,a1b_phase,A1b 카운트 국면,2스트라이크,54456,0.24365427723862065,0.4959416776847363,0.4994172635758689,0.0034755858911326154,0.5399321925088477,0.24871708199965284,506.61258372955984,24250.669777258652,1.1778071194481334
ye_hand,2024,R,a1b_phase,A1b 카운트 국면,3볼,7963,0.035629113589891584,0.4719326886851689,0.47887519144357915,0.0069425027584102406,0.5676083174760274,0.24602777211896035,1277.8080623306432,3507.787176247687,0.6871969512815035
ye_hand,2024,R,a1b_phase,A1b 카운트 국면,풀카운트,10403,0.04654648608258724,0.4590983370181678,0.47858940064352706,0.01949106362535924,0.5406638964623485,0.24751055429793994,328.8001264230789,4610.252453890771,7.076232001288003
ye_hand,2024,R,a2_li,A2 경기 중요도 li,li<0.10,24526,0.10973749088354653,0.47439452010111716,0.481704939606874,0.007310419505756838,0.5425182958618654,0.24805646125438913,516.5138477013276,10893.053939719535,2.3468412296072056
ye_hand,2024,R,a2_li,A2 경기 중요도 li,0.10-0.35,28107,0.12576007731647404,0.48411427758209696,0.4923178390469637,0.008203561464866727,0.5428292815817416,0.24831998854856224,571.6391365475193,12496.792525751207,3.38681717010551
ye_hand,2024,R,a2_li,A2 경기 중요도 li,0.35-0.70,49973,0.2235958424497868,0.4868028735517179,0.5018483615799335,0.015045488028215592,0.5492206063386387,0.2480964501592769,692.2365288293264,22198.741742177044,20.254445927177027
ye_hand,2024,R,a2_li,A2 경기 중요도 li,0.70-1.20,57499,0.2572696725235685,0.49818257708829716,0.5046679954531148,0.006485418364817641,0.5478496262468636,0.24817500036026147,728.6882729847788,25549.98851656897,4.330207143583943
ye_hand,2024,R,a2_li,A2 경기 중요도 li,1.20-2.00,41631,0.18627095665713633,0.49482356897504265,0.5048421170509083,0.010018548075865663,0.5494402911005621,0.2481263539589711,738.8194291103933,18495.331653202025,7.481674376636686
ye_hand,2024,R,a2_li,A2 경기 중요도 li,li>=2.00,21761,0.09736596016948773,0.48867239557005654,0.500773121992223,0.012100726422166475,0.5488533999352526,0.24819046066909972,672.835221900614,9670.21924321251,5.7052426491141945
ye_hand,2024,R,a3_load,A3 전시즌 경기당 대비 등판 투구수,<0.25,42782,0.1914209139272563,0.49216960403908183,0.4999151747052966,0.007745570666214785,0.545789707040043,0.24829637427652593,657.0854060596209,19019.70811002568,4.595579790390428
ye_hand,2024,R,a3_load,A3 전시즌 경기당 대비 등판 투구수,0.25-0.50,39845,0.17827979793912221,0.4886434935374577,0.49918956647878565,0.010546072941327977,0.5454110870585863,0.2482417809924359,652.0358803054793,17710.10336600114,7.93464971675831
ye_hand,2024,R,a3_load,A3 전시즌 경기당 대비 등판 투구수,0.50-0.75,33206,0.14857470122641467,0.48979100162621214,0.5013222455510594,0.011531243924847279,0.5444128685217114,0.24843553159246087,584.3415127133045,14770.753799314149,7.905717075669251
ye_hand,2024,R,a3_load,A3 전시즌 경기당 대비 등판 투구수,0.75-1.00,26002,0.11634160637502965,0.49323128990077686,0.502286535306962,0.00905524540618513,0.5529943351882696,0.2479265355201935,811.2082808052645,11542.560300552905,3.8175047808686067
ye_hand,2024,R,a3_load,A3 전시즌 경기당 대비 등판 투구수,1.00-1.25,12785,0.05720434726193193,0.47931169339069224,0.49839898523681286,0.019087291846120624,0.5481828179254175,0.2481191068379662,582.1515100968511,5679.803721424085,8.33991734914602
ye_hand,2024,R,a3_load,A3 전시즌 경기당 대비 등판 투구수,1.25-1.50,5772,0.025825850011409548,0.4883922383922384,0.4938868136106157,0.005494575218377318,0.5395142919574697,0.24876061149045917,442.0976251644393,2570.8712319643123,0.3120088803166705
ye_hand,2024,R,a3_load,A3 전시즌 경기당 대비 등판 투구수,>=1.50,12990,0.05812158552463791,0.47913779830638953,0.48249286028646765,0.0033550619800781223,0.536513848541057,0.24842364788476975,457.2442906900842,5777.95921853419,0.2618078309492761
ye_hand,2024,R,a3_load,A3 전시즌 경기당 대비 등판 투구수,전시즌없음,50115,0.22423119773419778,0.4921081512521201,0.5025996996978817,0.010491548445761556,0.554433636554772,0.2477682188886212,868.0161785107776,22232.36787281483,9.876869187113664
ye_hand,2024,R,a3b_gp,A3b 등판 내 투구수,1-10,67227,0.30079598383870926,0.4802980945155964,0.49336441416290244,0.013066319647306035,0.5434930352132908,0.24823031634666579,553.4667753470446,29879.335755575623,20.55051332229269
ye_hand,2024,R,a3b_gp,A3b 등판 내 투구수,11-20,46277,0.20705870772314616,0.48505737191261317,0.49576288722004597,0.0107055153074328,0.544775912771149,0.24829708497164943,592.3822311522664,20573.54849048506,9.496263070848283
ye_hand,2024,R,a3b_gp,A3b 등판 내 투구수,21-35,33726,0.1509013543805957,0.49323963707525353,0.5009338326920805,0.007694195616826938,0.5490629229061634,0.24813867097398656,726.3833978245926,14984.13488776413,3.574898118345842
ye_hand,2024,R,a3b_gp,A3b 등판 내 투구수,36-60,36847,0.16486574763867076,0.49854805004477976,0.5054585064297662,0.006910456384986441,0.5492036561867188,0.24803312797065002,785.9121755812826,16363.801813912074,3.1505616432230634
ye_hand,2024,R,a3b_gp,A3b 등판 내 투구수,61-80,24208,0.10831465299310505,0.4995869134170522,0.5066921698839181,0.0071052564668658835,0.5483673117074033,0.24814561939105576,741.6844936134148,10755.680921255656,2.188219149137802
ye_hand,2024,R,a3b_gp,A3b 등판 내 투구수,81+,15212,0.06806355342577305,0.5004601630291875,0.5106557650638239,0.01019560203463643,0.5574476630877081,0.24773780414000782,904.7944103524163,6747.625751638751,2.831290643477097
ye_hand,2024,R,a4_prevp,A4 전시즌 투구수,없음,50115,0.22423119773419778,0.4921081512521201,0.5025996996978817,0.010491548445761556,0.554433636554772,0.2477682188886212,868.0161785107776,22232.36787281483,9.876869187113664
ye_hand,2024,R,a4_prevp,A4 전시즌 투구수,1-200,12654,0.056618209640397855,0.44823771139560614,0.48171527975102485,0.03347756835541871,0.5237585798905022,0.24812613071772752,-325.67648066688105,5621.7654193280205,25.392650051138816
ye_hand,2024,R,a4_prevp,A4 전시즌 투구수,201-600,24568,0.10992541286907655,0.46271572777596875,0.4783048281603406,0.015589100384371835,0.5277921244908622,0.24845978433568064,60.37519796293633,10929.449651807745,10.690162259597491
ye_hand,2024,R,a4_prevp,A4 전시즌 투구수,601-1200,65402,0.29263032613413154,0.4888076817222715,0.4935982108063726,0.004790529084101103,0.5423458542245619,0.24849336196480395,552.8250238211685,29099.009585189808,2.6873880278995923
ye_hand,2024,R,a4_prevp,A4 전시즌 투구수,1201-2000,27214,0.121764497957467,0.5108400088189903,0.5220845444353724,0.011244535616382167,0.5430212914465475,0.24849676892279102,554.5507661113946,12108.365251364798,6.160951864186883
ye_hand,2024,R,a4_prevp,A4 전시즌 투구수,2001-2600,23868,0.10679337977690975,0.4912854030501089,0.49780028351819683,0.0065148804680879024,0.5594089251380412,0.24725798088324777,1066.7540218244121,10566.684344178588,1.8138497913072829
ye_hand,2024,R,a4_prevp,A4 전시즌 투구수,2601+,19676,0.08803697588781953,0.5158060581418987,0.5212865377259612,0.005480479584062503,0.541559378672289,0.2482700776071017,592.6285966686096,8746.485495947514,1.0581477889714064
ye_hand,2024,R,a5_asofn,A5 투수 누적 이력,0-99,3959,0.017713884302697575,0.47082596615306893,0.49496700627150964,0.024141040118440704,0.5604947913999201,0.2466582814484417,999.640995034845,1748.4514978984628,4.131139340867228
ye_hand,2024,R,a5_asofn,A5 투수 누적 이력,100-499,17177,0.0768556177487841,0.47610176398672643,0.4911830975406197,0.01508133355389324,0.5400421383197084,0.24827571933443546,462.31815950867895,7635.789561085509,6.9951848083406185
ye_hand,2024,R,a5_asofn,A5 투수 누적 이력,500-1499,39741,0.177814467308286,0.4760323092020835,0.488727812938692,0.012695503736608493,0.5474630837129913,0.2478250704485816,641.6661607165919,17634.226542223947,11.46861708510408
ye_hand,2024,R,a5_asofn,A5 투수 누적 이력,1500-3999,72150,0.32282312514261935,0.4888704088704089,0.4975042145346297,0.008633805664220784,0.5472943935912657,0.24806661281301803,724.1665589782787,32046.236875621562,9.629711139957893
ye_hand,2024,R,a5_asofn,A5 투수 누적 이력,4000-7999,51095,0.22861604406323127,0.49345337117134747,0.5045781464977326,0.011124775326385117,0.5406136992784386,0.24881352488514477,457.525141422821,22762.7523645459,11.32226427338846
ye_hand,2024,R,a5_asofn,A5 투수 누적 이력,8000+,39375,0.17617686143438166,0.5080126984126984,0.5121915998742131,0.0041789014615147835,0.55046551245684,0.24789384970781528,816.9885961056389,17476.670779255914,1.2311677036114421
ye_hand,2024,R,a6_psucc,A6 투수 수준 5분위,Q1 최저,54380,0.24331422793147112,0.44887826406767195,0.4571563196861515,0.008278055618479552,0.5309583084381664,0.246733315959782,264.06128694058674,24023.671745947562,6.6721879218088045
ye_hand,2024,R,a6_psucc,A6 투수 수준 5분위,Q2,52532,0.2350456605681508,0.4778230411939389,0.4864928492807755,0.008669808086836595,0.5241280136926777,0.24905665726481702,180.96610250474265,23425.80246806998,7.069932872142964
ye_hand,2024,R,a6_psucc,A6 투수 수준 5분위,Q3,48603,0.21746600625511753,0.4926239121041911,0.5066710388079216,0.01404712670373054,0.5356948675651306,0.2491126346965005,333.2559777366795,21678.599302940467,17.171588109543965
ye_hand,2024,R,a6_psucc,A6 투수 수준 5분위,Q4,40380,0.18067356608813542,0.5184744923229322,0.5269907340950353,0.008516241772103084,0.5307903269843176,0.24897191148054784,275.088219137265,18000.68593396331,5.243661709130393
ye_hand,2024,R,a6_psucc,A6 투수 수준 5분위,Q5 최고,27565,0.12333498883653919,0.5456557228369309,0.5558170682328691,0.01016134539593827,0.5481647724899541,0.24634709078636846,632.6606598139995,12158.439024681435,5.096039795756818
ye_hand,2024,R,a7_inning,A7 이닝,1-3회,75125,0.3361342657843282,0.4996206322795341,0.507173511955139,0.007552879675604918,0.5510777054019611,0.24794438765228347,822.1878444563457,33351.17611182141,7.67329691740555
ye_hand,2024,R,a7_inning,A7 이닝,4-6회,74465,0.3331812060117138,0.48851138118579196,0.500798741463752,0.012287360277960069,0.5496526218984823,0.2480649299121355,721.6136686677754,33074.24587615215,20.129906844326367
ye_hand,2024,R,a7_inning,A7 이닝,7-8회,51708,0.2313588101853716,0.4783785874526186,0.4883389694799952,0.009960382027376646,0.5397174850088895,0.24843562035965916,439.57965233876183,23000.855578877716,9.185062556733163
ye_hand,2024,R,a7_inning,A7 이닝,9회+,22199,0.09932571801858638,0.4865534483535294,0.4963571500834855,0.009803701729956094,0.5431832322558112,0.24851730288876914,521.1318468981485,9877.850053780032,3.8201989161283767
ye_hand,2024,R,a8_hand,A8 손 매치업,1v1,28390,0.1270263135523072,0.45808383233532934,0.477523250183651,0.01943941784832165,0.548012737782286,0.24686322895556964,555.8286593452256,12548.56845509686,19.208979316240733
ye_hand,2024,R,a8_hand,A8 손 매치업,1v2,37565,0.16807831872463613,0.5074936776254492,0.5087074668527021,0.0012137892272529038,0.5514092528552573,0.24789854687729238,818.302975224583,16673.614669186427,0.09909285402827651
ye_hand,2024,R,a8_hand,A8 손 매치업,2v1,80544,0.3603806762506879,0.4998758442590385,0.5063557144908228,0.006479870231784313,0.541718810827361,0.24852961569107387,588.1475939755965,35841.29793462821,6.05533531872605
ye_hand,2024,R,a8_hand,A8 손 매치업,2v2,76998,0.34451469147236874,0.4820514818566716,0.49628115593026517,0.014229674073593546,0.5443055835945843,0.24836484639801096,525.8793660651518,34240.64656171981,27.915263825426084
ye_hand,2024,R,a9_batn,A9 타자 누적 이력,0-99,1821,0.00814776037262245,0.4684239428885228,0.5040932307843173,0.035669287895794544,0.5567558107990273,0.2472803105384665,691.8159245580702,806.2539765823157,4.148310067540605
ye_hand,2024,R,a9_batn,A9 타자 누적 이력,100-499,9837,0.04401401361092095,0.48459896309850564,0.4985832919436682,0.013984328845162541,0.5384488981405281,0.2489084135386623,342.0823661956729,4384.041277744588,3.444437539066926
ye_hand,2024,R,a9_batn,A9 타자 누적 이력,500-1499,24706,0.11054287082153227,0.48765482069133004,0.5006703203677045,0.013015499676374498,0.546206271453922,0.24828576614452055,625.1132389889502,10983.143206853563,7.493703661459728
ye_hand,2024,R,a9_batn,A9 타자 누적 이력,1500-3999,51239,0.22926034801361986,0.49286676164640214,0.4977321272751443,0.00486536562874218,0.5515146149753867,0.24787291451110072,830.6500239537606,22740.6097306131,2.171720831624285
ye_hand,2024,R,a9_batn,A9 타자 누적 이력,4000+,135894,0.6080350071813044,0.48954332052923605,0.5001521565097742,0.010608835980538134,0.5475252728476784,0.248194945164605,678.5818663250676,60390.07942883773,27.384709519589027
ye_hand,2024,R,a10_base,A10 주자 상황,___,116958,0.5233090377052041,0.4876622377263633,0.4992038087062711,0.011541570979907823,0.5449048282251697,0.2483094072648124,615.7238457727199,51999.059995183634,27.895373018080463
ye_hand,2024,R,a10_base,A10 주자 상황,1__,44920,0.2009870378573314,0.49296527159394476,0.5000741174774462,0.007108845883501469,0.5499993809875673,0.24803762499103685,765.3065342202669,19949.393564940478,4.064529987497377
ye_hand,2024,R,a10_base,A10 주자 상황,_2_,17468,0.07815764864852771,0.500343485230135,0.5019759608191954,0.0016324755890603226,0.5498073351343529,0.24804038910777462,783.7975339451519,7757.78918496329,0.08335064431818108
ye_hand,2024,R,a10_base,A10 주자 상황,__3,5733,0.025651351024845972,0.5067155067155067,0.5056716747439279,-0.001043831971578757,0.5450501744297862,0.2483501596488492,642.0127423227062,2549.287237116825,0.011184472800496992
ye_hand,2024,R,a10_base,A10 주자 상황,12_,18986,0.08494968612554084,0.48325081639102496,0.49912094710531624,0.015870130714291275,0.5538152999038781,0.24777542143919679,778.4909399898065,8422.947358415455,8.561835326936716
ye_hand,2024,R,a10_base,A10 주자 상황,1_3,7419,0.033195076443979114,0.4937323089365144,0.5021642375567307,0.0084319286202163,0.5445134722291272,0.2485556788551127,562.1032039874851,3301.72917727843,0.9444339713786785
ye_hand,2024,R,a10_base,A10 주자 상황,_23,4798,0.021467849680308907,0.48999583159649857,0.49720602460196955,0.007210193005470988,0.5426876232965756,0.2485805597179482,527.9541163837887,2135.5010613849367,0.4466079098329899
ye_hand,2024,R,a10_base,A10 주자 상황,123,7215,0.03228231251426194,0.47595287595287594,0.493257197565661,0.017304321612785056,0.5647083315298252,0.24681230528009193,1046.1921196797675,3188.4200413482567,3.868279784840735
ye_hand,2024,R,a11_typemo,A11 game_type x 월블록,R|early,87355,0.39085535823747075,0.4950603857821533,0.5030367564328437,0.007976370650690456,0.5507058197169767,0.24800551100364293,788.112602217983,38790.15241034439,9.95109352864666
ye_hand,2024,R,a11_typemo,A11 game_type x 월블록,R|mid,68816,0.30790569895792785,0.49006045105789353,0.49909985666719847,0.00903940560930494,0.5510935322010985,0.24788884051226667,805.2641649354487,30543.499019127496,10.067961820323733
ye_hand,2024,R,a11_typemo,A11 game_type x 월블록,R|late,67326,0.3012389428046014,0.4823990731663845,0.4957107296245435,0.013311656458159016,0.539884726517706,0.24862136366715146,428.0679321326697,29970.476191159407,21.36089283199778
ye_hand,2024,R,a12_role,A12 투수 역할(전시즌),불펜(<30구/경기),79963,0.3577810887841895,0.4781461425909483,0.4892482542501569,0.011102111659208602,0.5412389012576914,0.24832338395155573,480.5279694101827,35553.23173601567,17.6470715929395
ye_hand,2024,R,a12_role,A12 투수 역할(전시즌),스윙(30-70),31678,0.14173792041951347,0.48307973988256836,0.49427235230303174,0.011192612420463377,0.5331051168433272,0.24908613956363856,251.31389341591648,14127.96800530028,7.1054742725624696
ye_hand,2024,R,a12_role,A12 투수 역할(전시즌),선발(>=70),61741,0.2762497930620993,0.5061304481624852,0.5133695679707636,0.007239119808278405,0.5524954765232273,0.24777350582354624,875.6963557765673,27390.560006500535,5.793187359297078
ye_hand,2024,R,a12_role,A12 투수 역할(전시즌),전시즌없음,50115,0.22423119773419778,0.4921081512521201,0.5025996996978817,0.010491548445761556,0.554433636554772,0.2477682188886212,868.0161785107776,22232.36787281483,9.876869187113664
ye_hand,2024,R,a13_tens,A13 이닝 x 점수차,초반|0-1점,50063,0.22399853241877968,0.49951061662305496,0.5091413860499885,0.009630769426933528,0.5528074217763088,0.24779848846095046,880.5096606984475,22212.012553820456,8.314023125713174
ye_hand,2024,R,a13_tens,A13 이닝 x 점수차,초반|2-3점,17952,0.08032322581511162,0.49721479500891264,0.5038754892235993,0.006660694214686624,0.5459732890553091,0.2484460489663462,618.4966583464458,7985.779611919155,1.4260154085726184
ye_hand,2024,R,a13_tens,A13 이닝 x 점수차,초반|4점+,7110,0.03181250755043692,0.5064697609001406,0.5016444575621926,-0.004825303337948061,0.5534877229647666,0.24770505253352804,901.3867844397838,3153.383946081795,0.29640889150118865
ye_hand,2024,R,a13_tens,A13 이닝 x 점수차,중반|0-1점,27628,0.1236168718148342,0.4966338497176777,0.5071747788830855,0.010540929165407775,0.5487995450448904,0.24814149695769921,738.9023197443945,12274.992391735963,5.496416359252763
ye_hand,2024,R,a13_tens,A13 이닝 x 점수차,중반|2-3점,24982,0.11177778672644376,0.48590985509566886,0.5014673178243344,0.015557462728665539,0.5490173528324293,0.24816406711056713,655.4808185555316,11100.396415942278,10.826226997411457
ye_hand,2024,R,a13_tens,A13 이닝 x 점수차,중반|4점+,21855,0.09778654747043584,0.4812171127888355,0.4919742373932228,0.010757124604387325,0.5497989269630453,0.24785481598735623,717.968051736495,9698.85706847391,4.528095687753385
ye_hand,2024,R,a13_tens,A13 이닝 x 점수차,후반|0-1점,22754,0.10180897282737576,0.4897600421903841,0.4954469876456769,0.005686945455292802,0.5417236143805034,0.24867119418703484,489.7850598597486,10131.077092415979,1.3176141978435931
ye_hand,2024,R,a13_tens,A13 이닝 x 점수차,후반|2-3점,21063,0.09424287574329857,0.47671271898589945,0.49436604115168237,0.017653322165782914,0.5377391815313701,0.24869679636713096,305.02412556623335,9379.135389773677,11.75291264253963
ye_hand,2024,R,a13_tens,A13 이닝 x 점수차,후반|4점+,30090,0.13463267963328368,0.4769690927218345,0.48466038972772585,0.007691297005891329,0.5421525861646388,0.2481349182443461,534.9987280975022,13368.493150468095,3.1870856787134074
sj_cb_ft_fonly,2024,R,a1_count,A1 볼카운트,0-0,57385,0.25675959856284425,0.4901629345647817,0.4920096368464711,0.001846702281689372,0.551650661920683,0.24783993624613312,825.6379398503655,25464.905045054762,0.3504003602165036
sj_cb_ft_fonly,2024,R,a1_count,A1 볼카운트,0-1,27768,0.12424327843326756,0.5087510803802938,0.49973697165329134,-0.009014108727002479,0.5511545965360664,0.24788926416770224,813.9110916191128,12324.653136863342,4.039825176551154
sj_cb_ft_fonly,2024,R,a1_count,A1 볼카운트,0-2,14321,0.06407692273274361,0.49298233363591926,0.4906627014761262,-0.0023196321597930836,0.530635193335656,0.2493031511833312,259.09150877114763,6392.540661631322,0.13796978059646048
sj_cb_ft_fonly,2024,R,a1_count,A1 볼카운트,1-0,23181,0.1037195130135975,0.48367197273629264,0.4880955146110603,0.004423541874767678,0.557249906830605,0.24725579775010254,992.0971003329005,10262.449600296084,0.812166064502912
sj_cb_ft_fonly,2024,R,a1_count,A1 볼카운트,1-1,22332,0.09992080430609807,0.4881783987103708,0.49429199882813674,0.0061136001177659605,0.5610459316782798,0.2469919581551175,1147.958345027833,9876.039513083859,1.4944936118903533
sj_cb_ft_fonly,2024,R,a1_count,A1 볼카운트,1-2,21751,0.09732121683959964,0.4995632384717944,0.4923465442817732,-0.007216694190021189,0.5479105596796521,0.24825980893791894,696.0006516575135,9668.47618060254,2.0282814531017075
sj_cb_ft_fonly,2024,R,a1_count,A1 볼카운트,2-0,8177,0.03658662084949686,0.4751131221719457,0.48164235526254284,0.006529233090597164,0.5493612371524766,0.2472453273260938,856.2476852730039,3619.882525707774,0.624152522661583
sj_cb_ft_fonly,2024,R,a1_count,A1 볼카운트,2-1,11832,0.05294030792359629,0.47777214334009466,0.48477581806562775,0.007003674725533093,0.5595004072014318,0.24678119677672458,1092.0484714353363,5228.084681736557,1.0391601476140144
sj_cb_ft_fonly,2024,R,a1_count,A1 볼카운트,2-2,18384,0.0822561376662774,0.4939621409921671,0.4874538143309666,-0.0065083266612005475,0.5500049401907845,0.24799259877583008,788.4931735215094,8163.024828913152,1.3942834840448788
sj_cb_ft_fonly,2024,R,a1_count,A1 볼카운트,3-0,2736,0.01224177505738332,0.48757309941520466,0.4654988964420519,-0.022074202973152768,0.5802970483374575,0.24594804683328017,1559.9737370420753,1204.8468803011717,2.3870336573961706
sj_cb_ft_fonly,2024,R,a1_count,A1 볼카운트,3-1,5227,0.023387338532508267,0.46374593457049934,0.4663066181188164,0.0025606835483170665,0.567156211696803,0.24540727063312165,1318.279604159367,2296.7425264019007,0.061367256641918395
sj_cb_ft_fonly,2024,R,a1_count,A1 볼카운트,3-2,10403,0.04654648608258724,0.4590983370181678,0.46360896131135193,0.004510624293184107,0.5465812602197052,0.24671852700394425,647.745356654128,4595.499766733452,0.37896953083835727
sj_cb_ft_fonly,2024,R,a1b_phase,A1b 카운트 국면,초구 0-0,57385,0.25675959856284425,0.4901629345647817,0.4920096368464711,0.001846702281689372,0.551650661920683,0.24783993624613312,825.6379398503655,25464.905045054762,0.3504003602165036
sj_cb_ft_fonly,2024,R,a1b_phase,A1b 카운트 국면,투수우위 0-1,27768,0.12424327843326756,0.5087510803802938,0.49973697165329134,-0.009014108727002479,0.5511545965360664,0.24788926416770224,813.9110916191128,12324.653136863342,4.039825176551154
sj_cb_ft_fonly,2024,R,a1b_phase,A1b 카운트 국면,평행 1-1,22332,0.09992080430609807,0.4881783987103708,0.49429199882813674,0.0061136001177659605,0.5610459316782798,0.2469919581551175,1147.958345027833,9876.039513083859,1.4944936118903533
sj_cb_ft_fonly,2024,R,a1b_phase,A1b 카운트 국면,타자우위 1-0/2-0/2-1,43190,0.19324644178669065,0.4804352859458208,0.48596432374469345,0.005529037798872649,0.5565575048858535,0.24712379739413753,998.8992547158904,19110.416807740417,2.3640393892242226
sj_cb_ft_fonly,2024,R,a1b_phase,A1b 카운트 국면,2스트라이크,54456,0.24365427723862065,0.4959416776847363,0.4902519677385952,-0.005689709946141097,0.5442386538433358,0.24844398171367746,615.859895323867,24224.041671147013,3.156446105671411
sj_cb_ft_fonly,2024,R,a1b_phase,A1b 카운트 국면,3볼,7963,0.035629113589891584,0.4719326886851689,0.4660290937551811,-0.005903594929987821,0.571481402496711,0.24559307544081144,1452.2363739203347,3501.5894067030727,0.4969151117659167
sj_cb_ft_fonly,2024,R,a1b_phase,A1b 카운트 국면,풀카운트,10403,0.04654648608258724,0.4590983370181678,0.46360896131135193,0.004510624293184107,0.5465812602197052,0.24671852700394425,647.745356654128,4595.499766733452,0.37896953083835727
sj_cb_ft_fonly,2024,R,a2_li,A2 경기 중요도 li,li<0.10,24526,0.10973749088354653,0.47439452010111716,0.47140038458752226,-0.0029941355135948977,0.5550347985657537,0.24714079612969433,883.7429788921436,10852.843781340345,0.3936787882859838
sj_cb_ft_fonly,2024,R,a2_li,A2 경기 중요도 li,0.10-0.35,28107,0.12576007731647404,0.48411427758209696,0.48323416116999035,-0.000880116412106613,0.5496329652840957,0.24776825103101996,792.5571436590228,12469.026137206733,0.03898226947841362
sj_cb_ft_fonly,2024,R,a2_li,A2 경기 중요도 li,0.35-0.70,49973,0.2235958424497868,0.4868028735517179,0.4913357826763144,0.004532909124596474,0.5545903433123418,0.24746945192435002,943.2106655853478,22142.64028695265,1.8384923761591407
sj_cb_ft_fonly,2024,R,a2_li,A2 경기 중요도 li,0.70-1.20,57499,0.2572696725235685,0.49818257708829716,0.49438699421246945,-0.0037955828758277077,0.5497053408675959,0.24800526532506378,796.5831840984872,25532.514040115402,1.483165570118345
sj_cb_ft_fonly,2024,R,a2_li,A2 경기 중요도 li,1.20-2.00,41631,0.18627095665713633,0.49482356897504265,0.49470120496635256,-0.00012236400869009012,0.5536209792940887,0.2476979926403433,910.1823235368566,18463.40161220068,0.0011160833308331377
sj_cb_ft_fonly,2024,R,a2_li,A2 경기 중요도 li,li>=2.00,21761,0.09736596016948773,0.48867239557005654,0.4894102771322587,0.0007378815622021695,0.5581979552200669,0.24733067465033493,1016.9262370408605,9636.719489510093,0.021214097106773435
sj_cb_ft_fonly,2024,R,a3_load,A3 전시즌 경기당 대비 등판 투구수,<0.25,42782,0.1914209139272563,0.49216960403908183,0.48859214232692433,-0.0035774617121575036,0.54988318434456,0.24799099342768513,779.2677120776359,18996.315683840367,0.980355204205892
sj_cb_ft_fonly,2024,R,a3_load,A3 전시즌 경기당 대비 등판 투구수,0.25-0.50,39845,0.17827979793912221,0.4886434935374577,0.488649565724688,6.072187230310444e-06,0.5525208642523813,0.24764607512264383,890.4412169953524,17667.60442610644,2.630489217299291e-06
sj_cb_ft_fonly,2024,R,a3_load,A3 전시즌 경기당 대비 등판 투구수,0.50-0.75,33206,0.14857470122641467,0.48979100162621214,0.49176957575912267,0.0019785741329105266,0.5488223656120709,0.24802954272420663,746.8047900766051,14746.615699663882,0.2327520977893529
sj_cb_ft_fonly,2024,R,a3_load,A3 전시즌 경기당 대비 등판 투구수,0.75-1.00,26002,0.11634160637502965,0.49323128990077686,0.4936927268146198,0.0004614369138429275,0.5582678987147699,0.24731137269438241,1057.3185137206065,11513.920550488698,0.009912970380987648
sj_cb_ft_fonly,2024,R,a3_load,A3 전시즌 경기당 대비 등판 투구수,1.00-1.25,12785,0.05720434726193193,0.47931169339069224,0.48931522234579783,0.01000352895510559,0.5575984696412932,0.24697224189329414,1041.6842190479892,5653.550331011176,2.2907599723627534
sj_cb_ft_fonly,2024,R,a3_load,A3 전시즌 경기당 대비 등판 투구수,1.25-1.50,5772,0.025825850011409548,0.4883922383922384,0.4828045422343699,-0.005587696157868471,0.5554142725809469,0.24766627275925912,880.0691670135974,2559.561547745376,0.3226742235970728
sj_cb_ft_fonly,2024,R,a3_load,A3 전시즌 경기당 대비 등판 투구수,>=1.50,12990,0.05812158552463791,0.47913779830638953,0.47329729236427753,-0.005840505942111995,0.5518215842937658,0.24751964255705805,819.4770421311226,5756.933418610028,0.7933822459150273
sj_cb_ft_fonly,2024,R,a3_load,A3 전시즌 경기당 대비 등판 투구수,전시즌없음,50115,0.22423119773419778,0.4921081512521201,0.4916373859130487,-0.0004707653390714217,0.557045129058954,0.24743695827298262,1000.5534431263951,22202.643689859946,0.019886075338781478
sj_cb_ft_fonly,2024,R,a3b_gp,A3b 등판 내 투구수,1-10,67227,0.30079598383870926,0.4802980945155964,0.4814862861034127,0.0011881915878163007,0.5485817568951833,0.24772198192572017,757.1167429489157,29818.14784322435,0.1699374371827676
sj_cb_ft_fonly,2024,R,a3b_gp,A3b 등판 내 투구수,11-20,46277,0.20705870772314616,0.48505737191261317,0.48438839499642555,-0.0006689769161876136,0.5524905245630959,0.24759140435983581,874.9068066383869,20515.076783950124,0.037081718097677824
sj_cb_ft_fonly,2024,R,a3b_gp,A3b 등판 내 투구수,21-35,33726,0.1509013543805957,0.49323963707525353,0.49009870970752634,-0.0031409273677271976,0.5570806157115405,0.24746672431736202,995.2112048932094,14943.558627317812,0.5957348537785034
sj_cb_ft_fonly,2024,R,a3b_gp,A3b 등판 내 투구수,36-60,36847,0.16486574763867076,0.49854805004477976,0.49619325351644017,-0.0023547965283395866,0.5532679154525088,0.24765409366615576,937.5271758928938,16338.79530655491,0.3658316657154833
sj_cb_ft_fonly,2024,R,a3b_gp,A3b 등판 내 투구수,61-80,24208,0.10831465299310505,0.4995869134170522,0.499184836739824,-0.0004020766772281914,0.5516234218232016,0.24791126034775088,835.4281749212489,10745.522808865908,0.007007273384902152
sj_cb_ft_fonly,2024,R,a3b_gp,A3b 등판 내 투구수,81+,15212,0.06806355342577305,0.5004601630291875,0.5053630961146701,0.004902933085482619,0.5597824984991233,0.24731258148830979,1074.8836150971886,6736.043977412819,0.6547426553181731
sj_cb_ft_fonly,2024,R,a4_prevp,A4 전시즌 투구수,없음,50115,0.22423119773419778,0.4921081512521201,0.4916373859130487,-0.0004707653390714217,0.557045129058954,0.24743695827298262,1000.5534431263951,22202.643689859946,0.019886075338781478
sj_cb_ft_fonly,2024,R,a4_prevp,A4 전시즌 투구수,1-200,12654,0.056618209640397855,0.44823771139560614,0.4594042358009686,0.011166524405362477,0.5375173880528572,0.24633496745520114,398.55061093559965,5581.18323775563,2.8251158092325035
sj_cb_ft_fonly,2024,R,a4_prevp,A4 전시즌 투구수,201-600,24568,0.10992541286907655,0.46271572777596875,0.4637547259218569,0.001038998145888148,0.5370969081206151,0.24756346180286104,420.9089474029537,10890.021492355601,0.047486672097393316
sj_cb_ft_fonly,2024,R,a4_prevp,A4 전시즌 투구수,601-1200,65402,0.29263032613413154,0.4888076817222715,0.48451069492703747,-0.004296986795234048,0.5488911605143625,0.2480612273415173,725.7655287725262,29048.40586102718,2.162178048636731
sj_cb_ft_fonly,2024,R,a4_prevp,A4 전시즌 투구수,1201-2000,27214,0.121764497957467,0.5108400088189903,0.512165582041235,0.0013255732222446914,0.5500632448041165,0.24785806449492837,810.1526760751043,12077.243452342018,0.08561940621476867
sj_cb_ft_fonly,2024,R,a4_prevp,A4 전시즌 투구수,2001-2600,23868,0.10679337977690975,0.4912854030501089,0.49309971319265394,0.001814310142545017,0.5613547016397834,0.24704102201495054,1153.5639399824493,10557.412506445473,0.14067323421271954
sj_cb_ft_fonly,2024,R,a4_prevp,A4 전시즌 투구수,2601+,19676,0.08803697588781953,0.5158060581418987,0.5147637059289204,-0.0010423522129783258,0.5440627677933627,0.2480926595555073,663.6668076301921,8740.235107540073,0.038277025884969715
sj_cb_ft_fonly,2024,R,a5_asofn,A5 투수 누적 이력,0-99,3959,0.017713884302697575,0.47082596615306893,0.47347919304458763,0.0026532268915187007,0.5569550431745316,0.2465054977886878,1060.963230302625,1747.368482087348,0.049900703570866976
sj_cb_ft_fonly,2024,R,a5_asofn,A5 투수 누적 이력,100-499,17177,0.0768556177487841,0.47610176398672643,0.47604750483158936,-5.42591551370708e-05,0.5472610187306212,0.24762107920621235,724.7737914076513,7615.655919862945,9.054526754508882e-05
sj_cb_ft_fonly,2024,R,a5_asofn,A5 투수 누적 이력,500-1499,39741,0.177814467308286,0.4760323092020835,0.47802119717322106,0.001988887971137554,0.5522248911768515,0.24725752184238753,869.2084500506625,17593.84208605398,0.28146980985449954
sj_cb_ft_fonly,2024,R,a5_asofn,A5 투수 누적 이력,1500-3999,72150,0.32282312514261935,0.4888704088704089,0.48601042960162366,-0.002859979268785229,0.5543720798858996,0.24751646421212872,944.3350864974054,31975.166479726813,1.0566581131768216
sj_cb_ft_fonly,2024,R,a5_asofn,A5 투수 누적 이력,4000-7999,51095,0.22861604406323127,0.49345337117134747,0.49526816852146704,0.001814797350119579,0.5468543003180938,0.2482621182261512,678.1256233100219,22712.3068220995,0.30130550243547954
sj_cb_ft_fonly,2024,R,a5_asofn,A5 투수 누적 이력,8000+,39375,0.17617686143438166,0.5080126984126984,0.5066433034655446,-0.0013693949471537126,0.5547979580370398,0.24755533891413573,952.4276961455746,17452.80555749533,0.13220576555036648
sj_cb_ft_fonly,2024,R,a6_psucc,A6 투수 수준 5분위,Q1 최저,54380,0.24331422793147112,0.44887826406767195,0.44824469734759814,-0.0006335667200738082,0.536080394883481,0.24642407118611098,389.06596121495164,23993.56152389294,0.03908375686054337
sj_cb_ft_fonly,2024,R,a6_psucc,A6 투수 수준 5분위,Q2,52532,0.2350456605681508,0.4778230411939389,0.47502465296174984,-0.0027983882321890863,0.532861458656392,0.24859711665088852,365.1446770619016,23382.578939069914,0.7365669935320173
sj_cb_ft_fonly,2024,R,a6_psucc,A6 투수 수준 5분위,Q3,48603,0.21746600625511753,0.4926239121041911,0.4951319382907105,0.0025080261865194076,0.5416520206699346,0.24850643988527285,575.7866833825731,21625.846240342355,0.5473934501361208
sj_cb_ft_fonly,2024,R,a6_psucc,A6 투수 수준 5분위,Q4,40380,0.18067356608813542,0.5184744923229322,0.5201076297952146,0.001633137472282442,0.5449681689268897,0.24814059060760563,608.0711657787341,17940.58137897478,0.19283425690776326
sj_cb_ft_fonly,2024,R,a6_psucc,A6 투수 수준 5분위,Q5 최고,27565,0.12333498883653919,0.5456557228369309,0.5424923848777647,-0.0031633379591661237,0.5519383715385335,0.245927950166838,801.7265417742503,12137.752376225142,0.4938801470833382
sj_cb_ft_fonly,2024,R,a7_inning,A7 이닝,1-3회,75125,0.3361342657843282,0.4996206322795341,0.49697458084385837,-0.002646051435675756,0.5558409218893025,0.24752867621009678,988.4725170576925,33295.25846975922,0.9417886137281237
sj_cb_ft_fonly,2024,R,a7_inning,A7 이닝,4-6회,74465,0.3331812060117138,0.48851138118579196,0.49108589906953,0.0025745178837380256,0.5526541223901623,0.24766723415301886,880.7760026176004,33021.22150335755,0.8837235046652586
sj_cb_ft_fonly,2024,R,a7_inning,A7 이닝,7-8회,51708,0.2313588101853716,0.4783785874526186,0.4772202675443544,-0.0011583199082641493,0.5484523643679929,0.24771542141944858,728.1989297093005,22934.177572769477,0.12421875380452574
sj_cb_ft_fonly,2024,R,a7_inning,A7 이닝,9회+,22199,0.09932571801858638,0.4865534483535294,0.4860146717709426,-0.0005387765825868307,0.5529328461736246,0.2477282584791344,836.9780430405815,9846.487801439664,0.01153780567616262
sj_cb_ft_fonly,2024,R,a8_hand,A8 손 매치업,1v1,28390,0.1270263135523072,0.45808383233532934,0.4621585759133047,0.0040747435779753816,0.5520077538238399,0.2461849711414083,829.0519602392466,12514.091207727062,0.8439920326114239
sj_cb_ft_fonly,2024,R,a8_hand,A8 손 매치업,1v2,37565,0.16807831872463613,0.5074936776254492,0.5007634897928295,-0.006730187832619694,0.5582510292567234,0.2474629268483754,992.5901353157407,16644.314939132193,3.046562905009308
sj_cb_ft_fonly,2024,R,a8_hand,A8 손 매치업,2v1,80544,0.3603806762506879,0.4998758442590385,0.49826086627783706,-0.0016149779812014708,0.548242527037991,0.24801548898480105,793.7982891648599,35767.153980377785,0.3761307078196715
sj_cb_ft_fonly,2024,R,a8_hand,A8 손 매치업,2v2,76998,0.34451469147236874,0.4820514818566716,0.4844968242708327,0.002445342414161056,0.5488962084676791,0.2478639093180031,726.512733666862,34171.58522008886,0.8243871097881607
sj_cb_ft_fonly,2024,R,a9_batn,A9 타자 누적 이력,0-99,1821,0.00814776037262245,0.4684239428885228,0.4902208702069601,0.021796927318437298,0.5576429325763228,0.2466426746109844,947.8915737742067,804.174973603774,1.549076566741712
sj_cb_ft_fonly,2024,R,a9_batn,A9 타자 누적 이력,100-499,9837,0.04401401361092095,0.48459896309850564,0.48828373027150634,0.0036847671730007026,0.5481618159693389,0.24793577324737143,731.5079571539762,4366.910096340171,0.2391416167151137
sj_cb_ft_fonly,2024,R,a9_batn,A9 타자 누적 이력,500-1499,24706,0.11054287082153227,0.48765482069133004,0.48932320455611444,0.0016683838647844063,0.551729715414426,0.24778978889302833,823.6251551911433,10961.203208983086,0.12313082394709557
sj_cb_ft_fonly,2024,R,a9_batn,A9 타자 누적 이력,1500-3999,51239,0.22926034801361986,0.49286676164640214,0.4878070510171581,-0.005059710629244041,0.5562482758395788,0.2475027678680698,978.7388220283356,22706.651359772684,2.348682928995333
sj_cb_ft_fonly,2024,R,a9_batn,A9 타자 누적 이력,4000+,135894,0.6080350071813044,0.48954332052923605,0.4900081557300162,0.00046483520078016705,0.5529752552204723,0.24765296225837077,895.4698888256507,60258.205708626185,0.05257395945211664
sj_cb_ft_fonly,2024,R,a10_base,A10 주자 상황,___,116958,0.5233090377052041,0.4876622377263633,0.4894094373112927,0.0017471995849294153,0.5506390611369131,0.24780560473685095,817.3676341319714,51893.55751678074,0.6392744618412067
sj_cb_ft_fonly,2024,R,a10_base,A10 주자 상황,1__,44920,0.2009870378573314,0.49296527159394476,0.4909423849618796,-0.0020228866320651795,0.5536641398031926,0.24761116140185244,935.9257439009006,19915.0935671798,0.3291207188243672
sj_cb_ft_fonly,2024,R,a10_base,A10 주자 상황,_2_,17468,0.07815764864852771,0.500343485230135,0.48869261772662187,-0.011650867503513185,0.553712492160741,0.24791126367042274,835.4477332611077,7753.750617192148,4.245531782830815
sj_cb_ft_fonly,2024,R,a10_base,A10 주자 상황,__3,5733,0.025651351024845972,0.5067155067155067,0.498817203766057,-0.00789830294944971,0.5569530901946845,0.2474890937805986,986.5012326326416,2540.4484901180235,0.640356619782909
sj_cb_ft_fonly,2024,R,a10_base,A10 주자 상황,12_,18986,0.08494968612554084,0.48325081639102496,0.48633079492063885,0.0030799785296138915,0.5588067500278423,0.2470770571208596,1058.1504846556843,8399.206965376537,0.32247885347958954
sj_cb_ft_fonly,2024,R,a10_base,A10 주자 상황,1_3,7419,0.033195076443979114,0.4937323089365144,0.49162572969961876,-0.0021065792368956116,0.550340276378615,0.24809824661554541,745.104855926304,3295.6528028460943,0.058948581116687146
sj_cb_ft_fonly,2024,R,a10_base,A10 주자 상황,_23,4798,0.021467849680308907,0.48999583159649857,0.4842388541948033,-0.005756977401695285,0.5550982400693076,0.24747011625931722,972.3093901567448,2125.9614852121053,0.2847224286071105
sj_cb_ft_fonly,2024,R,a10_base,A10 주자 상황,123,7215,0.03228231251426194,0.47595287595287594,0.4816581832739303,0.005705307321054343,0.5736051591063862,0.2456553401040481,1510.0511222709833,3173.473902620474,0.42050078208395836
sj_cb_ft_fonly,2024,R,a11_typemo,A11 game_type x 월블록,R|early,87355,0.39085535823747075,0.4950603857821533,0.49331833951661425,-0.0017420462655390323,0.5577817302970645,0.24739280534457733,1033.2187880007116,38694.320080644735,0.47465660023770595
sj_cb_ft_fonly,2024,R,a11_typemo,A11 game_type x 월블록,R|mid,68816,0.30790569895792785,0.49006045105789353,0.48988418372140646,-0.00017626733648706816,0.5550943054265965,0.24747209321046823,972.0289875327248,30492.149709584555,0.003828295878312541
sj_cb_ft_fonly,2024,R,a11_typemo,A11 game_type x 월블록,R|late,67326,0.3012389428046014,0.4823990731663845,0.48366721054997924,0.0012681373835947696,0.544568854612384,0.24812528495642233,626.7456119444792,29910.67555709663,0.19385982211659183
sj_cb_ft_fonly,2024,R,a12_role,A12 투수 역할(전시즌),불펜(<30구/경기),79963,0.3577810887841895,0.4781461425909483,0.4789320599297145,0.0007859173387662066,0.5497262905385597,0.24758842459484645,775.074403095699,35448.00531750513,0.0884331726522765
sj_cb_ft_fonly,2024,R,a12_role,A12 투수 역할(전시즌),스윙(30-70),31678,0.14173792041951347,0.48307973988256836,0.47973814036391854,-0.003341599518649818,0.5405094346116837,0.24848978121571946,490.1307210315897,14094.143033449758,0.6333429495388015
sj_cb_ft_fonly,2024,R,a12_role,A12 투수 역할(전시즌),선발(>=70),61741,0.2762497930620993,0.5061304481624852,0.5059308310408583,-0.00019961712162686052,0.5564256765386111,0.24742789010776356,1013.9634277203103,27352.353306511082,0.004404956497478844
sj_cb_ft_fonly,2024,R,a12_role,A12 투수 역할(전시즌),전시즌없음,50115,0.22423119773419778,0.4921081512521201,0.4916373859130487,-0.0004707653390714217,0.557045129058954,0.24743695827298262,1000.5534431263951,22202.643689859946,0.019886075338781478
sj_cb_ft_fonly,2024,R,a13_tens,A13 이닝 x 점수차,초반|0-1점,50063,0.22399853241877968,0.49951061662305496,0.4983994236561997,-0.0011111929668552456,0.5557148013562588,0.24747249764337545,1010.9061126462149,22182.791584082588,0.11067976419771652
sj_cb_ft_fonly,2024,R,a13_tens,A13 이닝 x 점수차,초반|2-3점,17952,0.08032322581511162,0.49721479500891264,0.4945581887318818,-0.0026566062770308485,0.5520396574856147,0.2480329928117806,783.724247096762,7972.502784086991,0.22685043423142817
sj_cb_ft_fonly,2024,R,a13_tens,A13 이닝 x 점수차,초반|4점+,7110,0.03181250755043692,0.5064697609001406,0.49304309919546957,-0.01342666170467105,0.5670021048742911,0.24665089505008878,1323.120389189314,3139.9641015896473,2.2949756420702156
sj_cb_ft_fonly,2024,R,a13_tens,A13 이닝 x 점수차,중반|0-1점,27628,0.1236168718148342,0.4966338497176777,0.4974747849909028,0.0008409352732250963,0.5502082909423609,0.24792419617834444,825.8265712298596,12264.243019115902,0.034982188259144203
sj_cb_ft_fonly,2024,R,a13_tens,A13 이닝 x 점수차,중반|2-3점,24982,0.11177778672644376,0.48590985509566886,0.49131186426741247,0.005402009171743605,0.5504973769376994,0.24779683988789947,802.488450607286,11083.97031608907,1.3052996599414515
sj_cb_ft_fonly,2024,R,a13_tens,A13 이닝 x 점수차,중반|4점+,21855,0.09778654747043584,0.4812171127888355,0.4827510922605986,0.0015339794717630917,0.5567796533271159,0.24719424594416586,982.5694712039201,9673.008168152579,0.09207936015629672
sj_cb_ft_fonly,2024,R,a13_tens,A13 이닝 x 점수차,후반|0-1점,22754,0.10180897282737576,0.4897600421903841,0.4844162865209585,-0.005343755669425632,0.5510122749838772,0.24802395858906437,748.7879318309632,10104.708160697,1.163384640712096
sj_cb_ft_fonly,2024,R,a13_tens,A13 이닝 x 점수차,후반|2-3점,21063,0.09424287574329857,0.47671271898589945,0.4836756102912819,0.006962891305382468,0.5457288788621343,0.24782663493055965,653.8453596676042,9346.318875673856,1.8284026643494862
sj_cb_ft_fonly,2024,R,a13_tens,A13 이닝 x 점수차,후반|4점+,30090,0.13463267963328368,0.4769690927218345,0.47374801361792873,-0.0032210791039057884,0.5522790151523845,0.24741372733324032,824.0884515349101,13329.638337838285,0.5589813974021557
yn_fa10c,2024,R,a1_count,A1 볼카운트,0-0,57385,0.25675959856284425,0.4901629345647817,0.49963326493419474,0.009470330369413027,0.5506700374263573,0.24793917865927587,785.9256030824602,25475.10194336502,9.215120771680718
yn_fa10c,2024,R,a1_count,A1 볼카운트,0-1,27768,0.12424327843326756,0.5087510803802938,0.5052954348885444,-0.0034556454917493706,0.5471851332893151,0.24808924087798223,733.8958968020504,12334.595655342016,0.5937113512447563
yn_fa10c,2024,R,a1_count,A1 볼카운트,0-2,14321,0.06407692273274361,0.49298233363591926,0.4983627349803954,0.005380401344476149,0.5291839225666402,0.24928676433977034,265.64753767133186,6392.120476153194,0.7422925063359196
yn_fa10c,2024,R,a1_count,A1 볼카운트,1-0,23181,0.1037195130135975,0.48367197273629264,0.49634850459800434,0.012676531861711693,0.5528949772046093,0.2477573265461084,791.2714178284986,10283.26575117684,6.669687069923467
yn_fa10c,2024,R,a1_count,A1 볼카운트,1-1,22332,0.09992080430609807,0.4881783987103708,0.5010283721843414,0.0128499734739706,0.557445221429508,0.24747814415518396,953.3751728079021,9895.479790343205,6.6024400713428975
yn_fa10c,2024,R,a1_count,A1 볼카운트,1-2,21751,0.09732121683959964,0.4995632384717944,0.5003424376141028,0.0007791991423083955,0.5465040873323768,0.2482656796411314,693.6523685806994,9668.704815089997,0.023645502426704067
yn_fa10c,2024,R,a1_count,A1 볼카운트,2-0,8177,0.03658662084949686,0.4751131221719457,0.48790372267336163,0.01279060050141595,0.5483540656886416,0.247457433480566,771.1945104735274,3622.9879407644416,2.3952356842089575
yn_fa10c,2024,R,a1_count,A1 볼카운트,2-1,11832,0.05294030792359629,0.47777214334009466,0.4916305305554906,0.01385838721539595,0.5523710969920973,0.24746204830395396,819.168565134043,5242.50859039142,4.0687024540452255
yn_fa10c,2024,R,a1_count,A1 볼카운트,2-2,18384,0.0822561376662774,0.4939621409921671,0.4946413034697366,0.0006791624775694949,0.5488722829350186,0.24811765325653357,738.4640858501879,8167.141172852401,0.015183075991308848
yn_fa10c,2024,R,a1_count,A1 볼카운트,3-0,2736,0.01224177505738332,0.48757309941520466,0.472303120239154,-0.015269979176050663,0.581073407661362,0.24569233943517566,1662.3199166891256,1203.5942244462342,1.1422610527507187
yn_fa10c,2024,R,a1_count,A1 볼카운트,3-1,5227,0.023387338532508267,0.46374593457049934,0.47449494066682707,0.010749006096327729,0.5700518009346421,0.24564735442393182,1221.7385299883365,2298.9894470038494,1.0813380991673707
yn_fa10c,2024,R,a1_count,A1 볼카운트,3-2,10403,0.04654648608258724,0.4590983370181678,0.4709680148789107,0.011869677860742889,0.5444781739989564,0.2469877345680023,539.3368849393898,4600.514158286673,2.6242720193870763
yn_fa10c,2024,R,a1b_phase,A1b 카운트 국면,초구 0-0,57385,0.25675959856284425,0.4901629345647817,0.49963326493419474,0.009470330369413027,0.5506700374263573,0.24793917865927587,785.9256030824602,25475.10194336502,9.215120771680718
yn_fa10c,2024,R,a1b_phase,A1b 카운트 국면,투수우위 0-1,27768,0.12424327843326756,0.5087510803802938,0.5052954348885444,-0.0034556454917493706,0.5471851332893151,0.24808924087798223,733.8958968020504,12334.595655342016,0.5937113512447563
yn_fa10c,2024,R,a1b_phase,A1b 카운트 국면,평행 1-1,22332,0.09992080430609807,0.4881783987103708,0.5010283721843414,0.0128499734739706,0.557445221429508,0.24747814415518396,953.3751728079021,9895.479790343205,6.6024400713428975
yn_fa10c,2024,R,a1b_phase,A1b 카운트 국면,타자우위 1-0/2-0/2-1,43190,0.19324644178669065,0.4804352859458208,0.493457185990252,0.013021900044431212,0.5520828597813715,0.24761965676703662,800.251353342063,19148.7622823327,13.113067756606517
yn_fa10c,2024,R,a1b_phase,A1b 카운트 국면,2스트라이크,54456,0.24365427723862065,0.4959416776847363,0.4978971428526926,0.001955465167956305,0.5429530548521386,0.24848423474827774,599.757620667185,24227.966464095596,0.3728363887923004
yn_fa10c,2024,R,a1b_phase,A1b 카운트 국면,3볼,7963,0.035629113589891584,0.4719326886851689,0.4737418550596296,0.0018091663744607134,0.5735838692754703,0.2456628107834399,1424.254061921515,3502.583671450083,0.04666659528620443
yn_fa10c,2024,R,a1b_phase,A1b 카운트 국면,풀카운트,10403,0.04654648608258724,0.4590983370181678,0.4709680148789107,0.011869677860742889,0.5444781739989564,0.2469877345680023,539.3368849393898,4600.514158286673,2.6242720193870763
yn_fa10c,2024,R,a2_li,A2 경기 중요도 li,li<0.10,24526,0.10973749088354653,0.47439452010111716,0.47767321675231506,0.0032786966511978988,0.5495450615865924,0.2475248742757402,729.7077534828444,10869.710038082008,0.4720647636147121
yn_fa10c,2024,R,a2_li,A2 경기 중요도 li,0.10-0.35,28107,0.12576007731647404,0.48411427758209696,0.48947977033443174,0.005365492752334777,0.5497362513716317,0.24785111432487766,759.378334606342,12473.196262203084,1.4487922202009142
yn_fa10c,2024,R,a2_li,A2 경기 중요도 li,0.35-0.70,49973,0.2235958424497868,0.4868028735517179,0.498893217986691,0.012090344434973088,0.552227433299077,0.2477999950762992,810.9012305663854,22172.21605097529,13.079319692932023
yn_fa10c,2024,R,a2_li,A2 경기 중요도 li,0.70-1.20,57499,0.2572696725235685,0.49818257708829716,0.5018177000919893,0.0036351230036921756,0.5494289020425486,0.24799791476567976,799.5234466991574,25531.757289001955,1.3604133964112166
yn_fa10c,2024,R,a2_li,A2 경기 중요도 li,1.20-2.00,41631,0.18627095665713633,0.49482356897504265,0.5020583780810118,0.007234809105969187,0.5493773200264243,0.2479914304156553,792.7946315935075,18485.274455965075,3.9016057487712095
yn_fa10c,2024,R,a2_li,A2 경기 중요도 li,li>=2.00,21761,0.09736596016948773,0.48867239557005654,0.4976624787371431,0.008990083167086549,0.5539663089943878,0.24774466798519826,851.2438652117926,9652.84986898787,3.1490434584981073
yn_fa10c,2024,R,a3_load,A3 전시즌 경기당 대비 등판 투구수,<0.25,42782,0.1914209139272563,0.49216960403908183,0.49493180447180135,0.0027622004327195193,0.5516897471080131,0.24785172521992752,834.9886613231772,18985.64762367125,0.5844452694057763
yn_fa10c,2024,R,a3_load,A3 전시즌 경기당 대비 등판 투구수,0.25-0.50,39845,0.17827979793912221,0.4886434935374577,0.4945400420044865,0.005896548467028806,0.5505354936491882,0.24780301642262187,827.6322950774406,17678.800956496667,2.4805156006513838
yn_fa10c,2024,R,a3_load,A3 전시즌 경기당 대비 등판 투구수,0.50-0.75,33206,0.14857470122641467,0.48979100162621214,0.49718393855753856,0.0073929369313264215,0.5469987521588513,0.24814887372893185,699.0524805069342,14753.710533805048,3.249547970801007
yn_fa10c,2024,R,a3_load,A3 전시즌 경기당 대비 등판 투구수,0.75-1.00,26002,0.11634160637502965,0.49323128990077686,0.4986077942669984,0.005376504366221557,0.556540019447318,0.24750724166298993,978.9565655301758,11523.039499278973,1.3457957300209682
yn_fa10c,2024,R,a3_load,A3 전시즌 경기당 대비 등판 투구수,1.00-1.25,12785,0.05720434726193193,0.47931169339069224,0.4945932901072663,0.015281596716574086,0.5520111782842302,0.2476146343266521,784.2865747289318,5668.255619048441,5.345773916161076
yn_fa10c,2024,R,a3_load,A3 전시즌 경기당 대비 등판 투구수,1.25-1.50,5772,0.025825850011409548,0.4883922383922384,0.48835823670404355,-3.4001688194840174e-05,0.5519677021113683,0.2480341680480418,732.8316963170267,2563.363642492771,1.1948122585062182e-05
yn_fa10c,2024,R,a3_load,A3 전시즌 경기당 대비 등판 투구수,>=1.50,12990,0.05812158552463791,0.47913779830638953,0.4757310921628751,-0.003406706143514404,0.5418836061830398,0.24807605246589998,596.5249355113,5769.874673556771,0.26992983231313494
yn_fa10c,2024,R,a3_load,A3 전시즌 경기당 대비 등판 투구수,전시즌없음,50115,0.22423119773419778,0.4921081512521201,0.5051165812682541,0.013008430016133998,0.5541390602398082,0.24787903453421212,823.6788747388757,22242.311416865363,15.184129211747006
yn_fa10c,2024,R,a3b_gp,A3b 등판 내 투구수,1-10,67227,0.30079598383870926,0.4802980945155964,0.48905611889051287,0.008758024374916462,0.5499187686930839,0.247729184380181,754.231281022355,29819.014798390283,9.232693467223397
yn_fa10c,2024,R,a3b_gp,A3b 등판 내 투구수,11-20,46277,0.20705870772314616,0.48505737191261317,0.49180179433900406,0.006744422426390895,0.5494700754615698,0.24785179227313042,770.6585342135419,20536.652161531034,3.76900845106136
yn_fa10c,2024,R,a3b_gp,A3b 등판 내 투구수,21-35,33726,0.1509013543805957,0.49323963707525353,0.49739725866073614,0.004157621585482607,0.5510850605618817,0.24792211746932355,813.0206378460292,14971.058058942763,1.0438236663139366
yn_fa10c,2024,R,a3b_gp,A3b 등판 내 투구수,36-60,36847,0.16486574763867076,0.49854805004477976,0.5035172990746161,0.004969249029836309,0.5508276558220995,0.24781882112393475,871.6356371420209,16349.66307851126,1.6291311358855682
yn_fa10c,2024,R,a3b_gp,A3b 등판 내 투구수,61-80,24208,0.10831465299310505,0.4995869134170522,0.5060340274737795,0.0064471140567272656,0.5466356300007434,0.2482686431650866,692.4749504125139,10761.013292072645,1.801615061864256
yn_fa10c,2024,R,a3b_gp,A3b 등판 내 투구수,81+,15212,0.06806355342577305,0.5004601630291875,0.5110421071277098,0.010581944098522311,0.5563580311671047,0.2477369532422678,905.134769736704,6747.602575767299,3.0499282950925526
yn_fa10c,2024,R,a4_prevp,A4 전시즌 투구수,없음,50115,0.22423119773419778,0.4921081512521201,0.5051165812682541,0.013008430016133998,0.5541390602398082,0.24787903453421212,823.6788747388757,22242.311416865363,15.184129211747006
yn_fa10c,2024,R,a4_prevp,A4 전시즌 투구수,1-200,12654,0.056618209640397855,0.44823771139560614,0.46824438113386285,0.02000666973825671,0.5368124471995084,0.24664846744503363,271.79210119843145,5588.286171238299,9.068799966631138
yn_fa10c,2024,R,a4_prevp,A4 전시즌 투구수,201-600,24568,0.10992541286907655,0.46271572777596875,0.46797607731767543,0.005260349541706677,0.535498168703218,0.24769932538371425,366.25963934275865,10895.997969274873,1.217226493496289
yn_fa10c,2024,R,a4_prevp,A4 전시즌 투구수,601-1200,65402,0.29263032613413154,0.4888076817222715,0.4908955440133546,0.002087862291083098,0.5469180576208701,0.24817730654828482,679.3105687879608,29061.998940229223,0.510466347895484
yn_fa10c,2024,R,a4_prevp,A4 전시즌 투구수,1201-2000,27214,0.121764497957467,0.5108400088189903,0.5186917114823923,0.007851702663402071,0.5443389559246457,0.24835840170432677,609.9236800493512,12101.62310808767,3.003948319432336
yn_fa10c,2024,R,a4_prevp,A4 전시즌 투구수,2001-2600,23868,0.10679337977690975,0.4912854030501089,0.4972765945087968,0.005991191458687872,0.5608327988606482,0.24703617923855203,1155.5016391699091,10557.205548152884,1.5339627461240706
yn_fa10c,2024,R,a4_prevp,A4 전시즌 투구수,2601+,19676,0.08803697588781953,0.5158060581418987,0.51650289572772,0.0006968375858212861,0.5451936555732103,0.24801731702882127,693.8339651263003,8737.580811366974,0.017106940122271815
yn_fa10c,2024,R,a5_asofn,A5 투수 누적 이력,0-99,3959,0.017713884302697575,0.47082596615306893,0.4898284507198711,0.019002484566802147,0.5501823266104664,0.2475866076758795,627.0419918699033,1755.031992067848,2.5596386844177905
yn_fa10c,2024,R,a5_asofn,A5 투수 누적 이력,100-499,17177,0.0768556177487841,0.47610176398672643,0.48880134034808176,0.012699576361355325,0.5462995385672454,0.24784868429617632,633.5232934095214,7622.6559784053425,4.960188369061892
yn_fa10c,2024,R,a5_asofn,A5 투수 누적 이력,500-1499,39741,0.177814467308286,0.4760323092020835,0.48474134089206433,0.008709031689980828,0.5498572163343922,0.24753522512533,757.8713062947218,17613.602324975986,5.396981372779853
yn_fa10c,2024,R,a5_asofn,A5 투수 누적 이력,1500-3999,72150,0.32282312514261935,0.4888704088704089,0.49285931707054703,0.0039889082001381415,0.5512789255176949,0.24771926249388698,863.1755615873149,32001.364772602657,2.0554968008270023
yn_fa10c,2024,R,a5_asofn,A5 투수 누적 이력,4000-7999,51095,0.22861604406323127,0.49345337117134747,0.502758238793311,0.009304867621963586,0.5457978128347867,0.24841638882933412,616.4068013696178,22726.42029739793,7.920839034207098
yn_fa10c,2024,R,a5_asofn,A5 투수 누적 이력,8000+,39375,0.17617686143438166,0.5080126984126984,0.5115312876406409,0.00351858922794257,0.5521967247448502,0.24774147971345187,877.9522501308202,17465.928599765517,0.8728308558128912
yn_fa10c,2024,R,a6_psucc,A6 투수 수준 5분위,Q1 최저,54380,0.24331422793147112,0.44887826406767195,0.45764214607656367,0.008763882008891721,0.5303638528600976,0.24675725279576244,254.38540349922434,24026.00240278648,7.4783301351551925
yn_fa10c,2024,R,a6_psucc,A6 투수 수준 5분위,Q2,52532,0.2350456605681508,0.4778230411939389,0.4830982055957596,0.005275164401820687,0.5281473942207607,0.24886635240923036,257.2380923374196,23407.90274997111,2.617389284924423
yn_fa10c,2024,R,a6_psucc,A6 투수 수준 5분위,Q3,48603,0.21746600625511753,0.4926239121041911,0.5013464747011525,0.008722562596961358,0.5411190774493857,0.24868424443041698,504.6493839498622,21641.319375589457,6.6210009896484525
yn_fa10c,2024,R,a6_psucc,A6 투수 수준 5분위,Q4,40380,0.18067356608813542,0.5184744923229322,0.5241632901746042,0.005688797851671978,0.5429694295354296,0.24830555402410662,541.9955909887864,17952.50824507534,2.3398052132422578
yn_fa10c,2024,R,a6_psucc,A6 투수 수준 5분위,Q5 최고,27565,0.12333498883653919,0.5456557228369309,0.5504526393968345,0.004796916559903663,0.5526799568032622,0.24598416797913072,779.050347737531,12140.527001412229,1.1356766892460248
yn_fa10c,2024,R,a7_inning,A7 이닝,1-3회,75125,0.3361342657843282,0.4996206322795341,0.5047739509107795,0.005153318631245352,0.5523955287801436,0.24779959599053875,880.1045424956855,33331.70008231296,3.572159671557109
yn_fa10c,2024,R,a7_inning,A7 이닝,4-6회,74465,0.3331812060117138,0.48851138118579196,0.49816609975102893,0.009654718565236975,0.5507104885541415,0.2478803992929841,795.4649063439789,33049.64259558502,12.428073628679295
yn_fa10c,2024,R,a7_inning,A7 이닝,7-8회,51708,0.2313588101853716,0.4783785874526186,0.4844378387097686,0.006059251257150011,0.5475256226139551,0.24782412611687532,684.6355898230794,22944.241753753828,3.3991321545901925
yn_fa10c,2024,R,a7_inning,A7 이닝,9회+,22199,0.09932571801858638,0.4865534483535294,0.492042886276298,0.00548943792276857,0.5506391051019351,0.24805360854737754,706.7438252772895,9859.419533563487,1.1977372434363351
yn_fa10c,2024,R,a8_hand,A8 손 매치업,1v1,28390,0.1270263135523072,0.45808383233532934,0.4689617578327939,0.01087792549746458,0.5523044947713293,0.2462596827685398,798.9557977567397,12517.888954242077,6.014921156504099
yn_fa10c,2024,R,a8_hand,A8 손 매치업,1v2,37565,0.16807831872463613,0.5074936776254492,0.5080642816273081,0.000570604001858932,0.5568938748998222,0.24755524005146443,955.6565580298048,16650.523909683146,0.021899056596712325
yn_fa10c,2024,R,a8_hand,A8 손 매치업,2v1,80544,0.3603806762506879,0.4998758442590385,0.506860458135965,0.006984613876926504,0.544751680314505,0.24835558233558533,657.7609404632811,35816.19999478194,7.035425770281314
yn_fa10c,2024,R,a8_hand,A8 손 매치업,2v2,76998,0.34451469147236874,0.4820514818566716,0.49047281347929694,0.008421331622625317,0.5460595876904386,0.24807285308146218,642.827391584555,34200.39110650813,9.777174592406856
yn_fa10c,2024,R,a9_batn,A9 타자 누적 이력,0-99,1821,0.00814776037262245,0.4684239428885228,0.49759338340826675,0.02916944051974396,0.5581431118173098,0.247121500666834,755.5942331938681,805.7361792281898,2.7742048763223965
yn_fa10c,2024,R,a9_batn,A9 타자 누적 이력,100-499,9837,0.04401401361092095,0.48459896309850564,0.49452341723762294,0.0099244541391173,0.5403192312036772,0.24851391615107235,500.0311779705058,4377.0929676952455,1.7347956169344514
yn_fa10c,2024,R,a9_batn,A9 타자 누적 이력,500-1499,24706,0.11054287082153227,0.48765482069133004,0.49467430736107787,0.007019486669747832,0.5496956189567322,0.2479729580263961,750.3128096258305,10969.30585962671,2.1796438215293183
yn_fa10c,2024,R,a9_batn,A9 타자 누적 이력,1500-3999,51239,0.22926034801361986,0.49286676164640214,0.4954581686143,0.0025914069678978358,0.5533590092754592,0.2477011535317183,899.3684021202486,22724.851859662227,0.6160901651810567
yn_fa10c,2024,R,a9_batn,A9 타자 누적 이력,4000+,135894,0.6080350071813044,0.48954332052923605,0.49752236692378676,0.007979046394550715,0.5511748612733403,0.24785768024218616,813.5468647426092,60308.01709900291,15.490828618680977
yn_fa10c,2024,R,a10_base,A10 주자 상황,___,116958,0.5233090377052041,0.4876622377263633,0.4963112294388925,0.008648991712529197,0.5477373352616507,0.24806488293784815,713.593167378912,51947.85357780237,15.665103965207194
yn_fa10c,2024,R,a10_base,A10 주자 상황,1__,44920,0.2009870378573314,0.49296527159394476,0.4982867790764834,0.005321507482538623,0.553259627471418,0.24769714485150374,901.5255545361423,19922.0091215326,2.277621156727246
yn_fa10c,2024,R,a10_base,A10 주자 상황,_2_,17468,0.07815764864852771,0.500343485230135,0.49776204714876776,-0.0025814380813672932,0.5533044967457899,0.24775498066241197,897.9609659671817,7748.862660703688,0.20841980950757386
yn_fa10c,2024,R,a10_base,A10 주자 상황,__3,5733,0.025651351024845972,0.5067155067155067,0.5032993219733666,-0.003416184742140116,0.5481204673208899,0.24807588961144833,751.7405513153386,2546.4718851683574,0.11979454035029578
yn_fa10c,2024,R,a10_base,A10 주자 상황,12_,18986,0.08494968612554084,0.48325081639102496,0.49402270600759174,0.010771889616566777,0.5578152810183309,0.2473979502624611,929.6490313163152,8410.115497077086,3.9444790315471967
yn_fa10c,2024,R,a10_base,A10 주자 상황,1_3,7419,0.033195076443979114,0.4937323089365144,0.4990577103117798,0.005325401375265437,0.5508883120704207,0.24803662360808834,769.7579327902159,3294.8342237548827,0.37672327219000756
yn_fa10c,2024,R,a10_base,A10 주자 상황,_23,4798,0.021467849680308907,0.48999583159649857,0.49274165084605587,0.002745819249557302,0.5484466347998235,0.2479589650428834,776.6915643532379,2130.1610778807626,0.064770391285533
yn_fa10c,2024,R,a10_base,A10 주자 상황,123,7215,0.03228231251426194,0.47595287595287594,0.4895525218939307,0.013599645941054783,0.5651817620425951,0.24652402498971934,1161.771577668458,3184.695921295545,2.3892628238585347
yn_fa10c,2024,R,a11_typemo,A11 game_type x 월블록,R|early,87355,0.39085535823747075,0.4950603857821533,0.49704876067985665,0.001988374897703371,0.5551433246712036,0.2476171410120914,943.4757621516466,38729.408070015335,0.6183817983679237
yn_fa10c,2024,R,a11_typemo,A11 game_type x 월블록,R|mid,68816,0.30790569895792785,0.49006045105789353,0.49729710222631496,0.007236651168421426,0.5529221024970904,0.24768524843250603,886.7331916501464,30518.41352324304,6.452634842787061
yn_fa10c,2024,R,a11_typemo,A11 game_type x 월블록,R|late,67326,0.3012389428046014,0.4823990731663845,0.49531476102233857,0.012915687855954094,0.5434141363001336,0.2483451733697729,538.6811196831931,29937.182371956907,20.108991021815417
yn_fa10c,2024,R,a12_role,A12 투수 역할(전시즌),불펜(<30구/경기),79963,0.3577810887841895,0.4781461425909483,0.4843830113062866,0.006236868715338295,0.5485313322632004,0.2477394934296025,714.5312096357825,35469.634312747956,5.56922380029335
yn_fa10c,2024,R,a12_role,A12 투수 역할(전시즌),스윙(30-70),31678,0.14173792041951347,0.48307973988256836,0.48709520753356955,0.004015467651001192,0.5365371874895558,0.2487868380075033,371.17177481569286,14110.991858749438,0.9145393653893127
yn_fa10c,2024,R,a12_role,A12 투수 역할(전시즌),선발(>=70),61741,0.2762497930620993,0.5061304481624852,0.5103969046337663,0.004266456471281099,0.5548214656866134,0.2475157540101533,978.8125825526683,27362.06637685253,2.0122441983537103
yn_fa10c,2024,R,a12_role,A12 투수 역할(전시즌),전시즌없음,50115,0.22423119773419778,0.4921081512521201,0.5051165812682541,0.013008430016133998,0.5541390602398082,0.24787903453421212,823.6788747388757,22242.311416865363,15.184129211747006
yn_fa10c,2024,R,a13_tens,A13 이닝 x 점수차,초반|0-1점,50063,0.22399853241877968,0.49951061662305496,0.5060541078847601,0.00654349126170517,0.5529146371263811,0.24774302603229692,902.694653412739,22207.04104584569,3.838029521344966
yn_fa10c,2024,R,a13_tens,A13 이닝 x 점수차,초반|2-3점,17952,0.08032322581511162,0.49721479500891264,0.5033377335783774,0.006122938569464775,0.5483511819540522,0.24822020584466026,708.8367102245141,7978.520356220965,1.2050498985304312
yn_fa10c,2024,R,a13_tens,A13 이닝 x 점수차,초반|4점+,7110,0.03181250755043692,0.5064697609001406,0.4993863946467697,-0.007083366253370915,0.5599152383892603,0.24713592140801705,1129.0773571555612,3146.1386802462957,0.6387359838434034
yn_fa10c,2024,R,a13_tens,A13 이닝 x 점수차,중반|0-1점,27628,0.1236168718148342,0.4966338497176777,0.5043313085523159,0.007697458834638182,0.5466624897709438,0.2481625078511836,730.497581415368,12276.031752587842,2.931005165168345
yn_fa10c,2024,R,a13_tens,A13 이닝 x 점수차,중반|2-3점,24982,0.11177778672644376,0.48590985509566886,0.4991221445980015,0.013212289502332664,0.5497576872046323,0.2480029632981164,719.973559074183,11093.190230924663,7.808286731301557
yn_fa10c,2024,R,a13_tens,A13 이닝 x 점수차,중반|4점+,21855,0.09778654747043584,0.4812171127888355,0.4892795153937183,0.008062402604882779,0.5550399312334793,0.24738367134870823,906.6922323829996,9680.420612072523,2.5436195829924393
yn_fa10c,2024,R,a13_tens,A13 이닝 x 점수차,후반|0-1점,22754,0.10180897282737576,0.4897600421903841,0.49209344194285504,0.0023333997524709327,0.5488918692144121,0.24816467022298744,692.4796610558114,10110.440872986957,0.22182395031701857
yn_fa10c,2024,R,a13_tens,A13 이닝 x 점수차,후반|2-3점,21063,0.09424287574329857,0.47671271898589945,0.4905150203475166,0.013802301361617142,0.5466823006258625,0.24788445504092863,630.6670373389833,9348.499453193646,7.184484719512149
yn_fa10c,2024,R,a13_tens,A13 이닝 x 점수차,후반|4점+,30090,0.13463267963328368,0.4769690927218345,0.48000530890344917,0.0030362161816146482,0.5488805648741168,0.2476936785182349,711.8698844401528,13344.720961136713,0.4966608817283545
TEAM,2024,R,a1_count,A1 볼카운트,0-0,57385,0.25675959856284425,0.4901629345647817,0.5011293085671216,0.010966374002339851,0.551579034662533,0.2479587855957567,778.0797916006943,25477.116504792335,12.356539982123065
TEAM,2024,R,a1_count,A1 볼카운트,0-1,27768,0.12424327843326756,0.5087510803802938,0.5098315934368164,0.0010805130565225696,0.5506618002586702,0.24785056341827083,829.3961348573298,12322.72899821829,0.05804663190106395
TEAM,2024,R,a1_count,A1 볼카운트,0-2,14321,0.06407692273274361,0.49298233363591926,0.500904087331668,0.007921753695748768,0.5314226378420472,0.2493202028441496,252.26950057254393,6392.977894111587,1.609119883821177
TEAM,2024,R,a1_count,A1 볼카운트,1-0,23181,0.1037195130135975,0.48367197273629264,0.49705794080792404,0.013385968071631393,0.5568837048330377,0.24744495739366543,916.3524674756451,10270.300746057432,7.4371085941008745
TEAM,2024,R,a1_count,A1 볼카운트,1-1,22332,0.09992080430609807,0.4881783987103708,0.5038314654336983,0.015653066723327502,0.5605918664863279,0.24722654246640743,1054.072138025608,9885.419429518199,9.797130174713626
TEAM,2024,R,a1_count,A1 볼카운트,1-2,21751,0.09732121683959964,0.4995632384717944,0.5028407780216485,0.0032775395498541027,0.5471208079447119,0.24828191673259226,687.1575270405161,9669.337168480999,0.41835743999434255
TEAM,2024,R,a1_count,A1 볼카운트,2-0,8177,0.03658662084949686,0.4751131221719457,0.48985822124970857,0.014745099077762891,0.5489507880933789,0.24745494075687718,772.19407630017,3622.9514451630075,3.183184228213073
TEAM,2024,R,a1_count,A1 볼카운트,2-1,11832,0.05294030792359629,0.47777214334009466,0.4938155717278683,0.016043428387773617,0.5600367959965058,0.2469762741540228,1013.8630017555328,5232.217415758951,5.452867032181753
TEAM,2024,R,a1_count,A1 볼카운트,2-2,18384,0.0822561376662774,0.4939621409921671,0.49706369256492083,0.0031015515727537135,0.5509937832667576,0.24791157639969147,820.9068506354722,8160.357863562646,0.3166433793259324
TEAM,2024,R,a1_count,A1 볼카운트,3-0,2736,0.01224177505738332,0.48757309941520466,0.4721446800083958,-0.015428419406808835,0.5770729114757885,0.2458741401111944,1589.5546983743848,1204.4848270761722,1.166088069292196
TEAM,2024,R,a1_count,A1 볼카운트,3-1,5227,0.023387338532508267,0.46374593457049934,0.47321362891170365,0.009467694341204314,0.5647897290620963,0.24561404206057297,1235.1339005420402,2298.677679869225,0.8389060831703509
TEAM,2024,R,a1_count,A1 볼카운트,3-2,10403,0.04654648608258724,0.4590983370181678,0.47171119959628616,0.012612862578118333,0.547210945135011,0.24685662338074446,592.1346712313924,4598.072017285847,2.9631819041506002
TEAM,2024,R,a1b_phase,A1b 카운트 국면,초구 0-0,57385,0.25675959856284425,0.4901629345647817,0.5011293085671216,0.010966374002339851,0.551579034662533,0.2479587855957567,778.0797916006943,25477.116504792335,12.356539982123065
TEAM,2024,R,a1b_phase,A1b 카운트 국면,투수우위 0-1,27768,0.12424327843326756,0.5087510803802938,0.5098315934368164,0.0010805130565225696,0.5506618002586702,0.24785056341827083,829.3961348573298,12322.72899821829,0.05804663190106395
TEAM,2024,R,a1b_phase,A1b 카운트 국면,평행 1-1,22332,0.09992080430609807,0.4881783987103708,0.5038314654336983,0.015653066723327502,0.5605918664863279,0.24722654246640743,1054.072138025608,9885.419429518199,9.797130174713626
TEAM,2024,R,a1b_phase,A1b 카운트 국면,타자우위 1-0/2-0/2-1,43190,0.19324644178669065,0.4804352859458208,0.49480659054668885,0.014371304600868051,0.556417784507012,0.24731845065297384,920.9185539834741,19125.46960697939,15.971583607061449
TEAM,2024,R,a1b_phase,A1b 카운트 국면,2스트라이크,54456,0.24365427723862065,0.4959416776847363,0.5003811539874247,0.004439476302688372,0.5444739660471228,0.24842994374014996,621.4754546874701,24222.672926155232,1.9216823807813694
TEAM,2024,R,a1b_phase,A1b 카운트 국면,3볼,7963,0.035629113589891584,0.4719326886851689,0.47284634972051315,0.0009136610353442376,0.5688311704748459,0.24570340891558992,1407.9634758632608,3503.162506945397,0.011901982579803377
TEAM,2024,R,a1b_phase,A1b 카운트 국면,풀카운트,10403,0.04654648608258724,0.4590983370181678,0.47171119959628616,0.012612862578118333,0.547210945135011,0.24685662338074446,592.1346712313924,4598.072017285847,2.9631819041506002
TEAM,2024,R,a2_li,A2 경기 중요도 li,li<0.10,24526,0.10973749088354653,0.47439452010111716,0.47926742730265365,0.004872907201536492,0.5554291133048822,0.24713733150266212,885.1324737419785,10852.69163707064,1.042738459678741
TEAM,2024,R,a2_li,A2 경기 중요도 li,0.10-0.35,28107,0.12576007731647404,0.48411427758209696,0.49190438209753157,0.007790104515434604,0.5498470158615114,0.2478079049891273,776.67953316376,12471.021736877097,3.0540310550076137
TEAM,2024,R,a2_li,A2 경기 중요도 li,0.35-0.70,49973,0.2235958424497868,0.4868028735517179,0.5009756891319352,0.014172815580217324,0.5545062620165166,0.247670027992795,862.924306186319,22160.58708280649,17.97297956167933
TEAM,2024,R,a2_li,A2 경기 중요도 li,0.70-1.20,57499,0.2572696725235685,0.49818257708829716,0.50409155476461,0.005908977676312821,0.5498916394118236,0.2480316603978603,786.0250154842707,25535.231452448897,3.594656337974938
TEAM,2024,R,a2_li,A2 경기 중요도 li,1.20-2.00,41631,0.18627095665713633,0.49482356897504265,0.504334976957084,0.009511407982041309,0.5531525330383765,0.24782347856648435,859.9825725831622,18472.75532971096,6.7433989007641655
TEAM,2024,R,a2_li,A2 경기 중요도 li,li>=2.00,21761,0.09736596016948773,0.48867239557005654,0.49912025956883277,0.01044786399877623,0.5572665759770937,0.2474753061323292,959.0439356606306,9642.3547509806,4.2531064898250825
TEAM,2024,R,a3_load,A3 전시즌 경기당 대비 등판 투구수,<0.25,42782,0.1914209139272563,0.49216960403908183,0.4984252417494676,0.006255637710385786,0.5500292268665532,0.24799614862144453,777.2051287038395,18996.710575956055,2.9976204840247784
TEAM,2024,R,a3_load,A3 전시즌 경기당 대비 등판 투구수,0.25-0.50,39845,0.17827979793912221,0.4886434935374577,0.49836865451917517,0.009725160981717496,0.5516501523501628,0.2478165760627932,822.2056395006505,17679.768330433802,6.7474521831992735
TEAM,2024,R,a3_load,A3 전시즌 경기당 대비 등판 투구수,0.50-0.75,33206,0.14857470122641467,0.48979100162621214,0.5014709628420296,0.011679961215817491,0.5486399324090763,0.24817694160229206,687.8206486729099,14755.379311392606,8.11095050670315
TEAM,2024,R,a3_load,A3 전시즌 경기당 대비 등판 투구수,0.75-1.00,26002,0.11634160637502965,0.49323128990077686,0.5031531465932072,0.009921856692430342,0.5581895265851761,0.2474199413689392,1013.8830838451906,11518.975114213365,4.583160225653892
TEAM,2024,R,a3_load,A3 전시즌 경기당 대비 등판 투구수,1.00-1.25,12785,0.05720434726193193,0.47931169339069224,0.4984838992836749,0.019172205892982686,0.5578912448507255,0.24723618514222756,935.9258586105091,5659.592372136674,8.41428634581141
TEAM,2024,R,a3_load,A3 전시즌 경기당 대비 등판 투구수,1.25-1.50,5772,0.025825850011409548,0.4883922383922384,0.49161321768201466,0.0032209792897762712,0.5537681690939775,0.2477815673803326,833.9264494812481,2560.753085355539,0.10721969652246342
TEAM,2024,R,a3_load,A3 전시즌 경기당 대비 등판 투구수,>=1.50,12990,0.05812158552463791,0.47913779830638953,0.48278426440111505,0.00364646609472552,0.5543963152751509,0.24740018441417588,867.3436314661442,5754.155002449683,0.3092615278334914
TEAM,2024,R,a3_load,A3 전시즌 경기당 대비 등판 투구수,전시즌없음,50115,0.22423119773419778,0.4921081512521201,0.5000454319695563,0.007937280717436213,0.5570659567539756,0.24751123076210368,970.8370443769599,22209.308197956972,5.653060086529166
TEAM,2024,R,a3b_gp,A3b 등판 내 투구수,1-10,67227,0.30079598383870926,0.4802980945155964,0.4908646229276127,0.010566528412016274,0.5482989213310089,0.24784154114204987,709.2186870062301,29832.539115088173,13.43942747579702
TEAM,2024,R,a3b_gp,A3b 등판 내 투구수,11-20,46277,0.20705870772314616,0.48505737191261317,0.4939206845572618,0.008863312644648624,0.5517626889700981,0.247726193895442,820.9427955976901,20526.245255972746,6.509231558761594
TEAM,2024,R,a3b_gp,A3b 등판 내 투구수,21-35,33726,0.1509013543805957,0.49323963707525353,0.4995808121014383,0.006341175026184753,0.5566760485434876,0.24754059260899397,965.6584857070327,14948.019247830516,2.428156660220588
TEAM,2024,R,a3b_gp,A3b 등판 내 투구수,36-60,36847,0.16486574763867076,0.49854805004477976,0.5054674489221284,0.006919398877348604,0.5536818022871731,0.2476907202082516,922.8764355102114,16341.211715527732,3.158720902494544
TEAM,2024,R,a3b_gp,A3b 등판 내 투구수,61-80,24208,0.10831465299310505,0.4995869134170522,0.5081557994458433,0.008568886028791134,0.5520844109289843,0.24795527544941973,817.822122236489,10747.430609577556,3.182585135877248
TEAM,2024,R,a3b_gp,A3b 등판 내 투구수,81+,15212,0.06806355342577305,0.5004601630291875,0.514464404881388,0.014004241852200505,0.5608089770050873,0.24742830908698718,1028.5925364176828,6739.196045897973,5.341680497246348
TEAM,2024,R,a4_prevp,A4 전시즌 투구수,없음,50115,0.22423119773419778,0.4921081512521201,0.5000454319695563,0.007937280717436213,0.5570659567539756,0.24751123076210368,970.8370443769599,22209.308197956972,5.653060086529166
TEAM,2024,R,a4_prevp,A4 전시즌 투구수,1-200,12654,0.056618209640397855,0.44823771139560614,0.46738590284916504,0.019148191453558894,0.5371726066504278,0.2465953759723998,293.2587556452537,5587.083283803386,8.307220512172389
TEAM,2024,R,a4_prevp,A4 전시즌 투구수,201-600,24568,0.10992541286907655,0.46271572777596875,0.4721845687470754,0.009468840971106618,0.5357123397948521,0.24774791278194389,346.716008319492,10898.135270987834,3.9439902728042506
TEAM,2024,R,a4_prevp,A4 전시즌 투구수,601-1200,65402,0.29263032613413154,0.4888076817222715,0.4941020429251077,0.005294361202836162,0.5488665595428179,0.24806842433287926,722.8852890203807,29049.248641369362,3.2823927925357013
TEAM,2024,R,a4_prevp,A4 전시즌 투구수,1201-2000,27214,0.121764497957467,0.5108400088189903,0.5222883350277635,0.01144832620877323,0.5507703834551337,0.24793546045812856,779.1797327941996,12081.014682831137,6.38629180057087
TEAM,2024,R,a4_prevp,A4 전시즌 투구수,2001-2600,23868,0.10679337977690975,0.4912854030501089,0.5032912565923773,0.012005853542268352,0.5608315135415183,0.24723593562599794,1075.5748042734049,10565.742229898544,6.159911857971527
TEAM,2024,R,a4_prevp,A4 전시즌 투구수,2601+,19676,0.08803697588781953,0.5158060581418987,0.5256013624848714,0.00979530434297271,0.5438391086074548,0.24820263986272434,619.6306782989769,8744.10968304746,3.380220791200687
TEAM,2024,R,a5_asofn,A5 투수 누적 이력,0-99,3959,0.017713884302697575,0.47082596615306893,0.48326865003036895,0.01244268387730002,0.5559220297663556,0.24672588156155736,972.508577554565,1748.9306852111336,1.0974532350855783
TEAM,2024,R,a5_asofn,A5 투수 누적 이력,100-499,17177,0.0768556177487841,0.47610176398672643,0.48459861572998675,0.008496851743260314,0.5475801080150451,0.24764228249648876,716.2730553422647,7616.308033017574,2.2204233370360305
TEAM,2024,R,a5_asofn,A5 투수 누적 이력,500-1499,39741,0.177814467308286,0.4760323092020835,0.4856488614533056,0.009616552251222099,0.5529093892670353,0.2473215811099953,843.5257292308874,17598.400283636976,6.580364773389529
TEAM,2024,R,a5_asofn,A5 투수 누적 이력,1500-3999,72150,0.32282312514261935,0.4888704088704089,0.4957828678657389,0.006912458995329995,0.554350000500015,0.24757974661350998,919.0095778848884,31983.34155335613,6.172681348556764
TEAM,2024,R,a5_asofn,A5 투수 누적 이력,4000-7999,51095,0.22861604406323127,0.49345337117134747,0.5054467542133552,0.0119933830420077,0.5461429581253555,0.24844883859934483,603.4246677940836,22729.388970742282,13.159342742421094
TEAM,2024,R,a5_asofn,A5 투수 누적 이력,8000+,39375,0.17617686143438166,0.5080126984126984,0.5161624119439738,0.008149713531275471,0.55468172392353,0.24763288300129893,921.4020934915412,17458.27246393059,4.682498421676137
TEAM,2024,R,a6_psucc,A6 투수 수준 5분위,Q1 최저,54380,0.24331422793147112,0.44887826406767195,0.45737228570739663,0.00849402163972468,0.5374149460125153,0.24641786329041082,391.57535198238725,23992.9570799898,7.02487038981844
TEAM,2024,R,a6_psucc,A6 투수 수준 5분위,Q2,52532,0.2350456605681508,0.4778230411939389,0.4842757078792069,0.006452666685267949,0.5322401518861939,0.24866875019086215,336.43478095490843,23389.316655603732,3.916289480881716
TEAM,2024,R,a6_psucc,A6 투수 수준 5분위,Q3,48603,0.21746600625511753,0.4926239121041911,0.5049629800377704,0.012339067933579306,0.5404552746403419,0.24872664774863562,487.6843646213991,21645.009451550064,13.249520873937518
TEAM,2024,R,a6_psucc,A6 투수 수준 5분위,Q4,40380,0.18067356608813542,0.5184744923229322,0.5290707157977266,0.010596223474794386,0.5436646388043868,0.24832058815435273,535.9737176634737,17953.595213702607,8.117848070947717
TEAM,2024,R,a6_psucc,A6 투수 수준 5분위,Q5 최고,27565,0.12333498883653919,0.5456557228369309,0.5521582395000648,0.00650251666313395,0.5520448992704302,0.24591120869139751,808.4794360984304,12136.92610217548,2.0868600769618806
TEAM,2024,R,a7_inning,A7 이닝,1-3회,75125,0.3361342657843282,0.4996206322795341,0.5068905430382148,0.007269910758680664,0.5555080613124666,0.24760535047924195,957.8027917436893,33305.57198029164,7.109106672795695
TEAM,2024,R,a7_inning,A7 이닝,4-6회,74465,0.3331812060117138,0.48851138118579196,0.5003420187948046,0.011830637609012595,0.5533263758949178,0.2477665299883191,841.0366879892828,33034.46051651576,18.661256535570473
TEAM,2024,R,a7_inning,A7 이닝,7-8회,51708,0.2313588101853716,0.4783785874526186,0.48627759225580836,0.00789900480318978,0.5476335920759375,0.2478205260240373,686.0783247888746,22943.908447220256,5.776634402935134
TEAM,2024,R,a7_inning,A7 이닝,9회+,22199,0.09932571801858638,0.4865534483535294,0.4944029455630482,0.007849497209518774,0.5522356798928384,0.247834259697598,794.5468677741707,9850.701045867036,2.4490038982579434
TEAM,2024,R,a8_hand,A8 손 매치업,1v1,28390,0.1270263135523072,0.45808383233532934,0.4730412168155592,0.014957384480229874,0.5524070152763674,0.2463702624118525,754.4108850011999,12523.509946196693,11.372320578069605
TEAM,2024,R,a8_hand,A8 손 매치업,1v2,37565,0.16807831872463613,0.5074936776254492,0.5088997524329365,0.0014060748074873342,0.5583454812289353,0.2474064508026497,1015.1856290242845,16640.516369772544,0.13297580673978984
TEAM,2024,R,a8_hand,A8 손 매치업,2v1,80544,0.3603806762506879,0.4998758442590385,0.5049160866232706,0.0050402423642320615,0.5479742153420196,0.24805903391609313,776.3803155740657,35773.4337424562,3.6636031267668296
TEAM,2024,R,a8_hand,A8 손 매치업,2v2,76998,0.34451469147236874,0.4820514818566716,0.4966803368619541,0.014628855005282493,0.5490545448496652,0.24804957530064803,652.150517664507,34197.18193146923,29.503429516737146
TEAM,2024,R,a9_batn,A9 타자 누적 이력,0-99,1821,0.00814776037262245,0.4684239428885228,0.49784549686233115,0.029421553973808356,0.5581213122377995,0.24701701884962532,797.5543047956113,805.3955177318434,2.822367398748969
TEAM,2024,R,a9_batn,A9 타자 누적 이력,100-499,9837,0.04401401361092095,0.48459896309850564,0.49617787743505554,0.011578914336549895,0.5479664392236402,0.24809385068647546,668.2169330297638,4369.694325319255,2.361406420238627
TEAM,2024,R,a9_batn,A9 타자 누적 이력,500-1499,24706,0.11054287082153227,0.48765482069133004,0.4981349504016924,0.010480129710362385,0.5516522877259068,0.24789436692710023,781.7684251217427,10965.829311970536,4.858566363972439
TEAM,2024,R,a9_batn,A9 타자 누적 이력,1500-3999,51239,0.22926034801361986,0.49286676164640214,0.49737881886574464,0.004512057219342502,0.556277812194317,0.2474968194130988,981.1186883965428,22706.10563054986,1.8677649818445203
TEAM,2024,R,a9_batn,A9 타자 누적 이력,4000+,135894,0.6080350071813044,0.48954332052923605,0.4994938657307709,0.009950545201534877,0.5527806755520207,0.24777383947248888,847.0978467669532,60287.6172043232,24.091643185730693
TEAM,2024,R,a10_base,A10 주자 상황,___,116958,0.5233090377052041,0.4876622377263633,0.49859687148662535,0.010934633760262047,0.5507076348070782,0.2479330330298452,766.365262533153,51920.242576865574,25.03864384423539
TEAM,2024,R,a10_base,A10 주자 상황,1__,44920,0.2009870378573314,0.49296527159394476,0.5003207286720973,0.00735545707815255,0.5531005876724003,0.24769662288798197,901.7343812820155,19921.967140580222,4.351424625053388
TEAM,2024,R,a10_base,A10 주자 상황,_2_,17468,0.07815764864852771,0.500343485230135,0.4983623523316652,-0.0019811328984698506,0.5542289787254571,0.24771295515449945,914.7711770654099,7747.548257706865,0.1227560172177943
TEAM,2024,R,a10_base,A10 주자 상황,__3,5733,0.025651351024845972,0.5067155067155067,0.5083950157963484,0.0016795090808416901,0.5556107233541155,0.24750166939969842,981.47007741195,2540.577577473213,0.028954698088110895
TEAM,2024,R,a10_base,A10 주자 상황,12_,18986,0.08494968612554084,0.48325081639102496,0.49584861159064747,0.012597795199622508,0.5585527783000619,0.2472456524906331,990.6365766486181,8404.93824379078,5.395043498185919
TEAM,2024,R,a10_base,A10 주자 상황,1_3,7419,0.033195076443979114,0.4937323089365144,0.5009526008555919,0.007220291919077526,0.5493293903837034,0.24823908925882684,688.7589446536002,3297.5237086603133,0.6925119479705906
TEAM,2024,R,a10_base,A10 주자 상황,_23,4798,0.021467849680308907,0.48999583159649857,0.49382287834571614,0.0038270467492175775,0.5565547236461907,0.2473789106650499,1008.8062387763385,2125.177957958071,0.1258230373543084
TEAM,2024,R,a10_base,A10 주자 상황,123,7215,0.03228231251426194,0.47595287595287594,0.49180592170959075,0.015853045756714812,0.5730595625954928,0.2459024778519436,1410.9668355395177,3176.666526859648,3.246640097691052
TEAM,2024,R,a11_typemo,A11 game_type x 월블록,R|early,87355,0.39085535823747075,0.4950603857821533,0.5016963615754276,0.006635975793274351,0.5576658654904127,0.24743864281525912,1014.8820100739808,38701.48944743281,6.887628917562216
TEAM,2024,R,a11_typemo,A11 game_type x 월블록,R|mid,68816,0.30790569895792785,0.49006045105789353,0.49860173502556443,0.008541283967670898,0.5551433686423431,0.2475557594520832,938.5492604172985,30502.458603536455,8.988932792904766
TEAM,2024,R,a11_typemo,A11 game_type x 월블록,R|late,67326,0.3012389428046014,0.4823990731663845,0.4949105923607183,0.012511519194333853,0.5444799682440967,0.24829134829678895,560.2378613551729,29930.693938925415,18.870147383936143
TEAM,2024,R,a12_role,A12 투수 역할(전시즌),불펜(<30구/경기),79963,0.3577810887841895,0.4781461425909483,0.488213335562391,0.010067192971442707,0.549633618588362,0.24769186840892166,733.6176800204153,35462.81569031396,14.510362178062186
TEAM,2024,R,a12_role,A12 투수 역할(전시즌),스윙(30-70),31678,0.14173792041951347,0.48307973988256836,0.4885432776626528,0.00546353778008446,0.5401763043019555,0.24854380162400058,468.4977840949123,14097.207028103037,1.6930821927724908
TEAM,2024,R,a12_role,A12 투수 역할(전시즌),선발(>=70),61741,0.2762497930620993,0.5061304481624852,0.5163984949983178,0.0102680468358326,0.556342499273764,0.2475451053585237,967.0702779888129,27365.31107352072,11.655253604031243
TEAM,2024,R,a12_role,A12 투수 역할(전시즌),전시즌없음,50115,0.22423119773419778,0.4921081512521201,0.5000454319695563,0.007937280717436213,0.5570659567539756,0.24751123076210368,970.8370443769599,22209.308197956972,5.653060086529166
TEAM,2024,R,a13_tens,A13 이닝 x 점수차,초반|0-1점,50063,0.22399853241877968,0.49951061662305496,0.5085592975667336,0.00904868094367861,0.5552796047247256,0.24758385401397218,966.3635217364131,22192.773279762027,7.33938733089955
TEAM,2024,R,a13_tens,A13 이닝 x 점수차,초반|2-3점,17952,0.08032322581511162,0.49721479500891264,0.5044131004208069,0.007198305411894257,0.5520377708354568,0.24808507607862282,762.8902938934035,7974.17689197561,1.6655043225390165
TEAM,2024,R,a13_tens,A13 이닝 x 점수차,초반|4점+,7110,0.03181250755043692,0.5064697609001406,0.5013957739673947,-0.005073986932745966,0.5667574845624482,0.24654545506162093,1365.3034473375292,3138.621808554003,0.32774847228033316
TEAM,2024,R,a13_tens,A13 이닝 x 점수차,중반|0-1점,27628,0.1236168718148342,0.4966338497176777,0.5072816125951913,0.010647762877513622,0.5512380080265721,0.2479901095205023,799.4600393334217,12267.503601418422,5.608394770552352
TEAM,2024,R,a13_tens,A13 이닝 x 점수차,중반|2-3점,24982,0.11177778672644376,0.48590985509566886,0.5006191256628792,0.014709270567210386,0.5505813403833378,0.2479845881317614,727.3294671541474,11092.368308423454,9.6779163415522
TEAM,2024,R,a13_tens,A13 이닝 x 점수차,중반|4점+,21855,0.09778654747043584,0.4812171127888355,0.4912525755875135,0.010035462798678008,0.5576488371782145,0.24723463413589938,966.3913641695832,9674.588606673886,3.9409235307747745
TEAM,2024,R,a13_tens,A13 이닝 x 점수차,후반|0-1점,22754,0.10180897282737576,0.4897600421903841,0.4939658426085636,0.004205800418179473,0.549267285115129,0.2481325677162409,705.3260518768644,10109.132989410928,0.7206550924328767
TEAM,2024,R,a13_tens,A13 이닝 x 점수차,후반|2-3점,21063,0.09424287574329857,0.47671271898589945,0.4928884872162822,0.016175768230382748,0.5454029515097698,0.24805573286776836,562.0069698831776,9354.95887667904,9.867847869432108
TEAM,2024,R,a13_tens,A13 이닝 x 점수차,후반|4점+,30090,0.13463267963328368,0.4769690927218345,0.4818306327672197,0.004861540045385193,0.5521862191405446,0.24743004797170984,817.5463157580775,13330.517626997324,1.2733339223540938
