model,eval,fit,axis,axis_title,bin,n_eval,shift_xfer,logit_xfer,bias_fit,bias_eval,c,b
sj_stdmlp,2022,2024,a1_count,A1 볼카운트,0-0,56002,4.3815316721965365,2.664443039451205,-0.0014009246282604138,-0.01585008301803248,0.0014009246282604138,0.9414653535886053
sj_stdmlp,2022,2024,a1_count,A1 볼카운트,0-1,27455,14.397196237213944,14.15617754208913,-0.010952679304803536,-0.018463978882618415,0.010952679304803536,0.9712143729631454
sj_stdmlp,2022,2024,a1_count,A1 볼카운트,0-2,13808,0.7357246584895638,1.0630275887527012,-0.004210433112069867,-0.005538043205904397,0.004210433112069867,0.6887118366279679
sj_stdmlp,2022,2024,a1_count,A1 볼카운트,1-0,22089,-0.25093102159557107,-0.1421553884941578,0.0002499339031757919,-0.01220458343592773,-0.0002499339031757919,1.0121387484448492
sj_stdmlp,2022,2024,a1_count,A1 볼카운트,1-1,22133,-5.758320974958066,-5.962166029246623,0.0034171151674761147,-0.018944772256907383,-0.0034171151674761147,1.118467112953638
sj_stdmlp,2022,2024,a1_count,A1 볼카운트,1-2,21152,7.131063936228028,7.633923306553382,-0.008320759886215612,-0.015151299130045703,0.008320759886215612,0.9571407557361059
sj_stdmlp,2022,2024,a1_count,A1 볼카운트,2-0,7519,-1.1038827120140282,-2.2470468160722854,0.0031745795920222752,-0.010957712317989643,-0.0031745795920222752,0.9203962778527474
sj_stdmlp,2022,2024,a1_count,A1 볼카운트,2-1,11379,-1.4736607665987786,-1.3622583314272503,0.0024943921987562456,-0.012836699471979518,-0.0024943921987562456,1.0083973160903297
sj_stdmlp,2022,2024,a1_count,A1 볼카운트,2-2,17854,5.815504905177102,5.697151300294172,-0.00945970652572592,-0.014070314974599374,0.00945970652572592,0.9692056717417918
sj_stdmlp,2022,2024,a1_count,A1 볼카운트,3-0,2406,-1.1623321900730383,-10.674956411760196,-0.02530239065912354,-0.007471941480014288,0.02530239065912354,1.6585312269626686
sj_stdmlp,2022,2024,a1_count,A1 볼카운트,3-1,4847,0.22460161402504447,-0.49365761610755166,-0.00234510456462933,-0.006532638222329912,0.00234510456462933,1.2686636638184479
sj_stdmlp,2022,2024,a1_count,A1 볼카운트,3-2,10380,0.20361893223536806,0.15995281694870597,-0.0007603085517320363,-0.007378977732179326,0.0007603085517320363,0.9457778524897018
sj_stdmlp,2022,2024,a1b_phase,A1b 카운트 국면,초구 0-0,56002,4.3815316721965365,2.664443039451205,-0.0014009246282604138,-0.01585008301803248,0.0014009246282604138,0.9414653535886053
sj_stdmlp,2022,2024,a1b_phase,A1b 카운트 국면,투수우위 0-1,27455,14.397196237213944,14.15617754208913,-0.010952679304803536,-0.018463978882618415,0.010952679304803536,0.9712143729631454
sj_stdmlp,2022,2024,a1b_phase,A1b 카운트 국면,평행 1-1,22133,-5.758320974958066,-5.962166029246623,0.0034171151674761147,-0.018944772256907383,-0.0034171151674761147,1.118467112953638
sj_stdmlp,2022,2024,a1b_phase,A1b 카운트 국면,타자우위 1-0/2-0/2-1,40987,-2.756441806474342,-3.007570133490393,0.0014185205748822871,-0.012151337880957958,-0.0014185205748822871,0.9943982173104396
sj_stdmlp,2022,2024,a1b_phase,A1b 카운트 국면,2스트라이크,52814,12.55870518075578,13.416907667529875,-0.0076243151471274695,-0.012272522121830554,0.0076243151471274695,0.9008964984918868
sj_stdmlp,2022,2024,a1b_phase,A1b 카운트 국면,3볼,7253,0.47271987349898414,-6.551757258239562,-0.010232977822765221,-0.0068442284109399565,0.010232977822765221,1.4012914226069608
sj_stdmlp,2022,2024,a1b_phase,A1b 카운트 국면,풀카운트,10380,0.20361893223536806,0.15995281694870597,-0.0007603085517320363,-0.007378977732179326,0.0007603085517320363,0.9457778524897018
sj_stdmlp,2022,2024,a2_li,A2 경기 중요도 li,li<0.10,20377,1.9987707699399915,-1.0345896927717835,-0.0069840811578466555,-0.007301887960468212,0.0069840811578466555,1.1348257641159771
sj_stdmlp,2022,2024,a2_li,A2 경기 중요도 li,0.10-0.35,24902,5.327991853710369,5.1073923060695385,-0.004282298004931573,-0.01569449572543019,0.004282298004931573,0.9871369743736634
sj_stdmlp,2022,2024,a2_li,A2 경기 중요도 li,0.35-0.70,48047,-4.845287892380905,-4.981305259427936,0.0017661009344629441,-0.014606253483203768,-0.0017661009344629441,1.0107675092954025
sj_stdmlp,2022,2024,a2_li,A2 경기 중요도 li,0.70-1.20,58855,17.154978955768165,14.5261583576453,-0.006661378589554845,-0.015200309434767967,0.006661378589554845,0.9136157636053065
sj_stdmlp,2022,2024,a2_li,A2 경기 중요도 li,1.20-2.00,41808,6.0888704110133505,5.723355827166069,-0.0027951396016988594,-0.01553166288525637,0.0027951396016988594,0.9830489474245692
sj_stdmlp,2022,2024,a2_li,A2 경기 중요도 li,li>=2.00,23035,2.272290197321673,2.7302154790584896,-0.0022402330000644843,-0.013064850967281716,0.0022402330000644843,1.0366499710584787
sj_stdmlp,2022,2024,a3_load,A3 전시즌 경기당 대비 등판 투구수,<0.25,43866,11.309222472227484,9.341714168108412,-0.005971714100279857,-0.014697014439047529,0.005971714100279857,0.900615872138884
sj_stdmlp,2022,2024,a3_load,A3 전시즌 경기당 대비 등판 투구수,0.25-0.50,40366,4.647908181929945,3.6385945244656823,-0.002556744408493683,-0.013494923453293284,0.002556744408493683,0.9382144076392791
sj_stdmlp,2022,2024,a3_load,A3 전시즌 경기당 대비 등판 투구수,0.50-0.75,34107,1.0104425991673411,-1.3795890432490323,-0.0005130688541215567,-0.01591995417692399,0.0005130688541215567,0.857535110572376
sj_stdmlp,2022,2024,a3_load,A3 전시즌 경기당 대비 등판 투구수,0.75-1.00,25764,3.5209545767438577,3.792377125102146,-0.0021817586547585033,-0.01808248951812147,0.0021817586547585033,1.0262399475447788
sj_stdmlp,2022,2024,a3_load,A3 전시즌 경기당 대비 등판 투구수,1.00-1.25,11734,-5.786264966719627,-5.6250745339760035,0.007592719405480675,-0.013821331541696291,-0.007592719405480675,1.0691726092488592
sj_stdmlp,2022,2024,a3_load,A3 전시즌 경기당 대비 등판 투구수,1.25-1.50,5170,0.8777317770308383,0.6741483911625306,-0.008058567593038857,-0.009744169346748321,0.008058567593038857,1.0702507354114241
sj_stdmlp,2022,2024,a3_load,A3 전시즌 경기당 대비 등판 투구수,>=1.50,8731,2.980714736632063,2.3054110719225824,-0.008384152002074041,-0.01523772898288267,0.008384152002074041,1.334273731792099
sj_stdmlp,2022,2024,a3_load,A3 전시즌 경기당 대비 등판 투구수,전시즌없음,47286,8.072945973340067,6.284503044775421,-0.005229170139421424,-0.011471058161303616,0.005229170139421424,1.1306823079027106
sj_stdmlp,2022,2024,a3b_gp,A3b 등판 내 투구수,1-10,63628,5.6012554343622725,4.519663243925511,-0.0019431516447915853,-0.013260801599910887,0.0019431516447915853,0.9490515909137643
sj_stdmlp,2022,2024,a3b_gp,A3b 등판 내 투구수,11-20,41971,8.32285217016527,8.201802177682294,-0.003831983583664489,-0.015953607075216036,0.003831983583664489,0.9944393131878942
sj_stdmlp,2022,2024,a3b_gp,A3b 등판 내 투구수,21-35,31720,8.088507919185952,7.959117428657057,-0.006270079766393766,-0.014167091428905487,0.006270079766393766,1.0386208471062104
sj_stdmlp,2022,2024,a3b_gp,A3b 등판 내 투구수,36-60,36939,6.862647183644821,6.8771040595360295,-0.005167037798095353,-0.012336985721433602,0.005167037798095353,0.9987405186910865
sj_stdmlp,2022,2024,a3b_gp,A3b 등판 내 투구수,61-80,25270,4.2329302348007705,3.3843952741638645,-0.0032094684038463384,-0.015762570161004352,0.0032094684038463384,0.9301086428428712
sj_stdmlp,2022,2024,a3b_gp,A3b 등판 내 투구수,81+,17496,-2.530744986130243,-2.918184378077838,0.002365289632933587,-0.015406324299468366,-0.002365289632933587,1.083156637168068
sj_stdmlp,2022,2024,a4_prevp,A4 전시즌 투구수,없음,47286,8.072945973340067,6.284503044775421,-0.005229170139421424,-0.011471058161303616,0.005229170139421424,1.1306823079027106
sj_stdmlp,2022,2024,a4_prevp,A4 전시즌 투구수,1-200,12427,-4.305872264115278,-4.462337214713209,0.008640335613745387,-0.006558064865761382,-0.008640335613745387,0.9351881496127227
sj_stdmlp,2022,2024,a4_prevp,A4 전시즌 투구수,201-600,23871,2.3091497386855773,0.5108503089419837,-0.0034990669999383495,-0.009248878556693763,0.0034990669999383495,0.872837657915021
sj_stdmlp,2022,2024,a4_prevp,A4 전시즌 투구수,601-1200,50346,16.17936278949039,15.635043933810124,-0.006330392707782129,-0.016936019511502864,0.006330392707782129,0.9789598432277697
sj_stdmlp,2022,2024,a4_prevp,A4 전시즌 투구수,1201-2000,31403,2.975853129492316,3.0399707634941944,-0.002169359214288513,-0.012934260634469397,0.002169359214288513,0.9939780925159276
sj_stdmlp,2022,2024,a4_prevp,A4 전시즌 투구수,2001-2600,25524,-0.6358073109606999,2.6836717469823776,0.00043906691888867533,-0.015170521703905926,-0.00043906691888867533,0.8796976174442335
sj_stdmlp,2022,2024,a4_prevp,A4 전시즌 투구수,2601+,26167,5.294051755064496,4.106359041526132,-0.002554674123315448,-0.022760234303669136,0.002554674123315448,0.926477480974709
sj_stdmlp,2022,2024,a5_asofn,A5 투수 누적 이력,0-99,4387,0.24455899193444877,0.20866350715791274,-0.006308940168892496,-0.005551390995200911,0.006308940168892496,1.045236409498879
sj_stdmlp,2022,2024,a5_asofn,A5 투수 누적 이력,100-499,16944,5.069029736422629,5.397785308164992,-0.005787820585040959,-0.016915199519463964,0.005787820585040959,1.0184939322365443
sj_stdmlp,2022,2024,a5_asofn,A5 투수 누적 이력,500-1499,42035,5.324267347955991,4.76359131488316,-0.0028358173047156043,-0.013534059350313266,0.0028358173047156043,1.0689363325326442
sj_stdmlp,2022,2024,a5_asofn,A5 투수 누적 이력,1500-3999,76996,15.780571031349222,16.10671990486406,-0.005123215482350285,-0.013413514153623018,0.005123215482350285,1.0632787004211068
sj_stdmlp,2022,2024,a5_asofn,A5 투수 누적 이력,4000-7999,60064,1.427341237400285,-2.0268979930511444,-0.0004052408452756562,-0.016109846796679816,0.0004052408452756562,0.9385893084846565
sj_stdmlp,2022,2024,a5_asofn,A5 투수 누적 이력,8000+,16598,2.089875125075688,2.838942061078862,-0.003151620450338233,-0.0124132021232507,0.003151620450338233,0.8809137785469118
sj_stdmlp,2022,2024,a6_psucc,A6 투수 수준 5분위,Q1 최저,33663,5.8057116834908875,5.3632922808951005,-0.0052513859181512745,-0.011534567111274707,0.0052513859181512745,0.9716189658135674
sj_stdmlp,2022,2024,a6_psucc,A6 투수 수준 5분위,Q2,40640,6.917338709393284,7.2395449418768045,-0.006142522166242337,-0.010588056351412967,0.006142522166242337,0.9545186972438934
sj_stdmlp,2022,2024,a6_psucc,A6 투수 수준 5분위,Q3,44222,3.2986523625512634,2.9048418597102446,-0.0011890176765580462,-0.017612330537396637,0.0011890176765580462,1.017660355144954
sj_stdmlp,2022,2024,a6_psucc,A6 투수 수준 5분위,Q4,52849,-0.04271731809460853,1.2771695765698965,1.1811802140493377e-05,-0.0185569653712373,-1.1811802140493377e-05,0.978077984439004
sj_stdmlp,2022,2024,a6_psucc,A6 투수 수준 5분위,Q5 최고,45604,5.111942123305359,1.3497671359913677,-0.003176012940337092,-0.011162037698667748,0.003176012940337092,1.2445525723978437
sj_stdmlp,2022,2024,a7_inning,A7 이닝,1-3회,72677,15.40783347649962,15.19859582086701,-0.005260588513575526,-0.013562413586062083,0.005260588513575526,1.0271237733693754
sj_stdmlp,2022,2024,a7_inning,A7 이닝,4-6회,72335,1.3816365416487437,-0.2197596607366635,-0.0003603024392721532,-0.01456059321447234,0.0003603024392721532,0.9451439569813637
sj_stdmlp,2022,2024,a7_inning,A7 이닝,7-8회,49396,13.992998945911388,10.93798665584035,-0.00458310157748959,-0.019058484542930854,0.00458310157748959,0.9527269262506809
sj_stdmlp,2022,2024,a7_inning,A7 이닝,9회+,22616,0.9042456518704401,0.11216599933460754,-0.004167705189693782,-0.004686214870371408,0.004167705189693782,1.0910839722233272
sj_stdmlp,2022,2024,a8_hand,A8 손 매치업,1v1,26793,-2.987346757889026,-3.0373425710169966,0.0026562025140453582,-0.010058581495304919,-0.0026562025140453582,0.8970064776866751
sj_stdmlp,2022,2024,a8_hand,A8 손 매치업,1v2,27640,9.99538121581383,5.883227220451846,-0.010109509418186002,-0.014758186431774123,0.010109509418186002,1.1460054860826043
sj_stdmlp,2022,2024,a8_hand,A8 손 매치업,2v1,83214,20.015621092765528,20.195371430003785,-0.004627905124154175,-0.016412758646752956,0.004627905124154175,1.0047862599320274
sj_stdmlp,2022,2024,a8_hand,A8 손 매치업,2v2,79377,3.58041766991071,-5.3272653130664365,-0.0009666408849230423,-0.013141404126449485,0.0009666408849230423,0.8878069580048089
sj_stdmlp,2022,2024,a9_batn,A9 타자 누적 이력,0-99,3441,-5.466270320250049,-4.341552461758576,0.016714068580204466,-0.017425070200021986,-0.016714068580204466,1.1458789305768453
sj_stdmlp,2022,2024,a9_batn,A9 타자 누적 이력,100-499,14808,-0.1697893469531765,-0.14973279740886308,0.0001588649472172854,-0.01949909663960958,-0.0001588649472172854,0.9049780732457867
sj_stdmlp,2022,2024,a9_batn,A9 타자 누적 이력,500-1499,34054,3.4233679111030124,3.472947353013826,-0.0016304709039121623,-0.017540249933669094,0.0016304709039121623,1.0029560018164216
sj_stdmlp,2022,2024,a9_batn,A9 타자 누적 이력,1500-3999,50087,15.673157519713351,15.384063110743494,-0.007207193047014837,-0.01538126797756778,0.007207193047014837,1.0448877909603134
sj_stdmlp,2022,2024,a9_batn,A9 타자 누적 이력,4000+,114634,12.296835004477577,10.618824697040969,-0.0027518568279679134,-0.011950144375340643,0.0027518568279679134,0.9684126427570142
sj_stdmlp,2022,2024,a10_base,A10 주자 상황,___,116959,6.753931351547293,3.569015936551417,-0.0014978548968587746,-0.011206896779569597,0.0014978548968587746,0.9321405399777061
sj_stdmlp,2022,2024,a10_base,A10 주자 상황,1__,43047,12.799713971585826,13.268903581873221,-0.004810760969322925,-0.019171698814022697,0.004810760969322925,1.0184876725525964
sj_stdmlp,2022,2024,a10_base,A10 주자 상황,_2_,16187,9.714798588071982,9.651795539616142,-0.014414768431936065,-0.018501542660902537,0.014414768431936065,1.0195864334672469
sj_stdmlp,2022,2024,a10_base,A10 주자 상황,__3,5285,1.9814489567067146,2.0272762043834223,-0.00866960165145797,-0.016065742249238568,0.00866960165145797,1.0337321452293868
sj_stdmlp,2022,2024,a10_base,A10 주자 상황,12_,17551,-0.24044731812376635,-1.0126638354281834,0.00025747563405481566,-0.014304908088790036,-0.00025747563405481566,1.1155595463520982
sj_stdmlp,2022,2024,a10_base,A10 주자 상황,1_3,6960,2.12892139391805,2.011769898316283,-0.005137145242971264,-0.018720436792621087,0.005137145242971264,0.9210261604802348
sj_stdmlp,2022,2024,a10_base,A10 주자 상황,_23,4595,3.229213438327274,3.277813271010671,-0.008416932201972482,-0.02685759577429625,0.008416932201972482,1.0306416586143525
sj_stdmlp,2022,2024,a10_base,A10 주자 상황,123,6440,-0.5144167441684979,1.2862506537550515,0.0020596602609249115,-0.009490460822975944,-0.0020596602609249115,1.2353184352503421
sj_stdmlp,2022,2024,a11_typemo,A11 game_type x 월블록,R|early,75061,34.82433585210892,39.038642503559835,-0.006624886093611004,-0.022309406746643834,0.006624886093611004,1.0749413308246285
sj_stdmlp,2022,2024,a11_typemo,A11 game_type x 월블록,R|mid,64405,9.037661012094558,9.10982266191483,-0.003381293763666582,-0.012948295042332636,0.003381293763666582,1.0016323448180893
sj_stdmlp,2022,2024,a11_typemo,A11 game_type x 월블록,R|late,77558,-2.007230365556095,-2.973326401402359,0.0008892626808406079,-0.007450051037194927,-0.0008892626808406079,0.841771385903042
sj_stdmlp,2022,2024,a12_role,A12 투수 역할(전시즌),불펜(<30구/경기),65155,8.079608725078499,8.073710774882194,-0.0023916185847390192,-0.015260972392803773,0.0023916185847390192,0.9988455780744229
sj_stdmlp,2022,2024,a12_role,A12 투수 역할(전시즌),스윙(30-70),33492,5.516778372027374,2.289996535688717,-0.005208633059994139,-0.01118288463244882,0.005208633059994139,0.8168044380879449
sj_stdmlp,2022,2024,a12_role,A12 투수 역할(전시즌),선발(>=70),71091,8.737259707410825,8.676069291434953,-0.0021579436775319705,-0.016528478932291202,0.0021579436775319705,0.9543472032520192
sj_stdmlp,2022,2024,a12_role,A12 투수 역할(전시즌),전시즌없음,47286,8.072945973340067,6.284503044775421,-0.005229170139421424,-0.011471058161303616,0.005229170139421424,1.1306823079027106
sj_stdmlp,2022,2024,a13_tens,A13 이닝 x 점수차,초반|0-1점,52862,7.61035495990512,7.7038318434924244,-0.003914156215272968,-0.011934475735193406,0.003914156215272968,1.0287302711917476
sj_stdmlp,2022,2024,a13_tens,A13 이닝 x 점수차,초반|2-3점,14390,2.7250906997789404,3.0531399828844377,-0.004299088652398253,-0.014098718142792455,0.004299088652398253,0.9269112368788328
sj_stdmlp,2022,2024,a13_tens,A13 이닝 x 점수차,초반|4점+,5425,6.667405829160648,5.0852327008225595,-0.01716878621508977,-0.028002713696895165,0.01716878621508977,1.301634367013174
sj_stdmlp,2022,2024,a13_tens,A13 이닝 x 점수차,중반|0-1점,30302,1.7899292020305937,-0.435787871255466,-0.0016689665366930728,-0.010435363286982469,0.0016689665366930728,0.9066755297718571
sj_stdmlp,2022,2024,a13_tens,A13 이닝 x 점수차,중반|2-3점,24508,-5.642137660665968,-7.154649749998781,0.002636862864471068,-0.022364877185523435,-0.002636862864471068,0.901292063837021
sj_stdmlp,2022,2024,a13_tens,A13 이닝 x 점수차,중반|4점+,17525,1.3378753530780205,0.862061030790675,-0.0021319524934730882,-0.010779442041877751,0.0021319524934730882,1.0437919720344448
sj_stdmlp,2022,2024,a13_tens,A13 이닝 x 점수차,후반|0-1점,24933,11.007742314537056,10.322326173105493,-0.008479314260298632,-0.01836363725673995,0.008479314260298632,0.9394852579818703
sj_stdmlp,2022,2024,a13_tens,A13 이닝 x 점수차,후반|2-3점,21189,-4.1574427249615935,-6.767164497446006,0.0036986866231282223,-0.01254070954324027,-0.0036986866231282223,0.9369894412745973
sj_stdmlp,2022,2024,a13_tens,A13 이닝 x 점수차,후반|4점+,25890,6.083898764282471,5.547363486383101,-0.007127584697206979,-0.012507171717146381,0.007127584697206979,1.0907981106588234
sj_stdmlp,2024,2022,a1_count,A1 볼카운트,0-0,57385,-21.249760628408108,-22.659280094173063,-0.01585008301803248,-0.0014009246282604138,0.01585008301803248,1.0424563294376636
sj_stdmlp,2024,2022,a1_count,A1 볼카운트,0-1,27768,3.159183684396161,2.777932357083196,-0.018463978882618415,-0.010952679304803536,0.018463978882618415,1.0377467279531973
sj_stdmlp,2024,2022,a1_count,A1 볼카운트,0-2,14321,0.4093738071505567,3.7621061164114504,-0.005538043205904397,-0.004210433112069867,0.005538043205904397,0.8153721016029346
sj_stdmlp,2024,2022,a1_count,A1 볼카운트,1-0,23181,-6.435516749481985,-6.231364335969258,-0.01220458343592773,0.0002499339031757919,0.01220458343592773,1.0348996701496784
sj_stdmlp,2024,2022,a1_count,A1 볼카운트,1-1,22332,-19.527898297358494,-18.745105835703033,-0.018944772256907383,0.0034171151674761147,0.018944772256907383,1.0367566949516067
sj_stdmlp,2024,2022,a1_count,A1 볼카운트,1-2,21751,0.8793303483153728,-0.2212020502192744,-0.015151299130045703,-0.008320759886215612,0.015151299130045703,0.8465672175983343
sj_stdmlp,2024,2022,a1_count,A1 볼카운트,2-0,8177,-2.7765458385028423,-5.2070270443726425,-0.010957712317989643,0.0031745795920222752,0.010957712317989643,1.198843781754902
sj_stdmlp,2024,2022,a1_count,A1 볼카운트,2-1,11832,-4.847582943539391,-5.60469886831844,-0.012836699471979518,0.0024943921987562456,0.012836699471979518,1.1536913868673102
sj_stdmlp,2024,2022,a1_count,A1 볼카운트,2-2,18384,2.245831585435794,2.1457820271772134,-0.014070314974599374,-0.00945970652572592,0.014070314974599374,1.022448471324325
sj_stdmlp,2024,2022,a1_count,A1 볼카운트,3-0,2736,1.5788104565064325,-8.635287629442214,-0.007471941480014288,-0.02530239065912354,0.007471941480014288,0.4716352183021674
sj_stdmlp,2024,2022,a1_count,A1 볼카운트,3-1,5227,-0.11264301776173163,0.3581333302213815,-0.006532638222329912,-0.00234510456462933,0.006532638222329912,1.0427195924064303
sj_stdmlp,2024,2022,a1_count,A1 볼카운트,3-2,10403,-0.8051991117289549,-0.7759585486667148,-0.007378977732179326,-0.0007603085517320363,0.007378977732179326,0.9525255977435076
sj_stdmlp,2024,2022,a1b_phase,A1b 카운트 국면,초구 0-0,57385,-21.249760628408108,-22.659280094173063,-0.01585008301803248,-0.0014009246282604138,0.01585008301803248,1.0424563294376636
sj_stdmlp,2024,2022,a1b_phase,A1b 카운트 국면,투수우위 0-1,27768,3.159183684396161,2.777932357083196,-0.018463978882618415,-0.010952679304803536,0.018463978882618415,1.0377467279531973
sj_stdmlp,2024,2022,a1b_phase,A1b 카운트 국면,평행 1-1,22332,-19.527898297358494,-18.745105835703033,-0.018944772256907383,0.0034171151674761147,0.018944772256907383,1.0367566949516067
sj_stdmlp,2024,2022,a1b_phase,A1b 카운트 국면,타자우위 1-0/2-0/2-1,43190,-14.084270409004029,-15.22076702991579,-0.012151337880957958,0.0014185205748822871,0.012151337880957958,1.0978757726806578
sj_stdmlp,2024,2022,a1b_phase,A1b 카운트 국면,2스트라이크,54456,3.5612352219587966,5.0555001861540285,-0.012272522121830554,-0.0076243151471274695,0.012272522121830554,0.9060204627805111
sj_stdmlp,2024,2022,a1b_phase,A1b 카운트 국면,3볼,7963,1.3292472682566732,-3.095850576132137,-0.0068442284109399565,-0.010232977822765221,0.0068442284109399565,0.8502424992410192
sj_stdmlp,2024,2022,a1b_phase,A1b 카운트 국면,풀카운트,10403,-0.8051991117289549,-0.7759585486667148,-0.007378977732179326,-0.0007603085517320363,0.007378977732179326,0.9525255977435076
sj_stdmlp,2024,2022,a2_li,A2 경기 중요도 li,li<0.10,24526,2.137555790146418,-2.3788909232846227,-0.007301887960468212,-0.0069840811578466555,0.007301887960468212,0.8650145048712555
sj_stdmlp,2024,2022,a2_li,A2 경기 중요도 li,0.10-0.35,28107,-5.631416741096136,-6.776206442352601,-0.01569449572543019,-0.004282298004931573,0.01569449572543019,1.103611292586627
sj_stdmlp,2024,2022,a2_li,A2 경기 중요도 li,0.35-0.70,49973,-23.705381120326763,-25.237034621288295,-0.014606253483203768,0.0017661009344629441,0.014606253483203768,0.9426981539577436
sj_stdmlp,2024,2022,a2_li,A2 경기 중요도 li,0.70-1.20,57499,-2.9381714888954398,-4.293322744488516,-0.015200309434767967,-0.006661378589554845,0.015200309434767967,1.0287923051434145
sj_stdmlp,2024,2022,a2_li,A2 경기 중요도 li,1.20-2.00,41631,-11.509435422335688,-12.428002318628849,-0.01553166288525637,-0.0027951396016988594,0.01553166288525637,1.0672966819517506
sj_stdmlp,2024,2022,a2_li,A2 경기 중요도 li,li>=2.00,21761,-4.369833409601561,-4.169211639191972,-0.013064850967281716,-0.0022402330000644843,0.013064850967281716,1.0823716518844793
sj_stdmlp,2024,2022,a3_load,A3 전시즌 경기당 대비 등판 투구수,<0.25,42782,-3.0999969973572084,-3.7940912962144493,-0.014697014439047529,-0.005971714100279857,0.014697014439047529,1.0162748960450774
sj_stdmlp,2024,2022,a3_load,A3 전시즌 경기당 대비 등판 투구수,0.25-0.50,39845,-8.069284087268414,-8.95576808785784,-0.013494923453293284,-0.002556744408493683,0.013494923453293284,1.029545005000257
sj_stdmlp,2024,2022,a3_load,A3 전시즌 경기당 대비 등판 투구수,0.50-0.75,33206,-14.09732659479488,-15.200268167370277,-0.01591995417692399,-0.0005130688541215567,0.01591995417692399,1.024696622258476
sj_stdmlp,2024,2022,a3_load,A3 전시즌 경기당 대비 등판 투구수,0.75-1.00,26002,-11.549387124185651,-12.312700091200123,-0.01808248951812147,-0.0021817586547585033,0.01808248951812147,1.0971574617823663
sj_stdmlp,2024,2022,a3_load,A3 전시즌 경기당 대비 등판 투구수,1.00-1.25,12785,-9.177457462804623,-9.142099653293709,-0.013821331541696291,0.007592719405480675,0.013821331541696291,1.0964663321890262
sj_stdmlp,2024,2022,a3_load,A3 전시즌 경기당 대비 등판 투구수,1.25-1.50,5772,0.6417784388675826,0.4983970654954616,-0.009744169346748321,-0.008058567593038857,0.009744169346748321,0.9590979888413926
sj_stdmlp,2024,2022,a3_load,A3 전시즌 경기당 대비 등판 투구수,>=1.50,12990,0.5424458661640452,2.8436890651990483,-0.01523772898288267,-0.008384152002074041,0.01523772898288267,1.1060968088049594
sj_stdmlp,2024,2022,a3_load,A3 전시즌 경기당 대비 등판 투구수,전시즌없음,50115,-1.0423944289624254,-3.1173374122193187,-0.011471058161303616,-0.005229170139421424,0.011471058161303616,0.9701733284893342
sj_stdmlp,2024,2022,a3b_gp,A3b 등판 내 투구수,1-10,67227,-14.963525577796803,-15.066150083925816,-0.013260801599910887,-0.0019431516447915853,0.013260801599910887,0.9976315910067756
sj_stdmlp,2024,2022,a3b_gp,A3b 등판 내 투구수,11-20,46277,-10.958021314133598,-11.376260709062715,-0.015953607075216036,-0.003831983583664489,0.015953607075216036,1.0696029779317089
sj_stdmlp,2024,2022,a3b_gp,A3b 등판 내 투구수,21-35,33726,-1.391833522702667,-1.7242880917323038,-0.014167091428905487,-0.006270079766393766,0.014167091428905487,0.9753913622503705
sj_stdmlp,2024,2022,a3b_gp,A3b 등판 내 투구수,36-60,36847,-1.6302156006919652,-1.669509455302384,-0.012336985721433602,-0.005167037798095353,0.012336985721433602,1.022146945462144
sj_stdmlp,2024,2022,a3b_gp,A3b 등판 내 투구수,61-80,24208,-6.3837242351944745,-7.362574818672305,-0.015762570161004352,-0.0032094684038463384,0.015762570161004352,1.0532991862689987
sj_stdmlp,2024,2022,a3b_gp,A3b 등판 내 투구수,81+,15212,-8.449877809596403,-8.370751702420922,-0.015406324299468366,0.002365289632933587,0.015406324299468366,1.064284267555695
sj_stdmlp,2024,2022,a4_prevp,A4 전시즌 투구수,없음,50115,-1.0423944289624254,-3.1173374122193187,-0.011471058161303616,-0.005229170139421424,0.011471058161303616,0.9701733284893342
sj_stdmlp,2024,2022,a4_prevp,A4 전시즌 투구수,1-200,12654,-3.5420863986538067,-5.714678624685505,-0.006558064865761382,0.008640335613745387,0.006558064865761382,0.8067891733899348
sj_stdmlp,2024,2022,a4_prevp,A4 전시즌 투구수,201-600,24568,-0.9157089845350284,-0.8416765831835322,-0.009248878556693763,-0.0034990669999383495,0.009248878556693763,0.9516522186155663
sj_stdmlp,2024,2022,a4_prevp,A4 전시즌 투구수,601-1200,65402,-8.47880527111836,-8.644490572431408,-0.016936019511502864,-0.006330392707782129,0.016936019511502864,1.0440113966936935
sj_stdmlp,2024,2022,a4_prevp,A4 전시즌 투구수,1201-2000,27214,-5.417259652073283,-16.995236009555764,-0.012934260634469397,-0.002169359214288513,0.012934260634469397,1.192001225148707
sj_stdmlp,2024,2022,a4_prevp,A4 전시즌 투구수,2001-2600,23868,-10.404652678613429,-6.111173829339053,-0.015170521703905926,0.00043906691888867533,0.015170521703905926,0.8515165729141742
sj_stdmlp,2024,2022,a4_prevp,A4 전시즌 투구수,2601+,19676,-14.153128191379555,-14.483449511388557,-0.022760234303669136,-0.002554674123315448,0.022760234303669136,1.0383013617950505
sj_stdmlp,2024,2022,a5_asofn,A5 투수 누적 이력,0-99,3959,0.2780759394333398,0.27012024766924275,-0.005551390995200911,-0.006308940168892496,0.005551390995200911,1.0017932876167515
sj_stdmlp,2024,2022,a5_asofn,A5 투수 누적 이력,100-499,17177,-2.7778076114679484,-2.661900501906632,-0.016915199519463964,-0.005787820585040959,0.016915199519463964,1.1193856485389502
sj_stdmlp,2024,2022,a5_asofn,A5 투수 누적 이력,500-1499,39741,-7.571741095769687,-11.76062933544575,-0.013534059350313266,-0.0028358173047156043,0.013534059350313266,0.9119190233028368
sj_stdmlp,2024,2022,a5_asofn,A5 투수 누적 이력,1500-3999,72150,-5.487957819527854,-4.7163052236281615,-0.013413514153623018,-0.005123215482350285,0.013413514153623018,1.0273075148176884
sj_stdmlp,2024,2022,a5_asofn,A5 투수 누적 이력,4000-7999,51095,-22.548393698102977,-25.992588800536137,-0.016109846796679816,-0.0004052408452756562,0.016109846796679816,1.099456750103269
sj_stdmlp,2024,2022,a5_asofn,A5 투수 누적 이력,8000+,39375,-5.347062176930339,-3.221514208656842,-0.0124132021232507,-0.003151620450338233,0.0124132021232507,0.8426674289475283
sj_stdmlp,2024,2022,a6_psucc,A6 투수 수준 5분위,Q1 최저,54380,-1.1587944983454297,-5.039395930325979,-0.011534567111274707,-0.0052513859181512745,0.011534567111274707,1.1550813860773632
sj_stdmlp,2024,2022,a6_psucc,A6 투수 수준 5분위,Q2,52532,1.690018008787708,2.1206223773093313,-0.010588056351412967,-0.006142522166242337,0.010588056351412967,0.9588575062112094
sj_stdmlp,2024,2022,a6_psucc,A6 투수 수준 5분위,Q3,48603,-23.349342569001088,-23.376274883884655,-0.017612330537396637,-0.0011890176765580462,0.017612330537396637,1.0064202171637397
sj_stdmlp,2024,2022,a6_psucc,A6 투수 수준 5분위,Q4,40380,-24.929015904643364,-22.355564043991556,-0.0185569653712373,1.1811802140493377e-05,0.0185569653712373,0.9357296672617755
sj_stdmlp,2024,2022,a6_psucc,A6 투수 수준 5분위,Q5 최고,27565,-2.649842196718155,-0.6944664779715873,-0.011162037698667748,-0.003176012940337092,0.011162037698667748,1.093091155106611
sj_stdmlp,2024,2022,a7_inning,A7 이닝,1-3회,75125,-5.548097160677489,-6.322731881570993,-0.013562413586062083,-0.005260588513575526,0.013562413586062083,0.9793012247278529
sj_stdmlp,2024,2022,a7_inning,A7 이닝,4-6회,74465,-26.86824955002828,-26.847267255364123,-0.01456059321447234,-0.0003603024392721532,0.01456059321447234,1.0089124815616306
sj_stdmlp,2024,2022,a7_inning,A7 이닝,7-8회,51708,-17.45480302679027,-22.404329727525162,-0.019058484542930854,-0.00458310157748959,0.019058484542930854,1.1494979495209063
sj_stdmlp,2024,2022,a7_inning,A7 이닝,9회+,22199,0.6797122971794314,0.45583289886065415,-0.004686214870371408,-0.004167705189693782,0.004686214870371408,0.9850352019919852
sj_stdmlp,2024,2022,a8_hand,A8 손 매치업,1v1,28390,-7.859162339536979,-7.0163158179100735,-0.010058581495304919,0.0026562025140453582,0.010058581495304919,0.967658779889661
sj_stdmlp,2024,2022,a8_hand,A8 손 매치업,1v2,37565,5.420603234218101,0.15699519196591896,-0.014758186431774123,-0.010109509418186002,0.014758186431774123,0.8997060828018651
sj_stdmlp,2024,2022,a8_hand,A8 손 매치업,2v1,80544,-16.94006410242257,-18.56295375115809,-0.016412758646752956,-0.004627905124154175,0.016412758646752956,1.0761224125351456
sj_stdmlp,2024,2022,a8_hand,A8 손 매치업,2v2,76998,-20.30609742225449,-20.69850529101899,-0.013141404126449485,-0.0009666408849230423,0.013141404126449485,1.0134691892712866
sj_stdmlp,2024,2022,a9_batn,A9 타자 누적 이력,0-99,1821,-2.889184113056087,-2.3625472614232415,-0.017425070200021986,0.016714068580204466,0.017425070200021986,1.2752856415855276
sj_stdmlp,2024,2022,a9_batn,A9 타자 누적 이력,100-499,9837,-6.805870125439223,-6.957233337383696,-0.01949909663960958,0.0001588649472172854,0.01949909663960958,0.8786187940980495
sj_stdmlp,2024,2022,a9_batn,A9 타자 누적 이력,500-1499,24706,-11.079438879615914,-11.171560243024906,-0.017540249933669094,-0.0016304709039121623,0.017540249933669094,1.0540740843890306
sj_stdmlp,2024,2022,a9_batn,A9 타자 누적 이력,1500-3999,51239,-1.3643902061520627,-1.8262514702040549,-0.01538126797756778,-0.007207193047014837,0.01538126797756778,0.9813241606821385
sj_stdmlp,2024,2022,a9_batn,A9 타자 누적 이력,4000+,135894,-18.744123645511866,-20.899725528812734,-0.011950144375340643,-0.0027518568279679134,0.011950144375340643,1.043904878081225
sj_stdmlp,2024,2022,a10_base,A10 주자 상황,___,116958,-19.27052885769269,-19.86572007700001,-0.011206896779569597,-0.0014978548968587746,0.011206896779569597,1.0090840031663553
sj_stdmlp,2024,2022,a10_base,A10 주자 상황,1__,44920,-14.725977979436438,-15.106534011055624,-0.019171698814022697,-0.004810760969322925,0.019171698814022697,1.0784424118443097
sj_stdmlp,2024,2022,a10_base,A10 주자 상황,_2_,17468,5.976397791653368,5.870090226024978,-0.018501542660902537,-0.014414768431936065,0.018501542660902537,0.9698129983856045
sj_stdmlp,2024,2022,a10_base,A10 주자 상황,__3,5733,0.21001039449076658,0.07423468069724369,-0.016065742249238568,-0.00866960165145797,0.016065742249238568,1.0935652391586843
sj_stdmlp,2024,2022,a10_base,A10 주자 상황,12_,18986,-7.206676323228545,-7.9439231327749145,-0.014304908088790036,0.00025747563405481566,0.014304908088790036,0.9686428177969169
sj_stdmlp,2024,2022,a10_base,A10 주자 상황,1_3,7419,-2.1003532120714605,-1.9404992735846933,-0.018720436792621087,-0.005137145242971264,0.018720436792621087,0.9692036104849929
sj_stdmlp,2024,2022,a10_base,A10 주자 상황,_23,4798,-2.3127526245769796,-2.246450311555999,-0.02685759577429625,-0.008416932201972482,0.02685759577429625,1.0102505738309935
sj_stdmlp,2024,2022,a10_base,A10 주자 상황,123,7215,-1.6685805253244728,0.6583538309145062,-0.009490460822975944,0.0020596602609249115,0.009490460822975944,1.2484411395264907
sj_stdmlp,2024,2022,a11_typemo,A11 game_type x 월블록,R|early,87355,-31.612500986876086,-28.66588926532514,-0.022309406746643834,-0.006624886093611004,0.022309406746643834,1.1254165138627719
sj_stdmlp,2024,2022,a11_typemo,A11 game_type x 월블록,R|mid,68816,-9.86878708524966,-9.962134199866304,-0.012948295042332636,-0.003381293763666582,0.012948295042332636,0.9943313282608558
sj_stdmlp,2024,2022,a11_typemo,A11 game_type x 월블록,R|late,67326,-8.287988866140022,-3.664152263143831,-0.007450051037194927,0.0008892626808406079,0.007450051037194927,0.9227056859300989
sj_stdmlp,2024,2022,a12_role,A12 투수 역할(전시즌),불펜(<30구/경기),79963,-22.893441931554868,-23.348285534290564,-0.015260972392803773,-0.0023916185847390192,0.015260972392803773,1.0591874017743952
sj_stdmlp,2024,2022,a12_role,A12 투수 역할(전시즌),스윙(30-70),31678,-0.48561982874268605,0.5404421246207467,-0.01118288463244882,-0.005208633059994139,0.01118288463244882,0.9631381959194825
sj_stdmlp,2024,2022,a12_role,A12 투수 역할(전시즌),선발(>=70),61741,-22.314479837015412,-26.419253998538107,-0.016528478932291202,-0.0021579436775319705,0.016528478932291202,1.0601646459190113
sj_stdmlp,2024,2022,a12_role,A12 투수 역할(전시즌),전시즌없음,50115,-1.0423944289624254,-3.1173374122193187,-0.011471058161303616,-0.005229170139421424,0.011471058161303616,0.9701733284893342
sj_stdmlp,2024,2022,a13_tens,A13 이닝 x 점수차,초반|0-1점,50063,-4.39267245425622,-4.425342894380539,-0.011934475735193406,-0.003914156215272968,0.011934475735193406,1.0063443429287522
sj_stdmlp,2024,2022,a13_tens,A13 이닝 x 점수차,초반|2-3점,17952,-2.4927013432819836,-2.1693060496625223,-0.014098718142792455,-0.004299088652398253,0.014098718142792455,0.9130828659947047
sj_stdmlp,2024,2022,a13_tens,A13 이닝 x 점수차,초반|4점+,7110,2.25828651854526,1.4055823085812287,-0.028002713696895165,-0.01716878621508977,0.028002713696895165,0.9580237832234223
sj_stdmlp,2024,2022,a13_tens,A13 이닝 x 점수차,중반|0-1점,27628,-3.663789700949964,-5.824275813682026,-0.010435363286982469,-0.0016689665366930728,0.010435363286982469,1.072953560368286
sj_stdmlp,2024,2022,a13_tens,A13 이닝 x 점수차,중반|2-3점,24982,-27.649176093053665,-27.911553322178246,-0.022364877185523435,0.002636862864471068,0.022364877185523435,1.0217961125060535
sj_stdmlp,2024,2022,a13_tens,A13 이닝 x 점수차,중반|4점+,21855,-2.7483351862146823,-5.170759714120266,-0.010779442041877751,-0.0021319524934730882,0.010779442041877751,0.8891188136043796
sj_stdmlp,2024,2022,a13_tens,A13 이닝 x 점수차,후반|0-1점,22754,-1.0511576860498764,-1.2220255121436443,-0.01836363725673995,-0.008479314260298632,0.01836363725673995,1.0214079277587507
sj_stdmlp,2024,2022,a13_tens,A13 이닝 x 점수차,후반|2-3점,21063,-9.42970525978662,-16.799241393721747,-0.01254070954324027,0.0036986866231282223,0.01254070954324027,1.2601390992896282
sj_stdmlp,2024,2022,a13_tens,A13 이닝 x 점수차,후반|4점+,30090,1.1778623445267393,1.0506662789830445,-0.012507171717146381,-0.007127584697206979,0.012507171717146381,0.9927712215275215
sj_grid_w060,2022,2024,a1_count,A1 볼카운트,0-0,56002,-1.2317091939899774,-1.702774598318963,0.0014871859208844262,-0.003268153632218218,-0.0014871859208844262,0.9769437595057209
sj_grid_w060,2022,2024,a1_count,A1 볼카운트,0-1,27455,1.5282552842642882,1.5282137040979342,-0.008385416199448437,-0.0059934188062436,0.008385416199448437,1.0061332732596504
sj_grid_w060,2022,2024,a1_count,A1 볼카운트,0-2,13808,-0.4489906746873131,2.1607323926767927,-0.0013005069595776741,0.006132217962397435,0.0013005069595776741,0.7088672878456983
sj_grid_w060,2022,2024,a1_count,A1 볼카운트,1-0,22089,-0.3352883427365145,-0.31324021167623367,0.003889125608613875,0.0008858344583362321,-0.003889125608613875,1.0419706320346385
sj_grid_w060,2022,2024,a1_count,A1 볼카운트,1-1,22133,-4.414425540309971,-4.800223257211901,0.005877572969556932,-0.0062663449527736725,-0.005877572969556932,1.1562220194972113
sj_grid_w060,2022,2024,a1_count,A1 볼카운트,1-2,21152,0.030604170416626664,0.13325446515359088,-0.005870289297027653,-0.003002004249612833,0.005870289297027653,0.9944504854089335
sj_grid_w060,2022,2024,a1_count,A1 볼카운트,2-0,7519,-0.2899617402119517,-0.9134866823685229,0.0052754365105879275,0.0006547474338395309,-0.0052754365105879275,0.9516768121222241
sj_grid_w060,2022,2024,a1_count,A1 볼카운트,2-1,11379,-0.6541505234350402,-0.07207121138342215,0.005872091512377164,0.00028037095633953735,-0.005872091512377164,1.0517074141177045
sj_grid_w060,2022,2024,a1_count,A1 볼카운트,2-2,17854,-0.645454714172663,-0.5905694813764402,-0.006823653556775333,-0.0019746592726395673,0.006823653556775333,0.9894907725382942
sj_grid_w060,2022,2024,a1_count,A1 볼카운트,3-0,2406,-3.3342671039363423,-15.811273874862904,-0.023279535070754087,0.004508449358073596,0.023279535070754087,1.646987194766036
sj_grid_w060,2022,2024,a1_count,A1 볼카운트,3-1,4847,0.10550514323819403,-2.043039109748894,0.0011765985795049172,0.005606712338842523,-0.0011765985795049172,1.3057851021559863
sj_grid_w060,2022,2024,a1_count,A1 볼카운트,3-2,10380,0.4445061843668241,0.6491947924080949,0.0032131244907678824,0.0052218844918819896,-0.0032131244907678824,0.9673455035102914
sj_grid_w060,2022,2024,a1b_phase,A1b 카운트 국면,초구 0-0,56002,-1.2317091939899774,-1.702774598318963,0.0014871859208844262,-0.003268153632218218,-0.0014871859208844262,0.9769437595057209
sj_grid_w060,2022,2024,a1b_phase,A1b 카운트 국면,투수우위 0-1,27455,1.5282552842642882,1.5282137040979342,-0.008385416199448437,-0.0059934188062436,0.008385416199448437,1.0061332732596504
sj_grid_w060,2022,2024,a1b_phase,A1b 카운트 국면,평행 1-1,22133,-4.414425540309971,-4.800223257211901,0.005877572969556932,-0.0062663449527736725,-0.005877572969556932,1.1562220194972113
sj_grid_w060,2022,2024,a1b_phase,A1b 카운트 국면,타자우위 1-0/2-0/2-1,40987,-1.1861091909578827,-0.5434206834139774,0.004694828706987786,0.0006753503407767592,-0.004694828706987786,1.0283839176424194
sj_grid_w060,2022,2024,a1b_phase,A1b 카운트 국면,2스트라이크,52814,-2.1652872255928037,0.5336093512902896,-0.004990364140875447,-0.0002666015624026574,0.004990364140875447,0.9269164641677416
sj_grid_w060,2022,2024,a1b_phase,A1b 카운트 국면,3볼,7253,-1.7110057899725561,-12.883019576989206,-0.007226262360732261,0.0052423912673231765,0.007226262360732261,1.4191756960944963
sj_grid_w060,2022,2024,a1b_phase,A1b 카운트 국면,풀카운트,10380,0.4445061843668241,0.6491947924080949,0.0032131244907678824,0.0052218844918819896,-0.0032131244907678824,0.9673455035102914
sj_grid_w060,2022,2024,a2_li,A2 경기 중요도 li,li<0.10,20377,-1.9991256959327552,-8.710937956523312,-0.004114627292224116,0.004410588866391563,0.004114627292224116,1.1765005641166952
sj_grid_w060,2022,2024,a2_li,A2 경기 중요도 li,0.10-0.35,24902,0.42348626205178613,0.588066704534576,-0.0015947171801322657,-0.0036901394572378954,0.0015947171801322657,1.0137352426721018
sj_grid_w060,2022,2024,a2_li,A2 경기 중요도 li,0.35-0.70,48047,-3.4872408533951624,-4.46771643803674,0.004489481524193983,-0.0021407034539108194,-0.004489481524193983,1.0429654493681617
sj_grid_w060,2022,2024,a2_li,A2 경기 중요도 li,0.70-1.20,58855,0.5157810394688358,0.08573803877464334,-0.00375290273122153,-0.002509896219759944,0.00375290273122153,0.9421413472436454
sj_grid_w060,2022,2024,a2_li,A2 경기 중요도 li,1.20-2.00,41808,-0.07752103839098934,0.1843938995675297,0.000170912854047911,-0.002857471148701274,-0.000170912854047911,1.0202786478760377
sj_grid_w060,2022,2024,a2_li,A2 경기 중요도 li,li>=2.00,23035,-0.0678629505608065,0.08343205633420449,0.0009516916206152026,-0.0003638894467431486,-0.0009516916206152026,1.0811822534597302
sj_grid_w060,2022,2024,a3_load,A3 전시즌 경기당 대비 등판 투구수,<0.25,43866,0.4179021742351857,-0.009875169764893079,-0.0032107367364121453,-0.002410257403214211,0.0032107367364121453,0.9252648416842906
sj_grid_w060,2022,2024,a3_load,A3 전시즌 경기당 대비 등판 투구수,0.25-0.50,40366,-0.03453678596524898,-0.18032909198303948,0.0001771769041329918,-0.001221356984401234,-0.0001771769041329918,0.9684381844190914
sj_grid_w060,2022,2024,a3_load,A3 전시즌 경기당 대비 등판 투구수,0.50-0.75,34107,-1.2486328268013107,-3.2886032666737526,0.002118420663253573,-0.003628633497074707,-0.002118420663253573,0.8829507873963351
sj_grid_w060,2022,2024,a3_load,A3 전시즌 경기당 대비 등판 투구수,0.75-1.00,25764,-0.2573927504060933,0.29356061674372125,0.0004580231857108097,-0.005687826273390706,-0.0004580231857108097,1.0470964925502948
sj_grid_w060,2022,2024,a3_load,A3 전시즌 경기당 대비 등판 투구수,1.00-1.25,11734,-2.9089867850011153,-2.4126377940894788,0.010102515155626879,-0.0016054620530764896,-0.010102515155626879,1.1091167868620275
sj_grid_w060,2022,2024,a3_load,A3 전시즌 경기당 대비 등판 투구수,1.25-1.50,5170,-0.5453542611527455,-1.4161161345153421,-0.005662873550105918,0.00222151804954146,0.005662873550105918,1.1151865152576113
sj_grid_w060,2022,2024,a3_load,A3 전시즌 경기당 대비 등판 투구수,>=1.50,8731,0.11330195042204436,-4.577713815831644,-0.005815572814819703,-0.0035130924535045627,0.005815572814819703,1.3814767818327849
sj_grid_w060,2022,2024,a3_load,A3 전시즌 경기당 대비 등판 투구수,전시즌없음,47286,-0.7362238602936848,-12.693079404407776,-0.0016408311618829052,0.0017535783997795207,0.0016408311618829052,1.1911084953404323
sj_grid_w060,2022,2024,a3b_gp,A3b 등판 내 투구수,1-10,63628,-0.4025454215127047,-0.36491841720884866,0.0010248367588777119,-0.001162162146982948,-0.0010248367588777119,0.9758806127367036
sj_grid_w060,2022,2024,a3b_gp,A3b 등판 내 투구수,11-20,41971,0.43797061354679845,0.7257599278634335,-0.0008612615351870634,-0.0037172902814527897,0.0008612615351870634,1.0196676649360206
sj_grid_w060,2022,2024,a3b_gp,A3b 등판 내 투구수,21-35,31720,-0.030309735034728443,-1.8602103541864816,-0.003299941125847916,-0.0015714222464437988,0.003299941125847916,1.0795916916411374
sj_grid_w060,2022,2024,a3b_gp,A3b 등판 내 투구수,36-60,36939,-0.5104088434673268,-0.9202617610040116,-0.002367880617860585,0.00039901030432543116,0.002367880617860585,1.0339928489445882
sj_grid_w060,2022,2024,a3b_gp,A3b 등판 내 투구수,61-80,25270,0.13169207030856442,-0.13548438666273083,-0.0005362436076848942,-0.0029043704328458597,0.0005362436076848942,0.9697889579091029
sj_grid_w060,2022,2024,a3b_gp,A3b 등판 내 투구수,81+,17496,-1.489366961233679,-1.870417911454367,0.004807788046563677,-0.0023990966582941864,-0.004807788046563677,1.1247032744255616
sj_grid_w060,2022,2024,a4_prevp,A4 전시즌 투구수,없음,47286,-0.7362238602936848,-12.693079404407776,-0.0016408311618829052,0.0017535783997795207,0.0016408311618829052,1.1911084953404323
sj_grid_w060,2022,2024,a4_prevp,A4 전시즌 투구수,1-200,12427,-0.015369554173270294,0.1386567697698403,0.010790872330716184,0.005364345320103714,-0.010790872330716184,0.9670078613109186
sj_grid_w060,2022,2024,a4_prevp,A4 전시즌 투구수,201-600,23871,-0.08542333652014393,0.8121114653884621,-0.00045313754815717866,0.0019156803748800466,0.00045313754815717866,0.9034673571168944
sj_grid_w060,2022,2024,a4_prevp,A4 전시즌 투구수,601-1200,50346,1.9788253628872938,2.0340314060277516,-0.003758823123513,-0.004715924171741492,0.003758823123513,1.0098201807538134
sj_grid_w060,2022,2024,a4_prevp,A4 전시즌 투구수,1201-2000,31403,-0.18092394531148934,0.30818992430977765,0.001025760370386597,-0.0010107273290126395,-0.001025760370386597,1.0316323635160216
sj_grid_w060,2022,2024,a4_prevp,A4 전시즌 투구수,2001-2600,25524,-1.1977683433943564,0.5998961626748381,0.002892247549034721,-0.002955194193616728,-0.002892247549034721,0.908098445256983
sj_grid_w060,2022,2024,a4_prevp,A4 전시즌 투구수,2601+,26167,0.1562351092261948,-0.7341689616457379,-0.00018528883462132217,-0.008833814344810342,0.00018528883462132217,0.9558049499146264
sj_grid_w060,2022,2024,a5_asofn,A5 투수 누적 이력,0-99,4387,-0.18047745097993392,-0.6573646629072529,-0.0012998580435393814,0.007935331924619815,0.0012998580435393814,1.0838894601639995
sj_grid_w060,2022,2024,a5_asofn,A5 투수 누적 이력,100-499,16944,0.37403431796355424,0.6874438557804802,-0.0017097646846647163,-0.0043571818051075795,0.0017097646846647163,1.0327653005156792
sj_grid_w060,2022,2024,a5_asofn,A5 투수 누적 이력,500-1499,42035,-0.06860863812614287,-4.791390689120962,0.0003206409781300601,-0.0012205178415353735,-0.0003206409781300601,1.1153575560449298
sj_grid_w060,2022,2024,a5_asofn,A5 투수 누적 이력,1500-3999,76996,0.1872177310460182,-3.6301677027246284,-0.0026268169924523743,-0.001564506412387423,0.0026268169924523743,1.0983181745610273
sj_grid_w060,2022,2024,a5_asofn,A5 투수 누적 이력,4000-7999,60064,-2.60314882846352,-3.984861966837737,0.0025183660213674575,-0.0034091304352450447,-0.0025183660213674575,0.9726363309329598
sj_grid_w060,2022,2024,a5_asofn,A5 투수 누적 이력,8000+,16598,-0.10194687829886347,0.9701549979470678,-0.0006787864707883395,0.0021151975854794003,0.0006787864707883395,0.9067867859143306
sj_grid_w060,2022,2024,a6_psucc,A6 투수 수준 5분위,Q1 최저,33663,-0.0002738406466406865,-0.2111791804992532,-0.0010732166409021526,-0.0005345521845869228,0.0010732166409021526,0.980079697041215
sj_grid_w060,2022,2024,a6_psucc,A6 투수 수준 5분위,Q2,40640,-1.1048498136906084,-0.9263002718767767,-0.0029307710026809097,0.001050910766048463,0.0029307710026809097,0.983079943631135
sj_grid_w060,2022,2024,a6_psucc,A6 투수 수준 5분위,Q3,44222,-1.9667795135342703,-2.3549618775570735,0.0019944468810922378,-0.005051851061581458,-0.0019944468810922378,1.0636749005443995
sj_grid_w060,2022,2024,a6_psucc,A6 투수 수준 5분위,Q4,52849,-2.2165312331064726,-2.7177724965207544,0.0018036855966352405,-0.005405847414370668,-0.0018036855966352405,1.0257838755834916
sj_grid_w060,2022,2024,a6_psucc,A6 투수 수준 5분위,Q5 최고,45604,-1.4592365759655457,-6.959758771591705,-0.0024865386659106425,0.0022475041209155666,0.0024865386659106425,1.2677095986335678
sj_grid_w060,2022,2024,a7_inning,A7 이닝,1-3회,72677,-0.22189783539266794,-2.9846992990784718,-0.0023558510521414777,-0.0008263631777886138,0.0023558510521414777,1.0604987257091265
sj_grid_w060,2022,2024,a7_inning,A7 이닝,4-6회,72335,-1.9867399008772375,-2.184209336209512,0.0023674371076349288,-0.001963364392230549,-0.0023674371076349288,0.9807680400108976
sj_grid_w060,2022,2024,a7_inning,A7 이닝,7-8회,49396,1.7788683879482428,0.7305159320842175,-0.0015624942750356308,-0.0070333730029273345,0.0015624942750356308,0.9802070278742755
sj_grid_w060,2022,2024,a7_inning,A7 이닝,9회+,22616,-0.8479023240556246,-3.475571897779307,-0.0012551360086637264,0.007475199033798563,0.0012551360086637264,1.1218477620151626
sj_grid_w060,2022,2024,a8_hand,A8 손 매치업,1v1,26793,-1.223516980207381,-0.871214007949376,0.0049303694744457505,-4.729925150503966e-05,-0.0049303694744457505,0.9406013539278836
sj_grid_w060,2022,2024,a8_hand,A8 손 매치업,1v2,27640,-1.0886817194850682,-8.5377448579198,-0.007389950444432358,-0.0022491510623890987,0.007389950444432358,1.1861431899518238
sj_grid_w060,2022,2024,a8_hand,A8 손 매치업,2v1,83214,1.5687542170415847,2.1562100592157503,-0.0021413421083552042,-0.0034588483338748865,0.0021413421083552042,1.0398217513920134
sj_grid_w060,2022,2024,a8_hand,A8 손 매치업,2v2,79377,-1.2750517558088317,-5.021073783258521,0.002607265559352201,-0.00036761936106499693,-0.002607265559352201,0.9126776804127458
sj_grid_w060,2022,2024,a9_batn,A9 타자 누적 이력,0-99,3441,-3.6589317910224763,-2.1121253075171325,0.018880407942540867,-0.0058372990762133314,-0.018880407942540867,1.1853378050156103
sj_grid_w060,2022,2024,a9_batn,A9 타자 누적 이력,100-499,14808,-1.0245731735262182,-0.8694753868635863,0.002202596679607205,-0.0074199987386783794,-0.002202596679607205,0.9305807527820832
sj_grid_w060,2022,2024,a9_batn,A9 타자 누적 이력,500-1499,34054,-0.62430389089603,-0.307211631418042,0.0008721648371866064,-0.0052658681550211694,-0.0008721648371866064,1.029401027409893
sj_grid_w060,2022,2024,a9_batn,A9 타자 누적 이력,1500-3999,50087,0.6258415787376151,-1.828424725317517,-0.00431166931581467,-0.0029419532349657107,0.00431166931581467,1.0788803957503479
sj_grid_w060,2022,2024,a9_batn,A9 타자 누적 이력,4000+,114634,0.057030778669774435,0.057762454875742726,0.00025005834623226253,0.0006647244428884536,-0.00025005834623226253,1.00086527303213
sj_grid_w060,2022,2024,a10_base,A10 주자 상황,___,116959,0.3539732077496615,0.3902491887083503,0.0014624813696312855,0.0012925994581838296,-0.0014624813696312855,0.9634848961289123
sj_grid_w060,2022,2024,a10_base,A10 주자 상황,1__,43047,1.8486566522624934,2.5812163530626395,-0.002113110484401548,-0.006569520740983825,0.002113110484401548,1.0535202774283317
sj_grid_w060,2022,2024,a10_base,A10 주자 상황,_2_,16187,0.18264291124618426,-0.5798227596836677,-0.011600797627990045,-0.006064240075840721,0.011600797627990045,1.0522000721378064
sj_grid_w060,2022,2024,a10_base,A10 주자 상황,__3,5285,0.051708423746202,0.027790195255025883,-0.007713456362040738,-0.004200809736168765,0.007713456362040738,1.0650147762640467
sj_grid_w060,2022,2024,a10_base,A10 주자 상황,12_,17551,-0.7181095146158588,-2.4754747270960604,0.0030988033658155834,-0.002032295848155674,-0.0030988033658155834,1.1404412404355067
sj_grid_w060,2022,2024,a10_base,A10 주자 상황,1_3,6960,0.2624269959927157,0.23554786953351775,-0.0018940901385878783,-0.00634703236805767,0.0018940901385878783,0.9452616046935804
sj_grid_w060,2022,2024,a10_base,A10 주자 상황,_23,4595,1.1596338537599011,1.193255270006855,-0.005533185852285238,-0.01513900065786189,0.005533185852285238,1.0649145515154703
sj_grid_w060,2022,2024,a10_base,A10 주자 상황,123,6440,0.037255473882883555,0.9628580139107163,0.005981189282246557,0.0032529625959452635,-0.005981189282246557,1.2872419823567023
sj_grid_w060,2022,2024,a11_typemo,A11 game_type x 월블록,R|early,75061,9.363117995515125,13.527459998620355,-0.0040200422788364,-0.01042725980873016,0.0040200422788364,1.1051361570628548
sj_grid_w060,2022,2024,a11_typemo,A11 game_type x 월블록,R|mid,64405,0.011342096153566232,-0.6663113388116578,-0.0004402846303261376,-0.0003286434615518141,0.0004402846303261376,1.0278952885989232
sj_grid_w060,2022,2024,a11_typemo,A11 game_type x 월블록,R|late,77558,3.9733630591181814,6.9073797388114375,0.004041842617804825,0.0054592418468243364,-0.004041842617804825,0.8795008158777633
sj_grid_w060,2022,2024,a12_role,A12 투수 역할(전시즌),불펜(<30구/경기),65155,-0.4172860196463576,-0.020504793151595625,0.0004494156733567678,-0.003641026306295314,-0.0004494156733567678,1.0277766250078009
sj_grid_w060,2022,2024,a12_role,A12 투수 역할(전시즌),스윙(30-70),33492,-0.8310374041317324,-0.45815400572258574,-0.002785708714875601,0.001023373559328522,0.002785708714875601,0.8413328185071358
sj_grid_w060,2022,2024,a12_role,A12 투수 역할(전시즌),선발(>=70),71091,-0.41348577957521304,-0.7032082692156206,0.00040801063405226934,-0.003662944929212819,-0.00040801063405226934,0.9847354625543124
sj_grid_w060,2022,2024,a12_role,A12 투수 역할(전시즌),전시즌없음,47286,-0.7362238602936848,-12.693079404407776,-0.0016408311618829052,0.0017535783997795207,0.0016408311618829052,1.1911084953404323
sj_grid_w060,2022,2024,a13_tens,A13 이닝 x 점수차,초반|0-1점,52862,-0.20358478087507811,-1.6899916323958406,-0.0008155834167542508,0.000873144327664721,0.0008155834167542508,1.060913486529154
sj_grid_w060,2022,2024,a13_tens,A13 이닝 x 점수차,초반|2-3점,14390,0.05339669994613901,0.41622970306178897,-0.0018117529984515435,-0.0014614592407560245,0.0018117529984515435,0.963836077688785
sj_grid_w060,2022,2024,a13_tens,A13 이닝 x 점수차,초반|4점+,5425,2.45268907998689,-0.040366996105445786,-0.01457498844879701,-0.015702000672196736,0.01457498844879701,1.343265339336547
sj_grid_w060,2022,2024,a13_tens,A13 이닝 x 점수차,중반|0-1점,30302,0.2549125461499767,-0.4000455077862476,0.0012638371403788096,0.0024375242616005988,-0.0012638371403788096,0.9481535996408247
sj_grid_w060,2022,2024,a13_tens,A13 이닝 x 점수차,중반|2-3점,24508,-5.977755353937423,-7.302791430118929,0.005307127279624291,-0.00981352002330016,-0.005307127279624291,0.9366624696799304
sj_grid_w060,2022,2024,a13_tens,A13 이닝 x 점수차,중반|4점+,17525,0.03129348426810622,-1.6479357469017095,0.0004022538552311272,0.0014053024390311974,-0.0004022538552311272,1.0758989116456565
sj_grid_w060,2022,2024,a13_tens,A13 이닝 x 점수차,후반|0-1점,24933,1.5322465412840733,1.444900209013146,-0.005272215791529644,-0.005798058250661098,0.005272215791529644,0.9643379589833889
sj_grid_w060,2022,2024,a13_tens,A13 이닝 x 점수차,후반|2-3점,21189,-2.0052702537501568,-3.2002222596553977,0.006602296323207135,-0.0005871678167655436,-0.006602296323207135,0.9701002132880463
sj_grid_w060,2022,2024,a13_tens,A13 이닝 x 점수차,후반|4점+,25890,-0.5259825948755723,-2.7958391999170455,-0.004245808825693531,-0.0008249094735816032,0.004245808825693531,1.1216042622548499
sj_grid_w060,2024,2022,a1_count,A1 볼카운트,0-0,57385,-2.096204069100285,-2.1484806326555357,-0.003268153632218218,0.0014871859208844262,0.003268153632218218,1.0131981649274597
sj_grid_w060,2024,2022,a1_count,A1 볼카운트,0-1,27768,3.2114869600435147,3.1808801955597996,-0.0059934188062436,-0.008385416199448437,0.0059934188062436,1.0024923823448633
sj_grid_w060,2024,2022,a1_count,A1 볼카운트,0-2,14321,-1.3732142630741677,2.8190177544101713,0.006132217962397435,-0.0013005069595776741,-0.006132217962397435,0.7752889522188116
sj_grid_w060,2024,2022,a1_count,A1 볼카운트,1-0,23181,0.25341286163973387,0.35131296606580475,0.0008858344583362321,0.003889125608613875,-0.0008858344583362321,1.0094260235586172
sj_grid_w060,2024,2022,a1_count,A1 볼카운트,1-1,22332,-4.515491413097701,-4.761845625570922,-0.0062663449527736725,0.005877572969556932,0.0062663449527736725,0.9935677387744294
sj_grid_w060,2024,2022,a1_count,A1 볼카운트,1-2,21751,1.0216532077025928,-0.9410286786730871,-0.003002004249612833,-0.005870289297027653,0.003002004249612833,0.8142950301388308
sj_grid_w060,2024,2022,a1_count,A1 볼카운트,2-0,8177,0.09486486373578218,-1.1749586290503036,0.0006547474338395309,0.0052754365105879275,-0.0006547474338395309,1.1662687509795884
sj_grid_w060,2024,2022,a1_count,A1 볼카운트,2-1,11832,0.06809145717174933,0.29389455462854686,0.00028037095633953735,0.005872091512377164,-0.00028037095633953735,1.1209803046478461
sj_grid_w060,2024,2022,a1_count,A1 볼카운트,2-2,18384,0.7587067535866112,0.7867195461603449,-0.0019746592726395673,-0.006823653556775333,0.0019746592726395673,0.9937999720361893
sj_grid_w060,2024,2022,a1_count,A1 볼카운트,3-0,2736,-1.1278736190144645,-10.338539360173224,0.004508449358073596,-0.023279535070754087,-0.004508449358073596,0.41709460112631785
sj_grid_w060,2024,2022,a1_count,A1 볼카운트,3-1,5227,-0.17072062750151126,-0.1885542161567612,0.005606712338842523,0.0011765985795049172,-0.005606712338842523,0.9996409519408399
sj_grid_w060,2024,2022,a1_count,A1 볼카운트,3-2,10403,0.11714295843062497,0.11397067002805726,0.0052218844918819896,0.0032131244907678824,-0.0052218844918819896,0.9126876059455516
sj_grid_w060,2024,2022,a1b_phase,A1b 카운트 국면,초구 0-0,57385,-2.096204069100285,-2.1484806326555357,-0.003268153632218218,0.0014871859208844262,0.003268153632218218,1.0131981649274597
sj_grid_w060,2024,2022,a1b_phase,A1b 카운트 국면,투수우위 0-1,27768,3.2114869600435147,3.1808801955597996,-0.0059934188062436,-0.008385416199448437,0.0059934188062436,1.0024923823448633
sj_grid_w060,2024,2022,a1b_phase,A1b 카운트 국면,평행 1-1,22332,-4.515491413097701,-4.761845625570922,-0.0062663449527736725,0.005877572969556932,0.0062663449527736725,0.9935677387744294
sj_grid_w060,2024,2022,a1b_phase,A1b 카운트 국면,타자우위 1-0/2-0/2-1,43190,0.4551112523102016,0.8362735418279633,0.0006753503407767592,0.004694828706987786,-0.0006753503407767592,1.0690836877820356
sj_grid_w060,2024,2022,a1b_phase,A1b 카운트 국면,2스트라이크,54456,0.2525134867434148,1.9415642720667876,-0.0002666015624026574,-0.004990364140875447,0.0002666015624026574,0.8748658156152291
sj_grid_w060,2024,2022,a1b_phase,A1b 카운트 국면,3볼,7963,-1.4720842503579563,-6.543525627653547,0.0052423912673231765,-0.007226262360732261,-0.0052423912673231765,0.8058250014194869
sj_grid_w060,2024,2022,a1b_phase,A1b 카운트 국면,풀카운트,10403,0.11714295843062497,0.11397067002805726,0.0052218844918819896,0.0032131244907678824,-0.0052218844918819896,0.9126876059455516
sj_grid_w060,2024,2022,a2_li,A2 경기 중요도 li,li<0.10,24526,-2.4481463834592585,-6.761145532223904,0.004410588866391563,-0.004114627292224116,-0.004410588866391563,0.8499094284725062
sj_grid_w060,2024,2022,a2_li,A2 경기 중요도 li,0.10-0.35,28107,-0.09298473800092369,-0.20231115997899551,-0.0036901394572378954,-0.0015947171801322657,0.0036901394572378954,1.064641140290162
sj_grid_w060,2024,2022,a2_li,A2 경기 중요도 li,0.35-0.70,49973,-2.1298846341252053,-6.773130324702989,-0.0021407034539108194,0.004489481524193983,0.0021407034539108194,0.9090189725996665
sj_grid_w060,2024,2022,a2_li,A2 경기 중요도 li,0.70-1.20,57499,1.2909308598809108,1.3954217845379822,-0.002509896219759944,-0.00375290273122153,0.002509896219759944,0.9954813986856975
sj_grid_w060,2024,2022,a2_li,A2 경기 중요도 li,1.20-2.00,41631,-0.6814368620733438,-0.4995820529172683,-0.002857471148701274,0.000170912854047911,0.002857471148701274,1.0379515590928057
sj_grid_w060,2024,2022,a2_li,A2 경기 중요도 li,li>=2.00,21761,-0.03214581585149644,0.4767516335545574,-0.0003638894467431486,0.0009516916206152026,0.0003638894467431486,1.047332126647874
sj_grid_w060,2024,2022,a3_load,A3 전시즌 경기당 대비 등판 투구수,<0.25,42782,0.7405816581709596,1.081606334480955,-0.002410257403214211,-0.0032107367364121453,0.002410257403214211,0.9851581359017842
sj_grid_w060,2024,2022,a3_load,A3 전시즌 경기당 대비 등판 투구수,0.25-0.50,39845,-0.13729835931626397,-0.09494488804557247,-0.001221356984401234,0.0001771769041329918,0.001221356984401234,0.9915261621021435
sj_grid_w060,2024,2022,a3_load,A3 전시즌 경기당 대비 등판 투구수,0.50-0.75,33206,-1.6969029341775232,-1.5085041920523625,-0.003628633497074707,0.002118420663253573,0.003628633497074707,0.9934203047554461
sj_grid_w060,2024,2022,a3_load,A3 전시즌 경기당 대비 등판 투구수,0.75-1.00,26002,-1.748735605692601,-1.2866148057312006,-0.005687826273390706,0.0004580231857108097,0.005687826273390706,1.0693554936737832
sj_grid_w060,2024,2022,a3_load,A3 전시즌 경기당 대비 등판 투구수,1.00-1.25,12785,-0.8015647930029031,-0.05434218876107885,-0.0016054620530764896,0.010102515155626879,0.0016054620530764896,1.0687482379289603
sj_grid_w060,2024,2022,a3_load,A3 전시즌 경기당 대비 등판 투구수,1.25-1.50,5772,-0.3110285000777417,-0.7103638051925826,0.00222151804954146,-0.005662873550105918,-0.00222151804954146,0.9101617626284935
sj_grid_w060,2024,2022,a3_load,A3 전시즌 경기당 대비 등판 투구수,>=1.50,12990,0.6633198723183008,1.8018828369689277,-0.0035130924535045627,-0.005815572814819703,0.0035130924535045627,1.0629617465119778
sj_grid_w060,2024,2022,a3_load,A3 전시즌 경기당 대비 등판 투구수,전시즌없음,50115,-0.7922925029213201,-3.9788998532862654,0.0017535783997795207,-0.0016408311618829052,-0.0017535783997795207,0.9464076241376616
sj_grid_w060,2024,2022,a3b_gp,A3b 등판 내 투구수,1-10,67227,-0.44929973232317905,-0.6091606055851502,-0.001162162146982948,0.0010248367588777119,0.001162162146982948,0.9674432407699202
sj_grid_w060,2024,2022,a3b_gp,A3b 등판 내 투구수,11-20,46277,-0.6144071779128648,-0.4059195390462309,-0.0037172902814527897,-0.0008612615351870634,0.0037172902814527897,1.041922423522467
sj_grid_w060,2024,2022,a3b_gp,A3b 등판 내 투구수,21-35,33726,0.4771611970732679,-0.8781562113360376,-0.0015714222464437988,-0.003299941125847916,0.0015714222464437988,0.9448526669672483
sj_grid_w060,2024,2022,a3b_gp,A3b 등판 내 투구수,36-60,36847,-0.13516982687545231,-0.24599445720820434,0.00039901030432543116,-0.002367880617860585,-0.00039901030432543116,0.9851251091731192
sj_grid_w060,2024,2022,a3b_gp,A3b 등판 내 투구수,61-80,24208,-0.23061156759350948,-0.37696537538595426,-0.0029043704328458597,-0.0005362436076848942,0.0029043704328458597,1.025032653769184
sj_grid_w060,2024,2022,a3b_gp,A3b 등판 내 투구수,81+,15212,-0.785088101146446,-0.5117803337776039,-0.0023990966582941864,0.004807788046563677,0.0023990966582941864,1.0181878723072695
sj_grid_w060,2024,2022,a4_prevp,A4 전시즌 투구수,없음,50115,-0.7922925029213201,-3.9788998532862654,0.0017535783997795207,-0.0016408311618829052,-0.0017535783997795207,0.9464076241376616
sj_grid_w060,2024,2022,a4_prevp,A4 전시즌 투구수,1-200,12654,1.9710523296973612,-1.432870029663285,0.005364345320103714,0.010790872330716184,-0.005364345320103714,0.7509030246187536
sj_grid_w060,2024,2022,a4_prevp,A4 전시즌 투구수,201-600,24568,-0.2378019417890864,0.5348783831470925,0.0019156803748800466,-0.00045313754815717866,-0.0019156803748800466,0.9162039500427012
sj_grid_w060,2024,2022,a4_prevp,A4 전시즌 투구수,601-1200,65402,1.547231437676783,1.6208897966375597,-0.004715924171741492,-0.003758823123513,0.004715924171741492,1.014056956713767
sj_grid_w060,2024,2022,a4_prevp,A4 전시즌 투구수,1201-2000,27214,-0.15081312712063025,-2.4050820257531047,-0.0010107273290126395,0.001025760370386597,0.0010107273290126395,1.1450838802254812
sj_grid_w060,2024,2022,a4_prevp,A4 전시즌 투구수,2001-2600,23868,-1.1037492805681215,-0.7586684017377167,-0.002955194193616728,0.002892247549034721,0.002955194193616728,0.8243233601185812
sj_grid_w060,2024,2022,a4_prevp,A4 전시즌 투구수,2601+,19676,-2.633867686238903,-2.647709189006598,-0.008833814344810342,-0.00018528883462132217,0.008833814344810342,1.0284189925982705
sj_grid_w060,2024,2022,a5_asofn,A5 투수 누적 이력,0-99,3959,-0.5925970767365787,-0.584431824049924,0.007935331924619815,-0.0012998580435393814,-0.007935331924619815,0.9794453520247689
sj_grid_w060,2024,2022,a5_asofn,A5 투수 누적 이력,100-499,17177,-0.1256513820037938,-0.055877492976449526,-0.0043571818051075795,-0.0017097646846647163,0.0043571818051075795,1.087519096062775
sj_grid_w060,2024,2022,a5_asofn,A5 투수 누적 이력,500-1499,39741,-0.161691909017397,-6.636954732572166,-0.0012205178415353735,0.0003206409781300601,0.0012205178415353735,0.8758433006055963
sj_grid_w060,2024,2022,a5_asofn,A5 투수 누적 이력,1500-3999,72150,0.7456065989188138,0.2256884365068538,-0.001564506412387423,-0.0026268169924523743,0.001564506412387423,0.9898658486016184
sj_grid_w060,2024,2022,a5_asofn,A5 투수 누적 이력,4000-7999,51095,-2.6341373324215254,-3.3681994315846735,-0.0034091304352450447,0.0025183660213674575,0.0034091304352450447,1.0748968334125122
sj_grid_w060,2024,2022,a5_asofn,A5 투수 누적 이력,8000+,39375,-0.5178690807185786,0.7655857460089205,0.0021151975854794003,-0.0006787864707883395,-0.0021151975854794003,0.8335411852679226
sj_grid_w060,2024,2022,a6_psucc,A6 투수 수준 5분위,Q1 최저,54380,0.08389473386442452,-1.2331013905505355,-0.0005345521845869228,-0.0010732166409021526,0.0005345521845869228,1.0918379192942347
sj_grid_w060,2024,2022,a6_psucc,A6 투수 수준 5분위,Q2,52532,-0.6832731268575082,-1.0647275169049002,0.001050910766048463,-0.0029307710026809097,-0.001050910766048463,0.9101336453486931
sj_grid_w060,2024,2022,a6_psucc,A6 투수 수준 5분위,Q3,48603,-3.974570572974199,-4.479023770835599,-0.005051851061581458,0.0019944468810922378,0.005051851061581458,0.972860958978482
sj_grid_w060,2024,2022,a6_psucc,A6 투수 수준 5분위,Q4,40380,-3.5227545845783466,-4.311583957863656,-0.005405847414370668,0.0018036855966352405,0.005405847414370668,0.9208146396327389
sj_grid_w060,2024,2022,a6_psucc,A6 투수 수준 5분위,Q5 최고,27565,-0.8009456580624627,0.6460637416039189,0.0022475041209155666,-0.0024865386659106425,-0.0022475041209155666,1.0498911961236446
sj_grid_w060,2024,2022,a7_inning,A7 이닝,1-3회,75125,0.4318736804000055,-2.1733892727429183,-0.0008263631777886138,-0.0023558510521414777,0.0008263631777886138,0.945495755799431
sj_grid_w060,2024,2022,a7_inning,A7 이닝,4-6회,74465,-1.7534206005797066,-1.9713154111420266,-0.001963364392230549,0.0023674371076349288,0.001963364392230549,0.977850037955475
sj_grid_w060,2024,2022,a7_inning,A7 이닝,7-8회,51708,-2.545019145011837,-4.284045500761864,-0.0070333730029273345,-0.0015624942750356308,0.0070333730029273345,1.114748822730724
sj_grid_w060,2024,2022,a7_inning,A7 이닝,9회+,22199,-2.966860422500598,-3.4485996889132995,0.007475199033798563,-0.0012551360086637264,-0.007475199033798563,0.9642473773011815
sj_grid_w060,2024,2022,a8_hand,A8 손 매치업,1v1,28390,-0.02382208223454869,0.20681111051816764,-4.729925150503966e-05,0.0049303694744457505,4.729925150503966e-05,0.9253174703641553
sj_grid_w060,2024,2022,a8_hand,A8 손 매치업,1v2,37565,1.8956207961015101,-5.665028575948876,-0.0022491510623890987,-0.007389950444432358,0.0022491510623890987,0.8709927442345597
sj_grid_w060,2024,2022,a8_hand,A8 손 매치업,2v1,80544,0.4109394199081739,0.9075017484425282,-0.0034588483338748865,-0.0021413421083552042,0.0034588483338748865,1.0459450129660706
sj_grid_w060,2024,2022,a8_hand,A8 손 매치업,2v2,76998,-0.2829122461092355,-0.0028122467256211305,-0.00036761936106499693,0.002607265559352201,0.00036761936106499693,0.990897722673457
sj_grid_w060,2024,2022,a9_batn,A9 타자 누적 이력,0-99,1821,-0.8297781402457498,-0.007332932549918301,-0.0058372990762133314,0.018880407942540867,0.0058372990762133314,1.2405693301070742
sj_grid_w060,2024,2022,a9_batn,A9 타자 누적 이력,100-499,9837,-1.5454220119676882,-2.5166035796286192,-0.0074199987386783794,0.002202596679607205,0.0074199987386783794,0.8497140334912577
sj_grid_w060,2024,2022,a9_batn,A9 타자 누적 이력,500-1499,24706,-1.6329582405772636,-1.4463035110659186,-0.0052658681550211694,0.0008721648371866064,0.0052658681550211694,1.0217242627984524
sj_grid_w060,2024,2022,a9_batn,A9 타자 누적 이력,1500-3999,51239,1.5334267931254808,-0.048429911355982354,-0.0029419532349657107,-0.00431166931581467,0.0029419532349657107,0.9565356013115811
sj_grid_w060,2024,2022,a9_batn,A9 타자 누적 이력,4000+,135894,-0.026623466197072353,-0.06748145592388305,0.0006647244428884536,0.00025005834623226253,-0.0006647244428884536,1.0082918685730071
sj_grid_w060,2024,2022,a10_base,A10 주자 상황,___,116958,0.4418583904068117,0.9291372814719566,0.0012925994581838296,0.0014624813696312855,-0.0012925994581838296,0.9770098786524005
sj_grid_w060,2024,2022,a10_base,A10 주자 상황,1__,44920,-1.2381511701078398,-0.45560340050205744,-0.006569520740983825,-0.002113110484401548,0.006569520740983825,1.0468926699102141
sj_grid_w060,2024,2022,a10_base,A10 주자 상황,_2_,17468,3.2503920987530193,2.832527535690528,-0.006064240075840721,-0.011600797627990045,0.006064240075840721,0.9366585457317618
sj_grid_w060,2024,2022,a10_base,A10 주자 상황,__3,5733,0.48407913305346595,0.5427275487862195,-0.004200809736168765,-0.007713456362040738,0.004200809736168765,1.041152057335936
sj_grid_w060,2024,2022,a10_base,A10 주자 상황,12_,18986,-0.5685746428505888,-2.427933125873216,-0.002032295848155674,0.0030988033658155834,0.002032295848155674,0.9364389114721374
sj_grid_w060,2024,2022,a10_base,A10 주자 상황,1_3,7419,-0.21574148001381535,-0.19004950302984944,-0.00634703236805767,-0.0018940901385878783,0.00634703236805767,0.9506185733422322
sj_grid_w060,2024,2022,a10_base,A10 주자 상황,_23,4798,-0.529669154484488,-0.6076022253485298,-0.01513900065786189,-0.005533185852285238,0.01513900065786189,0.9816731315827653
sj_grid_w060,2024,2022,a10_base,A10 주자 상황,123,7215,0.36599640936268707,2.7041414376546475,0.0032529625959452635,0.005981189282246557,-0.0032529625959452635,1.2085140899752347
sj_grid_w060,2024,2022,a11_typemo,A11 game_type x 월블록,R|early,87355,-3.8932711579142243,1.7554284077194704,-0.01042725980873016,-0.0040200422788364,0.01042725980873016,1.0926733392411374
sj_grid_w060,2024,2022,a11_typemo,A11 game_type x 월블록,R|mid,68816,0.0223494841208223,-0.9591493415484416,-0.0003286434615518141,-0.0004402846303261376,0.0003286434615518141,0.9631993460747097
sj_grid_w060,2024,2022,a11_typemo,A11 game_type x 월블록,R|late,67326,1.7271288650606424,5.431047399169658,0.0054592418468243364,0.004041842617804825,-0.0054592418468243364,0.894635064959399
sj_grid_w060,2024,2022,a12_role,A12 투수 역할(전시즌),불펜(<30구/경기),79963,-2.366614484653868,-1.838748823432421,-0.003641026306295314,0.0004494156733567678,0.003641026306295314,1.0247808429071428
sj_grid_w060,2024,2022,a12_role,A12 투수 역할(전시즌),스윙(30-70),31678,-0.38279421756397186,1.7197595862244746,0.001023373559328522,-0.002785708714875601,-0.001023373559328522,0.9318104991141377
sj_grid_w060,2024,2022,a12_role,A12 투수 역할(전시즌),선발(>=70),61741,-1.8136530888859113,-2.3167144313474353,-0.003662944929212819,0.00040801063405226934,0.003662944929212819,1.0306628219770073
sj_grid_w060,2024,2022,a12_role,A12 투수 역할(전시즌),전시즌없음,50115,-0.7922925029213201,-3.9788998532862654,0.0017535783997795207,-0.0016408311618829052,-0.0017535783997795207,0.9464076241376616
sj_grid_w060,2024,2022,a13_tens,A13 이닝 x 점수차,초반|0-1점,50063,-0.19600339026313096,-0.8630470066590872,0.000873144327664721,-0.0008155834167542508,-0.000873144327664721,0.9732796317867993
sj_grid_w060,2024,2022,a13_tens,A13 이닝 x 점수차,초반|2-3점,17952,0.10156334953214516,-0.43603564046910065,-0.0014614592407560245,-0.0018117529984515435,0.0014614592407560245,0.8751563357422117
sj_grid_w060,2024,2022,a13_tens,A13 이닝 x 점수차,초반|4점+,7110,2.6881525533780795,1.18141089781882,-0.015702000672196736,-0.01457498844879701,0.015702000672196736,0.9285209775418873
sj_grid_w060,2024,2022,a13_tens,A13 이닝 x 점수차,중반|0-1점,27628,0.01087017670945138,-0.7058077298067613,0.0024375242616005988,0.0012638371403788096,-0.0024375242616005988,1.0414663101250794
sj_grid_w060,2024,2022,a13_tens,A13 이닝 x 점수차,중반|2-3점,24982,-8.966964702542356,-8.978090867767598,-0.00981352002330016,0.005307127279624291,0.00981352002330016,0.9941715785761571
sj_grid_w060,2024,2022,a13_tens,A13 이닝 x 점수차,중반|4점+,21855,-0.033038407896830636,-3.7872791145424354,0.0014053024390311974,0.0004022538552311272,-0.0014053024390311974,0.85431530991164
sj_grid_w060,2024,2022,a13_tens,A13 이닝 x 점수차,후반|0-1점,22754,1.1211781091439026,1.1360247828076446,-0.005798058250661098,-0.005272215791529644,0.005798058250661098,0.99316254822937
sj_grid_w060,2024,2022,a13_tens,A13 이닝 x 점수차,후반|2-3점,21063,-0.3054038891847747,-3.556204026586286,-0.0005871678167655436,0.006602296323207135,0.0005871678167655436,1.217372493364056
sj_grid_w060,2024,2022,a13_tens,A13 이닝 x 점수차,후반|4점+,30090,0.3407295488175477,-0.24938149710547367,-0.0008249094735816032,-0.004245808825693531,0.0008249094735816032,0.9719745240997325
sj_e2var,2022,2024,a1_count,A1 볼카운트,0-0,56002,-10.72390733495928,-10.287672101936565,0.009217002476198388,-0.0010272773537199908,-0.009217002476198388,1.0143311338504029
sj_e2var,2022,2024,a1_count,A1 볼카운트,0-1,27455,0.4112350951749208,0.857345404202943,-0.0010949463963892958,-0.004258293943206204,0.0010949463963892958,1.0462615768904309
sj_e2var,2022,2024,a1_count,A1 볼카운트,0-2,13808,1.5384861895714452,2.0363806382451135,0.006287665308331192,0.007950759571588473,-0.006287665308331192,0.7342951242371019
sj_e2var,2022,2024,a1_count,A1 볼카운트,1-0,22089,-2.3178497168233565,-1.5350795893556102,0.011584615702320555,0.0033352142597383727,-0.011584615702320555,1.0786790600961775
sj_e2var,2022,2024,a1_count,A1 볼카운트,1-1,22133,-12.144665495975016,-11.471293919549742,0.013642574612388214,-0.004089172345203007,-0.013642574612388214,1.1996656855189474
sj_e2var,2022,2024,a1_count,A1 볼카운트,1-2,21152,-0.2239213634153933,-0.5839136901626502,0.0016486631813997787,-0.0009175004080690385,-0.0016486631813997787,1.0297802200697277
sj_e2var,2022,2024,a1_count,A1 볼카운트,2-0,7519,-1.1631416426642034,-1.4871124079059987,0.013271891668675151,0.0034741501419537912,-0.013271891668675151,0.9821157501048191
sj_e2var,2022,2024,a1_count,A1 볼카운트,2-1,11379,-2.2370572238060773,-0.8652892681133458,0.013625873722244441,0.0028990997396750595,-0.013625873722244441,1.0930246695441244
sj_e2var,2022,2024,a1_count,A1 볼카운트,2-2,17854,0.0042105491807460085,0.1394908619332265,0.0009899975233676472,0.0005596182057940879,-0.0009899975233676472,1.0283035182769331
sj_e2var,2022,2024,a1_count,A1 볼카운트,3-0,2406,-2.0338850581256147,-13.11464353444572,-0.014624541177123918,0.008367606173721842,0.014624541177123918,1.6989869424933628
sj_e2var,2022,2024,a1_count,A1 볼카운트,3-1,4847,0.7540219114702811,-0.6116348234369275,0.009641601042553072,0.009197592456784531,-0.009641601042553072,1.3547760567775093
sj_e2var,2022,2024,a1_count,A1 볼카운트,3-2,10380,1.3814766094777364,1.3611039623309493,0.011437689176290566,0.008875317045297426,-0.011437689176290566,1.001934668042567
sj_e2var,2022,2024,a1b_phase,A1b 카운트 국면,초구 0-0,56002,-10.72390733495928,-10.287672101936565,0.009217002476198388,-0.0010272773537199908,-0.009217002476198388,1.0143311338504029
sj_e2var,2022,2024,a1b_phase,A1b 카운트 국면,투수우위 0-1,27455,0.4112350951749208,0.857345404202943,-0.0010949463963892958,-0.004258293943206204,0.0010949463963892958,1.0462615768904309
sj_e2var,2022,2024,a1b_phase,A1b 카운트 국면,평행 1-1,22133,-12.144665495975016,-11.471293919549742,0.013642574612388214,-0.004089172345203007,-0.013642574612388214,1.1996656855189474
sj_e2var,2022,2024,a1b_phase,A1b 카운트 국면,타자우위 1-0/2-0/2-1,40987,-5.634388856406679,-3.1493990538976235,0.012463268642089464,0.0032396257017706653,-0.012463268642089464,1.065251352888126
sj_e2var,2022,2024,a1b_phase,A1b 카운트 국면,2스트라이크,52814,0.2974224728408008,0.6626307166450515,0.00264628034025316,0.0019004154765641657,-0.00264628034025316,0.9615870387398691
sj_e2var,2022,2024,a1b_phase,A1b 카운트 국면,3볼,7253,0.28835431880289,-9.061550084764457,0.0013040190868785495,0.008922265420103381,-0.0013040190868785495,1.4699298938641174
sj_e2var,2022,2024,a1b_phase,A1b 카운트 국면,풀카운트,10380,1.3814766094777364,1.3611039623309493,0.011437689176290566,0.008875317045297426,-0.011437689176290566,1.001934668042567
sj_e2var,2022,2024,a2_li,A2 경기 중요도 li,li<0.10,20377,1.8266768664346178,-3.3940500690383457,0.004182750028775439,0.00790508929557815,-0.004182750028775439,1.220905327572981
sj_e2var,2022,2024,a2_li,A2 경기 중요도 li,0.10-0.35,24902,-2.329210250462945,-1.3106243504550161,0.0062570144841599395,-0.000926591328417381,-0.0062570144841599395,1.0516694425439903
sj_e2var,2022,2024,a2_li,A2 경기 중요도 li,0.35-0.70,48047,-13.065876588592754,-13.501955337499448,0.012169922524870758,2.34826911386099e-05,-0.012169922524870758,1.0825562335294767
sj_e2var,2022,2024,a2_li,A2 경기 중요도 li,0.70-1.20,58855,-1.970059719697787,-2.751364577211324,0.003802904058455403,-0.00048622054097513523,-0.003802904058455403,0.976295859712658
sj_e2var,2022,2024,a2_li,A2 경기 중요도 li,1.20-2.00,41808,-5.427149844794439,-3.806363698370298,0.007700276559171937,-0.0007228512687750266,-0.007700276559171937,1.0588830162068288
sj_e2var,2022,2024,a2_li,A2 경기 중요도 li,li>=2.00,23035,-1.7725789787736486,-0.42518185018322197,0.008689436405339424,0.001942458917168044,-0.008689436405339424,1.1203326487447482
sj_e2var,2022,2024,a3_load,A3 전시즌 경기당 대비 등판 투구수,<0.25,43866,-1.7491453615182382,-2.76073719421701,0.004635404691089806,-1.5778951301559374e-05,-0.004635404691089806,0.9575419617909648
sj_e2var,2022,2024,a3_load,A3 전시즌 경기당 대비 등판 투구수,0.25-0.50,40366,-3.2261472127236925,-3.229027426158248,0.007978800342789139,0.0012721790664704802,-0.007978800342789139,1.0024836802439017
sj_e2var,2022,2024,a3_load,A3 전시즌 경기당 대비 등판 투구수,0.50-0.75,34107,-7.408793841100435,-9.4456163938411,0.009769510496979106,-0.001146744262078836,-0.009769510496979106,0.9170808876906816
sj_e2var,2022,2024,a3_load,A3 전시즌 경기당 대비 등판 투구수,0.75-1.00,25764,-5.491391108340797,-4.056441427745378,0.007980439743564383,-0.003254746511936246,-0.007980439743564383,1.0896029877172144
sj_e2var,2022,2024,a3_load,A3 전시즌 경기당 대비 등판 투구수,1.00-1.25,11734,-5.984159999593477,-5.065411385868361,0.017704125761030642,0.0010380029307523464,-0.017704125761030642,1.1531915861272766
sj_e2var,2022,2024,a3_load,A3 전시즌 경기당 대비 등판 투구수,1.25-1.50,5170,0.17075970036379215,-0.44585930067596935,0.002267927457215102,0.005084534023382825,-0.002267927457215102,1.1600002032389802
sj_e2var,2022,2024,a3_load,A3 전시즌 경기당 대비 등판 투구수,>=1.50,8731,-0.15847770946916992,-2.0803994571854645,0.002647701494175092,-0.0005357910066713933,-0.002647701494175092,1.4303529710910359
sj_e2var,2022,2024,a3_load,A3 전시즌 경기당 대비 등판 투구수,전시즌없음,47286,0.5461936973085325,-5.262252611701655,0.005845983850770342,0.0034589744215963725,-0.005845983850770342,1.2337460830750602
sj_e2var,2022,2024,a3b_gp,A3b 등판 내 투구수,1-10,63628,-6.408946203248588,-6.248888232522933,0.009109525700860266,0.0015553468763257472,-0.009109525700860266,1.009196745200453
sj_e2var,2022,2024,a3b_gp,A3b 등판 내 투구수,11-20,41971,-5.090357614777548,-3.333526748639835,0.007017979592244872,-0.0011789387992937606,-0.007017979592244872,1.0575101082886402
sj_e2var,2022,2024,a3b_gp,A3b 등판 내 투구수,21-35,31720,-0.8082608437891459,-1.4233661037404302,0.004395453812810257,0.000625161375212957,-0.004395453812810257,1.1184673479983125
sj_e2var,2022,2024,a3b_gp,A3b 등판 내 투구수,36-60,36939,-0.0956129509987562,0.3484604745891599,0.005064776475696697,0.002393755622398186,-0.005064776475696697,1.0740832780582745
sj_e2var,2022,2024,a3b_gp,A3b 등판 내 투구수,61-80,25270,-2.6887525044389466,-2.580455768420771,0.006747837177093596,-0.000903434510873935,-0.006747837177093596,1.0078893239809545
sj_e2var,2022,2024,a3b_gp,A3b 등판 내 투구수,81+,17496,-4.921990978484397,-4.884772584242622,0.011803321640812547,-0.0005636872896453982,-0.011803321640812547,1.169789795066584
sj_e2var,2022,2024,a4_prevp,A4 전시즌 투구수,없음,47286,0.5461936973085325,-5.262252611701655,0.005845983850770342,0.0034589744215963725,-0.005845983850770342,1.2337460830750602
sj_e2var,2022,2024,a4_prevp,A4 전시즌 투구수,1-200,12427,-0.4608457886658043,-0.49852440447178575,0.01978317488442638,0.00938309155290884,-0.01978317488442638,0.9919687601433277
sj_e2var,2022,2024,a4_prevp,A4 전시즌 투구수,201-600,23871,0.7664431106546977,0.26761562079637174,0.00823883968195166,0.005176571685213516,-0.00823883968195166,0.9418622895553955
sj_e2var,2022,2024,a4_prevp,A4 전시즌 투구수,601-1200,50346,-3.523027639332381,-2.2221397977057635,0.004159353894743922,-0.0024840464799251727,-0.004159353894743922,1.044660924173352
sj_e2var,2022,2024,a4_prevp,A4 전시즌 투구수,1201-2000,31403,-1.7218537501231337,-1.2475163780871927,0.007974110193853745,0.0021218053034509077,-0.007974110193853745,1.0715149960856205
sj_e2var,2022,2024,a4_prevp,A4 전시즌 투구수,2001-2600,25524,-4.890974524720831,-4.000930368663876,0.010325901730585896,0.00012895575956606287,-0.010325901730585896,0.9443494401740554
sj_e2var,2022,2024,a4_prevp,A4 전시즌 투구수,2601+,26167,-7.828990586009919,-7.973536734466811,0.006796507493175397,-0.008543281042865392,-0.006796507493175397,0.9943509591948175
sj_e2var,2022,2024,a5_asofn,A5 투수 누적 이력,0-99,4387,0.9094474713936227,0.681880130379438,0.0073285082536961865,0.011337666108726552,-0.0073285082536961865,1.126086513737234
sj_e2var,2022,2024,a5_asofn,A5 투수 누적 이력,100-499,16944,-1.7852129811003343,-0.6405190936968382,0.006430204291111685,-0.0012296078960176149,-0.006430204291111685,1.0716803311847871
sj_e2var,2022,2024,a5_asofn,A5 투수 누적 이력,500-1499,42035,-3.3979748128126337,-5.8624480596865824,0.00836580426452721,0.0015617301549921137,-0.00836580426452721,1.1582330561112175
sj_e2var,2022,2024,a5_asofn,A5 투수 누적 이력,1500-3999,76996,-2.5581233886536854,-2.296652862789867,0.005245888741870819,0.0009049237950649047,-0.005245888741870819,1.1388511138177853
sj_e2var,2022,2024,a5_asofn,A5 투수 누적 이력,4000-7999,60064,-14.444980503563507,-14.082708742905883,0.010083303682515976,-0.001428194610135547,-0.010083303682515976,1.0048309872709678
sj_e2var,2022,2024,a5_asofn,A5 투수 누적 이력,8000+,16598,-0.13884051507133577,-0.04849126527471013,0.006331832538678972,0.0028075516323781136,-0.006331832538678972,0.9428416576838538
sj_e2var,2022,2024,a6_psucc,A6 투수 수준 5분위,Q1 최저,33663,1.143725768768484,1.43606592135227,0.008012890598245004,0.00515664695258139,-0.008012890598245004,1.0220444440276673
sj_e2var,2022,2024,a6_psucc,A6 투수 수준 5분위,Q2,40640,2.0205882528691537,1.925390032172927,0.0052977561593332,0.005194689739676572,-0.0052977561593332,1.0221511024148198
sj_e2var,2022,2024,a6_psucc,A6 투수 수준 5분위,Q3,44222,-11.138229550319119,-12.117389046785492,0.00950863379225575,-0.002431129833644352,-0.00950863379225575,1.1034517094372776
sj_e2var,2022,2024,a6_psucc,A6 투수 수준 5분위,Q4,52849,-14.101435533513415,-16.104257604320487,0.008551597488645646,-0.00418815756706592,-0.008551597488645646,1.0636200281228307
sj_e2var,2022,2024,a6_psucc,A6 투수 수준 5분위,Q5 최고,45604,-0.09708772688894683,-1.81407879447242,0.003316823391146473,0.0014842979090576858,-0.003316823391146473,1.310115748927635
sj_e2var,2022,2024,a7_inning,A7 이닝,1-3회,72677,-2.0221986992426824,-2.795263735460886,0.0050994583797503434,0.0010696092990659656,-0.0050994583797503434,1.099948847216258
sj_e2var,2022,2024,a7_inning,A7 이닝,4-6회,72335,-12.518776294788145,-11.930941968739388,0.009952257417468136,0.0002589111737760774,-0.009952257417468136,1.0191860680278797
sj_e2var,2022,2024,a7_inning,A7 이닝,7-8회,49396,-8.776231265743876,-7.829030146075748,0.006566154693230963,-0.004056977054163635,-0.006566154693230963,1.01471826965088
sj_e2var,2022,2024,a7_inning,A7 이닝,9회+,22616,3.8158177518779284,2.557491556686868,0.006812442222978332,0.010124578587458077,-0.006812442222978332,1.1581054495843355
sj_e2var,2022,2024,a8_hand,A8 손 매치업,1v1,26793,-2.7035748476536274,-2.755479154223969,0.013596138858556317,0.004784829322093398,-0.013596138858556317,0.974128693209553
sj_e2var,2022,2024,a8_hand,A8 손 매치업,1v2,27640,0.0012595379546701793,-5.786359086600547,-5.1535816998793393e-05,-0.00026562809485985994,5.1535816998793393e-05,1.2305230917433567
sj_e2var,2022,2024,a8_hand,A8 손 매치업,2v1,83214,-7.31691921784278,-3.947487515297734,0.005357371747875206,-0.001773509257753103,-0.005357371747875206,1.0811730063101017
sj_e2var,2022,2024,a8_hand,A8 손 매치업,2v2,79377,-9.961173660411845,-14.483461323437684,0.010381843708489547,0.0019119668599155704,-0.010381843708489547,0.9449292182056196
sj_e2var,2022,2024,a9_batn,A9 타자 누적 이력,0-99,3441,-5.832722887031425,-3.9684442600655205,0.026933817376171676,-0.0036050311526543144,-0.026933817376171676,1.2245596382481367
sj_e2var,2022,2024,a9_batn,A9 타자 누적 이력,100-499,14808,-5.641908188170012,-5.776340637835889,0.010217049607140094,-0.005007228245078932,-0.010217049607140094,0.9632782136423652
sj_e2var,2022,2024,a9_batn,A9 타자 누적 이력,500-1499,34054,-8.014043134356553,-6.5596170896428285,0.008814209391073746,-0.002835491835913917,-0.008814209391073746,1.0660534696084756
sj_e2var,2022,2024,a9_batn,A9 타자 누적 이력,1500-3999,50087,-1.4964476241418105,-2.1351778952016685,0.003543813257667394,-0.0005150597726391037,-0.003543813257667394,1.1194282042249684
sj_e2var,2022,2024,a9_batn,A9 타자 누적 이력,4000+,114634,-3.34537971385931,-1.3550616359323109,0.007844694305878475,0.00291321031641234,-0.007844694305878475,1.0381036217196038
sj_e2var,2022,2024,a10_base,A10 주자 상황,___,116959,-4.16704635551521,-4.345506187121118,0.009256030988912534,0.0035838628393239924,-0.009256030988912534,0.9996109013916492
sj_e2var,2022,2024,a10_base,A10 주자 상황,1__,43047,-6.140650716992779,-3.531203156676082,0.005510114825454826,-0.004267656350624094,-0.005510114825454826,1.092892694343914
sj_e2var,2022,2024,a10_base,A10 주자 상황,_2_,16187,0.40929608679984936,-0.0267415293802386,-0.004064155542120085,-0.003719776863232216,0.004064155542120085,1.0886984273178042
sj_e2var,2022,2024,a10_base,A10 주자 상황,__3,5285,0.008828516043272835,0.1915906975918399,-0.00022137995296322988,-0.0021575989969991882,0.00022137995296322988,1.104915585506782
sj_e2var,2022,2024,a10_base,A10 주자 상황,12_,17551,-3.4756992003684077,-4.335799860611541,0.010827791565531097,0.0004526065921075517,-0.010827791565531097,1.1815860505200946
sj_e2var,2022,2024,a10_base,A10 주자 상황,1_3,6960,-0.9961805543702007,-1.0371728854998552,0.005722125406326828,-0.003924182717241376,-0.005722125406326828,0.9804346677469034
sj_e2var,2022,2024,a10_base,A10 주자 상황,_23,4595,-0.5074032542577703,-0.31910094073753625,0.002217281218549083,-0.012400915083869979,-0.002217281218549083,1.1015370323382032
sj_e2var,2022,2024,a10_base,A10 주자 상황,123,6440,-0.3212864873131377,1.886767579216411,0.01364615200777719,0.005831352742111995,-0.01364615200777719,1.3392094082771744
sj_e2var,2022,2024,a11_typemo,A11 game_type x 월블록,R|early,75061,-9.925033409299154,-0.7909377409945099,0.003654987555973266,-0.007986049464503875,-0.003654987555973266,1.1458220565916566
sj_e2var,2022,2024,a11_typemo,A11 game_type x 월블록,R|mid,64405,-3.273263550276825,-2.5955120441827706,0.0072740497805589,0.001741719347087889,-0.0072740497805589,1.0708855247323803
sj_e2var,2022,2024,a11_typemo,A11 game_type x 월블록,R|late,77558,6.719448395851689,5.788493292188682,0.011809573470947576,0.007894850174781809,-0.011809573470947576,0.9080467605223168
sj_e2var,2022,2024,a12_role,A12 투수 역할(전시즌),불펜(<30구/경기),65155,-10.092588301900834,-7.793226054743991,0.008605498127074951,-0.0005800955738611835,-0.008605498127074951,1.0635400716083978
sj_e2var,2022,2024,a12_role,A12 투수 역할(전시즌),스윙(30-70),33492,0.681672151445544,-1.1320035800278407,0.005281707173632411,0.0036861856262517256,-0.005281707173632411,0.8756974639952019
sj_e2var,2022,2024,a12_role,A12 투수 역할(전시즌),선발(>=70),71091,-10.941092939457079,-10.406072393487543,0.007556355483277488,-0.001746765425008956,-0.007556355483277488,1.0224599963128886
sj_e2var,2022,2024,a12_role,A12 투수 역할(전시즌),전시즌없음,47286,0.5461936973085325,-5.262252611701655,0.005845983850770342,0.0034589744215963725,-0.005845983850770342,1.2337460830750602
sj_e2var,2022,2024,a13_tens,A13 이닝 x 점수차,초반|0-1점,52862,-0.8375664905968334,-0.517080386709556,0.0066179060208220175,0.0026594977786862373,-0.0066179060208220175,1.1011939286225692
sj_e2var,2022,2024,a13_tens,A13 이닝 x 점수차,초반|2-3점,14390,-0.642585782122648,-0.6411395439236275,0.005650376715082617,0.0006813747340549403,-0.005650376715082617,0.9990698803431735
sj_e2var,2022,2024,a13_tens,A13 이닝 x 점수차,초반|4점+,5425,1.3827563973710784,-0.39795445710468696,-0.0069832603559535356,-0.013392692898018588,0.0069832603559535356,1.3894990011565573
sj_e2var,2022,2024,a13_tens,A13 이닝 x 점수차,중반|0-1점,30302,0.05473480297873719,-0.40078072915393,0.00866778258399431,0.004390421211604267,-0.00866778258399431,0.9824869366048913
sj_e2var,2022,2024,a13_tens,A13 이닝 x 점수차,중반|2-3점,24508,-16.267588916975466,-16.968816715822204,0.012860698486055477,-0.00757019353508015,-0.012860698486055477,0.972208410383532
sj_e2var,2022,2024,a13_tens,A13 이닝 x 점수차,중반|4점+,17525,-0.032949428764465265,-1.5590105845857793,0.008251447347633667,0.004063914371401467,-0.008251447347633667,1.123887623690928
sj_e2var,2022,2024,a13_tens,A13 이닝 x 점수차,후반|0-1점,24933,-1.2213490561138638,-1.2464517029638986,0.0028023781436614104,-0.0033404952645142982,-0.0028023781436614104,0.9983318232779038
sj_e2var,2022,2024,a13_tens,A13 이닝 x 점수차,후반|2-3점,21189,-5.828689512430412,-5.871650268095735,0.014587199638779635,0.002178163934782651,-0.014587199638779635,1.001934229931934
sj_e2var,2022,2024,a13_tens,A13 이닝 x 점수차,후반|4점+,25890,0.20834375441931588,-0.5964304775069796,0.003979283267298128,0.002538218755601007,-0.003979283267298128,1.160810089161585
sj_e2var,2024,2022,a1_count,A1 볼카운트,0-0,57385,-2.054139525000317,-1.9761795485870737,-0.0010272773537199908,0.009217002476198388,0.0010272773537199908,1.084885708290842
sj_e2var,2024,2022,a1_count,A1 볼카운트,0-1,27768,-0.43791255286470604,-0.21589407465369032,-0.004258293943206204,-0.0010949463963892958,0.004258293943206204,1.0743290313396663
sj_e2var,2024,2022,a1_count,A1 볼카운트,0-2,14321,0.9428135327581071,3.258638854300728,0.007950759571588473,0.006287665308331192,-0.007950759571588473,0.8377213513928685
sj_e2var,2024,2022,a1_count,A1 볼카운트,1-0,23181,2.745610813619227,3.744921868470726,0.0033352142597383727,0.011584615702320555,-0.0033352142597383727,1.0779766632693768
sj_e2var,2024,2022,a1_count,A1 볼카운트,1-1,22332,-5.12991021620334,-2.8601655260047685,-0.004089172345203007,0.013642574612388214,0.004089172345203007,1.067207162165937
sj_e2var,2024,2022,a1_count,A1 볼카운트,1-2,21751,-0.15060438283951566,-1.7774365354450226,-0.0009175004080690385,0.0016486631813997787,0.0009175004080690385,0.8791274001944972
sj_e2var,2024,2022,a1_count,A1 볼카운트,2-0,8177,1.1734258651402447,-0.5572407316668951,0.0034741501419537912,0.013271891668675151,-0.0034741501419537912,1.247900408060764
sj_e2var,2024,2022,a1_count,A1 볼카운트,2-1,11832,1.4956841468325432,2.12122494398556,0.0028990997396750595,0.013625873722244441,-0.0028990997396750595,1.1946093792720767
sj_e2var,2024,2022,a1_count,A1 볼카운트,2-2,18384,0.026164221377939365,0.018265400924698694,0.0005596182057940879,0.0009899975233676472,-0.0005596182057940879,1.0606089972117645
sj_e2var,2024,2022,a1_count,A1 볼카운트,3-0,2736,-1.541949932296213,-11.028094722674034,0.008367606173721842,-0.014624541177123918,-0.008367606173721842,0.43623924033082373
sj_e2var,2024,2022,a1_count,A1 볼카운트,3-1,5227,0.8681628606705502,1.5602854878991024,0.009197592456784531,0.009641601042553072,-0.009197592456784531,1.0614930455854954
sj_e2var,2024,2022,a1_count,A1 볼카운트,3-2,10403,2.3144339876038664,2.2174295674583333,0.008875317045297426,0.011437689176290566,-0.008875317045297426,0.9668053695415513
sj_e2var,2024,2022,a1b_phase,A1b 카운트 국면,초구 0-0,57385,-2.054139525000317,-1.9761795485870737,-0.0010272773537199908,0.009217002476198388,0.0010272773537199908,1.084885708290842
sj_e2var,2024,2022,a1b_phase,A1b 카운트 국면,투수우위 0-1,27768,-0.43791255286470604,-0.21589407465369032,-0.004258293943206204,-0.0010949463963892958,0.004258293943206204,1.0743290313396663
sj_e2var,2024,2022,a1b_phase,A1b 카운트 국면,평행 1-1,22332,-5.12991021620334,-2.8601655260047685,-0.004089172345203007,0.013642574612388214,0.004089172345203007,1.067207162165937
sj_e2var,2024,2022,a1b_phase,A1b 카운트 국면,타자우위 1-0/2-0/2-1,43190,5.433105461021356,6.8234003512493295,0.0032396257017706653,0.012463268642089464,-0.0032396257017706653,1.141246034614434
sj_e2var,2024,2022,a1b_phase,A1b 카운트 국면,2스트라이크,54456,0.628551861525555,0.7232259388217386,0.0019004154765641657,0.00264628034025316,-0.0019004154765641657,0.9406138558635986
sj_e2var,2024,2022,a1b_phase,A1b 카운트 국면,3볼,7963,-0.8032383744492937,-4.956739010728396,0.008922265420103381,0.0013040190868785495,-0.008922265420103381,0.8531041101448696
sj_e2var,2024,2022,a1b_phase,A1b 카운트 국면,풀카운트,10403,2.3144339876038664,2.2174295674583333,0.008875317045297426,0.011437689176290566,-0.008875317045297426,0.9668053695415513
sj_e2var,2024,2022,a2_li,A2 경기 중요도 li,li<0.10,24526,0.15982744504379973,-2.9709024501115455,0.00790508929557815,0.004182750028775439,-0.00790508929557815,0.9104573749387181
sj_e2var,2024,2022,a2_li,A2 경기 중요도 li,0.10-0.35,28107,-0.6267501172194373,-0.45218295279099746,-0.000926591328417381,0.0062570144841599395,0.000926591328417381,1.1387044192076803
sj_e2var,2024,2022,a2_li,A2 경기 중요도 li,0.35-0.70,49973,0.05109216204532752,-1.2651969998139925,2.34826911386099e-05,0.012169922524870758,-2.34826911386099e-05,0.9738188322771106
sj_e2var,2024,2022,a2_li,A2 경기 중요도 li,0.70-1.20,57499,-0.4050637625319777,-1.6157987679053154,-0.00048622054097513523,0.003802904058455403,0.00048622054097513523,1.0643404147132018
sj_e2var,2024,2022,a2_li,A2 경기 중요도 li,1.20-2.00,41631,-0.8687502121006354,-0.051399100247526495,-0.0007228512687750266,0.007700276559171937,0.0007228512687750266,1.1132274349752955
sj_e2var,2024,2022,a2_li,A2 경기 중요도 li,li>=2.00,21761,1.1682868606806895,2.723819767562962,0.001942458917168044,0.008689436405339424,-0.001942458917168044,1.1181925718951888
sj_e2var,2024,2022,a3_load,A3 전시즌 경기당 대비 등판 투구수,<0.25,42782,-0.011224520557655588,-1.0888307385099718,-1.5778951301559374e-05,0.004635404691089806,1.5778951301559374e-05,1.055870576470715
sj_e2var,2024,2022,a3_load,A3 전시즌 경기당 대비 등판 투구수,0.25-0.50,39845,1.3328487906875253,1.0413910129924309,0.0012721790664704802,0.007978800342789139,-0.0012721790664704802,1.0645642783154736
sj_e2var,2024,2022,a3_load,A3 전시즌 경기당 대비 등판 투구수,0.50-0.75,33206,-1.4103506976254732,-3.1365731311928413,-0.001146744262078836,0.009769510496979106,0.001146744262078836,1.0636563047034633
sj_e2var,2024,2022,a3_load,A3 전시즌 경기당 대비 등판 투구수,0.75-1.00,26002,-2.911728302672544,-2.105384033689642,-0.003254746511936246,0.007980439743564383,0.003254746511936246,1.1434382016375986
sj_e2var,2024,2022,a3_load,A3 전시즌 경기당 대비 등판 투구수,1.00-1.25,12785,0.8166846103494331,2.0869029979743954,0.0010380029307523464,0.017704125761030642,-0.0010380029307523464,1.1402393862159765
sj_e2var,2024,2022,a3_load,A3 전시즌 경기당 대비 등판 투구수,1.25-1.50,5772,-0.028831569940809983,-0.18549048464810777,0.005084534023382825,0.002267927457215102,-0.005084534023382825,0.9739282151172052
sj_e2var,2024,2022,a3_load,A3 전시즌 경기당 대비 등판 투구수,>=1.50,12990,-0.07266653418665911,2.8122008231266387,-0.0005357910066713933,0.002647701494175092,0.0005357910066713933,1.1362212007351398
sj_e2var,2024,2022,a3_load,A3 전시즌 경기당 대비 등판 투구수,전시즌없음,50115,2.555319637758919,3.4427867075333216,0.0034589744215963725,0.005845983850770342,-0.0034589744215963725,1.0113505510601855
sj_e2var,2024,2022,a3b_gp,A3b 등판 내 투구수,1-10,67227,3.119715102369365,3.518432823469651,0.0015553468763257472,0.009109525700860266,-0.0015553468763257472,1.0358303897787966
sj_e2var,2024,2022,a3b_gp,A3b 등판 내 투구수,11-20,46277,-1.4862706068073397,-0.22525373211158092,-0.0011789387992937606,0.007017979592244872,0.0011789387992937606,1.1129738710096722
sj_e2var,2024,2022,a3b_gp,A3b 등판 내 투구수,21-35,33726,0.3082657252745783,0.6665759153323625,0.000625161375212957,0.004395453812810257,-0.000625161375212957,1.0118890724780605
sj_e2var,2024,2022,a3b_gp,A3b 등판 내 투구수,36-60,36847,1.2216854884930841,2.008541375404029,0.002393755622398186,0.005064776475696697,-0.002393755622398186,1.0551287550744541
sj_e2var,2024,2022,a3b_gp,A3b 등판 내 투구수,61-80,24208,-0.5638500051762362,-0.9882467418244115,-0.000903434510873935,0.006747837177093596,0.000903434510873935,1.0965165430375077
sj_e2var,2024,2022,a3b_gp,A3b 등판 내 투구수,81+,15212,-0.37109024287801573,0.848406063376891,-0.0005636872896453982,0.011803321640812547,0.0005636872896453982,1.0939423793336558
sj_e2var,2024,2022,a4_prevp,A4 전시즌 투구수,없음,50115,2.555319637758919,3.4427867075333216,0.0034589744215963725,0.005845983850770342,-0.0034589744215963725,1.0113505510601855
sj_e2var,2024,2022,a4_prevp,A4 전시즌 투구수,1-200,12654,6.416708189793877,3.8603368779347154,0.00938309155290884,0.01978317488442638,-0.00938309155290884,0.8183529750989028
sj_e2var,2024,2022,a4_prevp,A4 전시즌 투구수,201-600,24568,2.5733889709490616,2.552354194179945,0.005176571685213516,0.00823883968195166,-0.005176571685213516,0.9760137741252034
sj_e2var,2024,2022,a4_prevp,A4 전시즌 투구수,601-1200,65402,-3.1423722494818587,-1.85604709398585,-0.0024840464799251727,0.004159353894743922,0.0024840464799251727,1.0856232170128575
sj_e2var,2024,2022,a4_prevp,A4 전시즌 투구수,1201-2000,27214,1.4294859402755764,-4.830171065741577,0.0021218053034509077,0.007974110193853745,-0.0021218053034509077,1.2217113129007529
sj_e2var,2024,2022,a4_prevp,A4 전시즌 투구수,2001-2600,23868,0.11310108773985202,0.6296667192147413,0.00012895575956606287,0.010325901730585896,-0.00012895575956606287,0.8843081603316403
sj_e2var,2024,2022,a4_prevp,A4 전시즌 투구수,2601+,19676,-6.662524938028798,-6.587790523758588,-0.008543281042865392,0.006796507493175397,0.008543281042865392,1.1030514731848187
sj_e2var,2024,2022,a5_asofn,A5 투수 누적 이력,0-99,3959,0.26676856409335703,0.376641491131596,0.011337666108726552,0.0073285082536961865,-0.011337666108726552,1.0482845298238814
sj_e2var,2024,2022,a5_asofn,A5 투수 누적 이력,100-499,17177,-0.5328412598080243,0.18998105975310128,-0.0012296078960176149,0.006430204291111685,0.0012296078960176149,1.1549676094898786
sj_e2var,2024,2022,a5_asofn,A5 투수 누적 이력,500-1499,39741,1.6857736931585965,-1.9801898281807389,0.0015617301549921137,0.00836580426452721,-0.0015617301549921137,0.9382749387468742
sj_e2var,2024,2022,a5_asofn,A5 투수 누적 이력,1500-3999,72150,1.120719244200737,4.596802403801422,0.0009049237950649047,0.005245888741870819,-0.0009049237950649047,1.0586627806121265
sj_e2var,2024,2022,a5_asofn,A5 투수 누적 이력,4000-7999,51095,-2.8215477577713517,-4.28725782422761,-0.001428194610135547,0.010083303682515976,0.001428194610135547,1.1496083138742275
sj_e2var,2024,2022,a5_asofn,A5 투수 누적 이력,8000+,39375,1.9508613234307177,1.7497286906015088,0.0028075516323781136,0.006331832538678972,-0.0028075516323781136,0.9005981830873447
sj_e2var,2024,2022,a6_psucc,A6 투수 수준 5분위,Q1 최저,54380,5.457251149976156,3.9209408396901266,0.00515664695258139,0.008012890598245004,-0.00515664695258139,1.159446305342311
sj_e2var,2024,2022,a6_psucc,A6 투수 수준 5분위,Q2,52532,2.6388569395543966,2.517424065320312,0.005194689739676572,0.0052977561593332,-0.005194689739676572,0.9770042476362968
sj_e2var,2024,2022,a6_psucc,A6 투수 수준 5분위,Q3,48603,-4.537728043627453,-4.17339136301896,-0.002431129833644352,0.00950863379225575,0.002431129833644352,1.039738239395043
sj_e2var,2024,2022,a6_psucc,A6 투수 수준 5분위,Q4,40380,-6.447108282749715,-6.383126939008354,-0.00418815756706592,0.008551597488645646,0.00418815756706592,0.9770812046777462
sj_e2var,2024,2022,a6_psucc,A6 투수 수준 5분위,Q5 최고,27565,0.3772278736324031,4.068231486096024,0.0014842979090576858,0.003316823391146473,-0.0014842979090576858,1.121791358932848
sj_e2var,2024,2022,a7_inning,A7 이닝,1-3회,75125,1.3134691448250813,2.20726094082199,0.0010696092990659656,0.0050994583797503434,-0.0010696092990659656,1.015269078548248
sj_e2var,2024,2022,a7_inning,A7 이닝,4-6회,74465,0.6781734008941728,1.4548806741112892,0.0002589111737760774,0.009952257417468136,-0.0002589111737760774,1.044186519455402
sj_e2var,2024,2022,a7_inning,A7 이닝,7-8회,51708,-6.456401453751147,-8.59989510097284,-0.004056977054163635,0.006566154693230963,0.004056977054163635,1.193958421634564
sj_e2var,2024,2022,a7_inning,A7 이닝,9회+,22199,1.4086034515938477,1.9225715762933653,0.010124578587458077,0.006812442222978332,-0.010124578587458077,1.0290446355704623
sj_e2var,2024,2022,a8_hand,A8 손 매치업,1v1,28390,5.4500016615071685,5.492527018467937,0.004784829322093398,0.013596138858556317,-0.004784829322093398,0.9889993481133406
sj_e2var,2024,2022,a8_hand,A8 손 매치업,1v2,37565,-0.0029042501628797034,-3.8017873942388265,-0.00026562809485985994,-5.1535816998793393e-05,0.00026562809485985994,0.9381120100796002
sj_e2var,2024,2022,a8_hand,A8 손 매치업,2v1,80544,-3.1940427170609955,-1.0699022599989403,-0.001773509257753103,0.005357371747875206,0.001773509257753103,1.124683500373589
sj_e2var,2024,2022,a8_hand,A8 손 매치업,2v2,76998,4.9691623376931044,4.393781591292541,0.0019119668599155704,0.010381843708489547,-0.0019119668599155704,1.0529866791138485
sj_e2var,2024,2022,a9_batn,A9 타자 누적 이력,0-99,1821,-0.6755425312757111,0.2831830792051825,-0.0036050311526543144,0.026933817376171676,0.0036050311526543144,1.3170215897164914
sj_e2var,2024,2022,a9_batn,A9 타자 누적 이력,100-499,9837,-2.243738365790309,-2.762073846488538,-0.005007228245078932,0.010217049607140094,0.005007228245078932,0.9149374638626241
sj_e2var,2024,2022,a9_batn,A9 타자 누적 이력,500-1499,24706,-2.566798961562995,-1.6483407586596002,-0.002835491835913917,0.008814209391073746,0.002835491835913917,1.0945895305899425
sj_e2var,2024,2022,a9_batn,A9 타자 누적 이력,1500-3999,51239,-0.35925079174873753,0.7176288336978112,-0.0005150597726391037,0.003543813257667394,0.0005150597726391037,1.0245451078997019
sj_e2var,2024,2022,a9_batn,A9 타자 누적 이력,4000+,135894,9.056188878090325,10.245803866104007,0.00291321031641234,0.007844694305878475,-0.00291321031641234,1.0779294468581877
sj_e2var,2024,2022,a10_base,A10 주자 상황,___,116958,11.203690925895975,11.159852882441518,0.0035838628393239924,0.009256030988912534,-0.0035838628393239924,1.046318707423073
sj_e2var,2024,2022,a10_base,A10 주자 상황,1__,44920,-5.247458475654534,-3.0291199939917495,-0.004267656350624094,0.005510114825454826,0.004267656350624094,1.1228118430065681
sj_e2var,2024,2022,a10_base,A10 주자 상황,_2_,17468,0.5128928854288598,0.5046573796154595,-0.003719776863232216,-0.004064155542120085,0.003719776863232216,0.9983458562160812
sj_e2var,2024,2022,a10_base,A10 주자 상황,__3,5733,-0.03797942932412231,0.17539044417259894,-0.0021575989969991882,-0.00022137995296322988,0.0021575989969991882,1.1212684709822074
sj_e2var,2024,2022,a10_base,A10 주자 상황,12_,18986,0.32622975564738077,0.313846145383948,0.0004526065921075517,0.010827791565531097,-0.0004526065921075517,0.9995617348129852
sj_e2var,2024,2022,a10_base,A10 주자 상황,1_3,7419,-0.8011181687676585,-0.7850415526272158,-0.003924182717241376,0.005722125406326828,0.003924182717241376,1.009116639005205
sj_e2var,2024,2022,a10_base,A10 주자 상황,_23,4798,-1.793543039694505,-1.5685529306216697,-0.012400915083869979,0.002217281218549083,0.012400915083869979,1.04514382282155
sj_e2var,2024,2022,a10_base,A10 주자 상황,123,7215,1.6166909354740242,5.242544902276486,0.005831352742111995,0.01364615200777719,-0.005831352742111995,1.291373549033758
sj_e2var,2024,2022,a11_typemo,A11 game_type x 월블록,R|early,87355,-19.106041776453694,-8.674846294070797,-0.007986049464503875,0.003654987555973266,0.007986049464503875,1.166552458100559
sj_e2var,2024,2022,a11_typemo,A11 game_type x 월블록,R|mid,68816,2.748314184222044,4.116051524048113,0.001741719347087889,0.0072740497805589,-0.001741719347087889,1.0333070039981669
sj_e2var,2024,2022,a11_typemo,A11 game_type x 월블록,R|late,67326,14.9647795480867,16.077646504955208,0.007894850174781809,0.011809573470947576,-0.007894850174781809,0.956766545965866
sj_e2var,2024,2022,a12_role,A12 투수 역할(전시즌),불펜(<30구/경기),79963,-1.4776229194360369,0.700045443345486,-0.0005800955738611835,0.008605498127074951,0.0005800955738611835,1.0947744985533645
sj_e2var,2024,2022,a12_role,A12 투수 역할(전시즌),스윙(30-70),31678,1.4378739327219965,1.5457330079344942,0.0036861856262517256,0.005281707173632411,-0.0036861856262517256,0.9959171424992381
sj_e2var,2024,2022,a12_role,A12 투수 역할(전시즌),선발(>=70),61741,-3.255552589993437,-5.860895171326815,-0.001746765425008956,0.007556355483277488,0.001746765425008956,1.1081901461596129
sj_e2var,2024,2022,a12_role,A12 투수 역할(전시즌),전시즌없음,50115,2.555319637758919,3.4427867075333216,0.0034589744215963725,0.005845983850770342,-0.0034589744215963725,1.0113505510601855
sj_e2var,2024,2022,a13_tens,A13 이닝 x 점수차,초반|0-1점,50063,2.5212925244947613,4.023150368342865,0.0026594977786862373,0.0066179060208220175,-0.0026594977786862373,1.0441496957825442
sj_e2var,2024,2022,a13_tens,A13 이닝 x 점수차,초반|2-3점,17952,0.23257892557351806,-0.07557925239581013,0.0006813747340549403,0.005650376715082617,-0.0006813747340549403,0.9435546544248188
sj_e2var,2024,2022,a13_tens,A13 이닝 x 점수차,초반|4점+,7110,0.09783437895804878,0.015867271982034043,-0.013392692898018588,-0.0069832603559535356,0.013392692898018588,0.9978996378099313
sj_e2var,2024,2022,a13_tens,A13 이닝 x 점수차,중반|0-1점,27628,2.8114794019529463,1.2898368529156568,0.004390421211604267,0.00866778258399431,-0.004390421211604267,1.1154952240795033
sj_e2var,2024,2022,a13_tens,A13 이닝 x 점수차,중반|2-3점,24982,-11.273041793165392,-11.211833260745422,-0.00757019353508015,0.012860698486055477,0.00757019353508015,1.0597650263653062
sj_e2var,2024,2022,a13_tens,A13 이닝 x 점수차,중반|4점+,21855,1.9781195113667402,-0.813149442587679,0.004063914371401467,0.008251447347633667,-0.004063914371401467,0.9099050151091073
sj_e2var,2024,2022,a13_tens,A13 이닝 x 점수차,후반|0-1점,22754,-1.2174007321152223,-1.2700617785573405,-0.0033404952645142982,0.0028023781436614104,0.0033404952645142982,1.063719878058791
sj_e2var,2024,2022,a13_tens,A13 이닝 x 점수차,후반|2-3점,21063,2.217616184818301,-2.4620366878217856,0.002178163934782651,0.014587199638779635,-0.002178163934782651,1.3025485716330354
sj_e2var,2024,2022,a13_tens,A13 이닝 x 점수차,후반|4점+,30090,0.7412262234493364,1.7382240861104516,0.002538218755601007,0.003979283267298128,-0.002538218755601007,1.0394042421574987
cw_v17_base,2022,2024,a1_count,A1 볼카운트,0-0,56002,-16.388637658089863,-16.868882415794822,0.012435760991100497,-0.0001656518221498926,-0.012435760991100497,0.9868661647188712
cw_v17_base,2022,2024,a1_count,A1 볼카운트,0-1,27455,-1.2491870609606093,-1.1609716534397547,0.0025811206974960532,-0.0034912442746929395,-0.0025811206974960532,1.0082171067663817
cw_v17_base,2022,2024,a1_count,A1 볼카운트,0-2,13808,1.0744283239710508,2.15879306524185,0.009447641866887513,0.006957996819311696,-0.009447641866887513,0.7267339990791069
cw_v17_base,2022,2024,a1_count,A1 볼카운트,1-0,22089,-3.750344689042687,-3.5885542080652075,0.014846161304377159,0.004320842985008233,-0.014846161304377159,1.0399102832812535
cw_v17_base,2022,2024,a1_count,A1 볼카운트,1-1,22133,-16.828916076181514,-17.904722885124894,0.017079176318185618,-0.0035369664746178753,-0.017079176318185618,1.16871675833843
cw_v17_base,2022,2024,a1_count,A1 볼카운트,1-2,21152,-1.7082203297265346,-1.625289074000677,0.004689020428875756,-0.002327507010822183,-0.004689020428875756,0.9970818199910669
cw_v17_base,2022,2024,a1_count,A1 볼카운트,2-0,7519,-2.0780816474223633,-2.6623166768426194,0.01611580512509303,0.0034058498541099658,-0.01611580512509303,0.9614153718545959
cw_v17_base,2022,2024,a1_count,A1 볼카운트,2-1,11379,-3.9594703914566014,-3.1181109680051486,0.01757647609313734,0.003417978122901122,-0.01757647609313734,1.0768154882594132
cw_v17_base,2022,2024,a1_count,A1 볼카운트,2-2,17854,-0.7123111030395908,-0.7493858793627396,0.004588343329699263,-6.452660287992185e-05,-0.004588343329699263,1.0160970837452126
cw_v17_base,2022,2024,a1_count,A1 볼카운트,3-0,2406,-1.8788835655117913,-9.304390966728018,-0.01425548795599324,0.007732169097593555,0.01425548795599324,1.47173832158261
cw_v17_base,2022,2024,a1_count,A1 볼카운트,3-1,4847,0.5644459900210871,0.07418316909329344,0.010811389987461506,0.008327572134004646,-0.010811389987461506,1.224939439572108
cw_v17_base,2022,2024,a1_count,A1 볼카운트,3-2,10380,0.18012772540560185,0.11347661029951712,0.014142258560467524,0.00740398693591493,-0.014142258560467524,0.8962891559247357
cw_v17_base,2022,2024,a1b_phase,A1b 카운트 국면,초구 0-0,56002,-16.388637658089863,-16.868882415794822,0.012435760991100497,-0.0001656518221498926,-0.012435760991100497,0.9868661647188712
cw_v17_base,2022,2024,a1b_phase,A1b 카운트 국면,투수우위 0-1,27455,-1.2491870609606093,-1.1609716534397547,0.0025811206974960532,-0.0034912442746929395,-0.0025811206974960532,1.0082171067663817
cw_v17_base,2022,2024,a1b_phase,A1b 카운트 국면,평행 1-1,22133,-16.828916076181514,-17.904722885124894,0.017079176318185618,-0.0035369664746178753,-0.017079176318185618,1.16871675833843
cw_v17_base,2022,2024,a1b_phase,A1b 카운트 국면,타자우위 1-0/2-0/2-1,40987,-9.605816209603374,-8.651180680023852,0.01583451421251808,0.0039023314419057153,-0.01583451421251808,1.036343341087685
cw_v17_base,2022,2024,a1b_phase,A1b 카운트 국면,2스트라이크,52814,-2.401203351101468,-1.0777097210002389,0.005906468824323552,0.0008651594997600709,-0.005906468824323552,0.9428787071167906
cw_v17_base,2022,2024,a1b_phase,A1b 카운트 국면,3볼,7253,0.41331977981649315,-5.003979781239523,0.002198683965448145,0.008130062178730302,-0.002198683965448145,1.3044689864412025
cw_v17_base,2022,2024,a1b_phase,A1b 카운트 국면,풀카운트,10380,0.18012772540560185,0.11347661029951712,0.014142258560467524,0.00740398693591493,-0.014142258560467524,0.8962891559247357
cw_v17_base,2022,2024,a2_li,A2 경기 중요도 li,li<0.10,20377,2.1593691185446375,-2.458858095230383,0.006229232530576556,0.007729345344429039,-0.006229232530576556,1.1625356905597002
cw_v17_base,2022,2024,a2_li,A2 경기 중요도 li,0.10-0.35,24902,-4.3385529063126915,-4.25771004861929,0.00921455919877362,-0.0005216910797747332,-0.00921455919877362,1.0073628965155081
cw_v17_base,2022,2024,a2_li,A2 경기 중요도 li,0.35-0.70,48047,-20.958005441753674,-21.668315643346254,0.015637824225483987,0.0002523002420989906,-0.015637824225483987,1.0417247274249166
cw_v17_base,2022,2024,a2_li,A2 경기 중요도 li,0.70-1.20,58855,-6.556924360307931,-8.083565168634458,0.007424566907167529,-0.0003581419139371267,-0.007424566907167529,0.9474868713898394
cw_v17_base,2022,2024,a2_li,A2 경기 중요도 li,1.20-2.00,41808,-10.445598284082873,-10.051291513155407,0.010990454556811136,-0.0006714665178811918,-0.010990454556811136,1.0331188595624807
cw_v17_base,2022,2024,a2_li,A2 경기 중요도 li,li>=2.00,23035,-3.8030914477746314,-3.2665753555841675,0.011910605770999616,0.002195121341251216,-0.011910605770999616,1.0994521591186157
cw_v17_base,2022,2024,a3_load,A3 전시즌 경기당 대비 등판 투구수,<0.25,43866,-5.346655405859394,-6.406846427224778,0.007621315013134178,-0.0005276302912210484,-0.007621315013134178,0.9299191047376675
cw_v17_base,2022,2024,a3_load,A3 전시즌 경기당 대비 등판 투구수,0.25-0.50,40366,-8.082937846600034,-8.74480836190151,0.011119520485642853,0.0006747938978923784,-0.011119520485642853,0.9541124031121971
cw_v17_base,2022,2024,a3_load,A3 전시즌 경기당 대비 등판 투구수,0.50-0.75,34107,-13.441309924160368,-15.074392692169571,0.013081447188392992,-0.001631427607159841,-0.013081447188392992,0.8901766879920439
cw_v17_base,2022,2024,a3_load,A3 전시즌 경기당 대비 등판 투구수,0.75-1.00,25764,-9.838906126441604,-9.271583739699805,0.011315552550360486,-0.003497087206292604,-0.011315552550360486,1.0530155339414562
cw_v17_base,2022,2024,a3_load,A3 전시즌 경기당 대비 등판 투구수,1.00-1.25,11734,-8.199956417243794,-8.261847446443445,0.020467889521119498,0.0009723343613149416,-0.020467889521119498,1.1539760465012776
cw_v17_base,2022,2024,a3_load,A3 전시즌 경기당 대비 등판 투구수,1.25-1.50,5170,0.19885080434296593,-0.4923690644649203,0.004439564259906381,0.004569905029338295,-0.004439564259906381,1.1240495779716693
cw_v17_base,2022,2024,a3_load,A3 전시즌 경기당 대비 등판 투구수,>=1.50,8731,-0.5429165011759648,-4.314560343789362,0.005013267093260665,-0.0008580352604919961,-0.005013267093260665,1.401427992147785
cw_v17_base,2022,2024,a3_load,A3 전시즌 경기당 대비 등판 투구수,전시즌없음,47286,1.5225305545183099,-3.2406752643121766,0.009712158905033907,0.005755394316142248,-0.009712158905033907,1.1854925743465965
cw_v17_base,2022,2024,a3b_gp,A3b 등판 내 투구수,1-10,63628,-12.653454000200412,-13.035373037462888,0.011999623447191576,0.001504215351295357,-0.011999623447191576,0.9612832308421462
cw_v17_base,2022,2024,a3b_gp,A3b 등판 내 투구수,11-20,41971,-9.938903718429287,-9.48391478745086,0.010309918135848417,-0.001075614977049999,-0.010309918135848417,1.019598110764143
cw_v17_base,2022,2024,a3b_gp,A3b 등판 내 투구수,21-35,31720,-2.7647187984029125,-3.970232484547509,0.007833112410252863,0.0008981510102037404,-0.007833112410252863,1.0933234055859995
cw_v17_base,2022,2024,a3b_gp,A3b 등판 내 투구수,36-60,36939,-1.7483832317873678,-1.5966907457551502,0.008399617990633157,0.002671236378729902,-0.008399617990633157,1.0386750136546499
cw_v17_base,2022,2024,a3b_gp,A3b 등판 내 투구수,61-80,25270,-5.350896100267822,-5.580060686840747,0.010057235998191416,-0.0006827053279107043,-0.010057235998191416,0.984620195991658
cw_v17_base,2022,2024,a3b_gp,A3b 등판 내 투구수,81+,17496,-7.895522033681571,-8.575966983581234,0.015508784613939008,-0.00013890438119168458,-0.015508784613939008,1.138742052858345
cw_v17_base,2022,2024,a4_prevp,A4 전시즌 투구수,없음,47286,1.5225305545183099,-3.2406752643121766,0.009712158905033907,0.005755394316142248,-0.009712158905033907,1.1854925743465965
cw_v17_base,2022,2024,a4_prevp,A4 전시즌 투구수,1-200,12427,-0.7050761756511671,-0.6087306215660537,0.02025682082433533,0.009368622172604535,-0.02025682082433533,0.9392426978830294
cw_v17_base,2022,2024,a4_prevp,A4 전시즌 투구수,201-600,23871,-0.30283411266630994,-0.6362072409158892,0.010966277006893288,0.0051693268394914504,-0.010966277006893288,0.8703134840932844
cw_v17_base,2022,2024,a4_prevp,A4 전시즌 투구수,601-1200,50346,-7.150362247635869,-6.629692179842734,0.0065673599316763975,-0.002582648358391948,-0.0065673599316763975,1.0210614435806489
cw_v17_base,2022,2024,a4_prevp,A4 전시즌 투구수,1201-2000,31403,-8.199947810414757,-10.134703117155896,0.012919864268802428,0.0009774640804717794,-0.012919864268802428,1.058610636127781
cw_v17_base,2022,2024,a4_prevp,A4 전시즌 투구수,2001-2600,25524,-9.142653132075123,-7.538152589774486,0.01341853577266472,-0.0005319645931210482,-0.01341853577266472,0.9133310858246166
cw_v17_base,2022,2024,a4_prevp,A4 전시즌 투구수,2601+,26167,-16.266031333071417,-16.688542986735165,0.011334052697224983,-0.009210699592303029,-0.011334052697224983,0.9768531017802966
cw_v17_base,2022,2024,a5_asofn,A5 투수 누적 이력,0-99,4387,1.5034820411991219,1.3569228959043786,0.014403643204398353,0.013656169451582212,-0.014403643204398353,1.0518671023062938
cw_v17_base,2022,2024,a5_asofn,A5 투수 누적 이력,100-499,16944,-2.7338041066463443,-2.848157613200737,0.010449464460906277,0.001036299667472762,-0.010449464460906277,0.9918415162873055
cw_v17_base,2022,2024,a5_asofn,A5 투수 누적 이력,500-1499,42035,-5.728974601085798,-10.065013581676384,0.011228738504697966,0.0023218449528590868,-0.011228738504697966,1.1298859643489236
cw_v17_base,2022,2024,a5_asofn,A5 투수 누적 이력,1500-3999,76996,-6.710710504614957,-7.847551217416075,0.008260869930566739,0.0012684413017225449,-0.008260869930566739,1.0981456470807907
cw_v17_base,2022,2024,a5_asofn,A5 투수 누적 이력,4000-7999,60064,-27.104374197735098,-28.79422398846222,0.013350630623559567,-0.002493589520903172,-0.013350630623559567,0.96829137992874
cw_v17_base,2022,2024,a5_asofn,A5 투수 누적 이력,8000+,16598,-1.5539693107921355,-1.4961400216789833,0.009547891613712833,0.0021139968123451425,-0.009547891613712833,0.9127782615457427
cw_v17_base,2022,2024,a6_psucc,A6 투수 수준 5분위,Q1 최저,33663,-1.6898382597901125,-1.5789845242478417,0.010119404223112805,0.003714054052783633,-0.010119404223112805,1.0166759590292165
cw_v17_base,2022,2024,a6_psucc,A6 투수 수준 5분위,Q2,40640,0.9405863078406107,1.2002759924530773,0.007941264278332194,0.0047612186785997435,-0.007941264278332194,0.9648715867068206
cw_v17_base,2022,2024,a6_psucc,A6 투수 수준 5분위,Q3,44222,-21.194708454260283,-22.38420976309852,0.013917884029811423,-0.002382414882179662,-0.013917884029811423,1.0352178942991739
cw_v17_base,2022,2024,a6_psucc,A6 투수 수준 5분위,Q4,52849,-22.14996851836482,-24.388031507576752,0.011874243941352614,-0.0036375627960439916,-0.011874243941352614,1.042183919811023
cw_v17_base,2022,2024,a6_psucc,A6 투수 수준 5분위,Q5 최고,45604,-1.1071978221394865,-2.6293683699678865,0.007666153056803626,0.0029739860376654104,-0.007666153056803626,1.1984545518351033
cw_v17_base,2022,2024,a7_inning,A7 이닝,1-3회,72677,-7.555284142083775,-8.861302259805884,0.008780230433028002,0.0011783631809842987,-0.008780230433028002,1.0672805609404523
cw_v17_base,2022,2024,a7_inning,A7 이닝,4-6회,72335,-21.916928623925607,-21.96593347917517,0.013305745320180362,0.0004757516003092155,-0.013305745320180362,1.000974939893473
cw_v17_base,2022,2024,a7_inning,A7 이닝,7-8회,49396,-14.636334359542317,-16.961923826014434,0.009304000239142629,-0.003987029025031452,-0.009304000239142629,0.9598665713705739
cw_v17_base,2022,2024,a7_inning,A7 이닝,9회+,22616,4.444474737871354,3.825978114764528,0.009250770754694881,0.010388016754779461,-0.009250770754694881,1.086465885192147
cw_v17_base,2022,2024,a8_hand,A8 손 매치업,1v1,26793,-13.227086799759723,-12.37910530816314,0.01648726814050072,0.00012116118751276383,-0.01648726814050072,0.9376616463914551
cw_v17_base,2022,2024,a8_hand,A8 손 매치업,1v2,27640,0.20847928438619193,-3.894806018270814,0.002801830674592276,0.0021311746349205185,-0.002801830674592276,1.2223783780904858
cw_v17_base,2022,2024,a8_hand,A8 손 매치업,2v1,83214,-5.805658603453401,-4.740972296736465,0.006078864136562334,-7.390950021224363e-05,-0.006078864136562334,1.0237408114564779
cw_v17_base,2022,2024,a8_hand,A8 손 매치업,2v2,79377,-33.826522278404994,-38.67257910594569,0.016545051768648178,0.00128555955330667,-0.016545051768648178,0.9182151234629492
cw_v17_base,2022,2024,a9_batn,A9 타자 누적 이력,0-99,3441,-6.559815439222612,-5.338585751174933,0.031032527900150486,-0.001147914410699058,-0.031032527900150486,1.169439054252063
cw_v17_base,2022,2024,a9_batn,A9 타자 누적 이력,100-499,14808,-7.015111036639627,-7.189123705314136,0.013010022553699652,-0.0033726517474408357,-0.013010022553699652,0.9058190918494353
cw_v17_base,2022,2024,a9_batn,A9 타자 누적 이력,500-1499,34054,-11.163138699692531,-10.679080615307532,0.011933369948061656,-0.0014849092339500602,-0.011933369948061656,1.024645597450882
cw_v17_base,2022,2024,a9_batn,A9 타자 누적 이력,1500-3999,50087,-3.2162325898461517,-4.577772592414196,0.00590591714829769,3.5890394635140765e-06,-0.00590591714829769,1.07844061541686
cw_v17_base,2022,2024,a9_batn,A9 타자 누적 이력,4000+,114634,-16.59908321766092,-16.541879221347678,0.01144235425428769,0.0022883702000719985,-0.01144235425428769,1.00738933643933
cw_v17_base,2022,2024,a10_base,A10 주자 상황,___,116959,-13.90575650756353,-15.19133509324685,0.01242333439091492,0.0036155941324401697,-0.01242333439091492,0.9674357287965478
cw_v17_base,2022,2024,a10_base,A10 주자 상황,1__,43047,-12.02074023973854,-11.300150458035223,0.008791216316352268,-0.004220942933996885,-0.008791216316352268,1.038411831305875
cw_v17_base,2022,2024,a10_base,A10 주자 상황,_2_,16187,0.11236433159177327,-0.17083293554604914,-0.0005435597082489307,-0.003736027742652026,0.0005435597082489307,1.048109394737684
cw_v17_base,2022,2024,a10_base,A10 주자 상황,__3,5285,-0.15250233604954888,-0.21416875426216575,0.0028838808715717645,-0.001272299899334084,-0.0028838808715717645,1.1059772497924982
cw_v17_base,2022,2024,a10_base,A10 주자 상황,12_,17551,-5.382726579291757,-6.824946373800026,0.01406183036483205,0.0011145808086611142,-0.01406183036483205,1.146193211457803
cw_v17_base,2022,2024,a10_base,A10 주자 상황,1_3,6960,-1.6938640085111887,-1.7915408457282647,0.008621655160186037,-0.0033464213167708756,-0.008621655160186037,0.9011286442480685
cw_v17_base,2022,2024,a10_base,A10 주자 상황,_23,4595,-1.3002441970611027,-1.3741675400215276,0.005205218970421477,-0.01214407934850692,-0.005205218970421477,1.1013343876508779
cw_v17_base,2022,2024,a10_base,A10 주자 상황,123,6440,-0.8137844768767954,0.8633860748964403,0.01746520591283468,0.006769948089857314,-0.01746520591283468,1.374608659034046
cw_v17_base,2022,2024,a11_typemo,A11 game_type x 월블록,R|early,75061,-28.003644929165652,-24.184472709311912,0.0082739293261187,-0.008094614242355136,-0.0082739293261187,1.0787450906298548
cw_v17_base,2022,2024,a11_typemo,A11 game_type x 월블록,R|mid,64405,-5.7472455687184105,-6.195798593181073,0.009950419419173406,0.0025424854035991373,-0.009950419419173406,1.0447852022208106
cw_v17_base,2022,2024,a11_typemo,A11 game_type x 월블록,R|late,77558,3.3883825147489994,3.7372459738917154,0.01380386599329525,0.007760470375009654,-0.01380386599329525,0.8983532433753147
cw_v17_base,2022,2024,a12_role,A12 투수 역할(전시즌),불펜(<30구/경기),65155,-19.097596273618244,-18.77669148185518,0.01149157420727237,-0.0011732481731098754,-0.01149157420727237,1.0237714995444926
cw_v17_base,2022,2024,a12_role,A12 투수 역할(전시즌),스윙(30-70),33492,0.5575529338426013,-0.36018376587515705,0.006520504284477702,0.003952813012254974,-0.006520504284477702,0.8759326105650269
cw_v17_base,2022,2024,a12_role,A12 투수 역할(전시즌),선발(>=70),71091,-25.411145320810686,-25.69782443588264,0.011737647824167752,-0.0023919864708920047,-0.011737647824167752,0.9869512144339381
cw_v17_base,2022,2024,a12_role,A12 투수 역할(전시즌),전시즌없음,47286,1.5225305545183099,-3.2406752643121766,0.009712158905033907,0.005755394316142248,-0.009712158905033907,1.1854925743465965
cw_v17_base,2022,2024,a13_tens,A13 이닝 x 점수차,초반|0-1점,52862,-5.521699662084555,-6.1207594687586955,0.01061564939163595,0.002638651618388277,-0.01061564939163595,1.0763741435443426
cw_v17_base,2022,2024,a13_tens,A13 이닝 x 점수차,초반|2-3점,14390,-1.4792168062834437,-1.2760584280284255,0.008571960028136982,0.0010329728994340481,-0.008571960028136982,0.9606179910029692
cw_v17_base,2022,2024,a13_tens,A13 이닝 x 점수차,초반|4점+,5425,0.7854197774417293,-0.6401435322171928,-0.003617478289361653,-0.0126652499483354,0.003617478289361653,1.319803427628129
cw_v17_base,2022,2024,a13_tens,A13 이닝 x 점수차,중반|0-1점,30302,-2.262102489458901,-2.626396704747473,0.012178669173853518,0.0044265527866329535,-0.012178669173853518,0.9771036561120138
cw_v17_base,2022,2024,a13_tens,A13 이닝 x 점수차,중반|2-3점,24508,-22.450217623673385,-22.99084125755501,0.016154356179515106,-0.007304975420644677,-0.016154356179515106,0.9686394472585791
cw_v17_base,2022,2024,a13_tens,A13 이닝 x 점수차,중반|4점+,17525,-0.8981667478854279,-1.9219384106011546,0.011474350366294073,0.004525559319656147,-0.011474350366294073,1.0719482878777986
cw_v17_base,2022,2024,a13_tens,A13 이닝 x 점수차,후반|0-1점,24933,-3.1210560228836526,-3.719477624939198,0.005602620591547758,-0.0032594893273126813,-0.005602620591547758,0.9450837580173452
cw_v17_base,2022,2024,a13_tens,A13 이닝 x 점수차,후반|2-3점,21189,-8.477191292140652,-10.885789030274287,0.017604613128491542,0.0026376462854923455,-0.017604613128491542,0.9415596693948307
cw_v17_base,2022,2024,a13_tens,A13 이닝 x 점수차,후반|4점+,25890,-0.405185271034149,-1.5291921282611147,0.0062532771380380825,0.002447735089232461,-0.0062532771380380825,1.0983962577555892
cw_v17_base,2024,2022,a1_count,A1 볼카운트,0-0,57385,-0.42613999258039104,-0.5923908964325327,-0.0001656518221498926,0.012435760991100497,0.0001656518221498926,1.0387070333944326
cw_v17_base,2024,2022,a1_count,A1 볼카운트,0-1,27768,-1.5020635327662757,-1.6649567927157534,-0.0034912442746929395,0.0025811206974960532,0.0034912442746929395,1.0609046544262466
cw_v17_base,2024,2022,a1_count,A1 볼카운트,0-2,14321,2.1297841436460248,4.703785516875657,0.006957996819311696,0.009447641866887513,-0.006957996819311696,0.7853883758233164
cw_v17_base,2024,2022,a1_count,A1 볼카운트,1-0,23181,4.550077914493467,4.871300031821955,0.004320842985008233,0.014846161304377159,-0.004320842985008233,1.0330289456337167
cw_v17_base,2024,2022,a1_count,A1 볼카운트,1-1,22332,-5.331118954406592,-5.142917241105021,-0.0035369664746178753,0.017079176318185618,0.0035369664746178753,1.0062919447702545
cw_v17_base,2024,2022,a1_count,A1 볼카운트,1-2,21751,-1.0610463553961642,-3.3216576094799994,-0.002327507010822183,0.004689020428875756,0.002327507010822183,0.8248200531316489
cw_v17_base,2024,2022,a1_count,A1 볼카운트,2-0,8177,1.4373834988985459,0.10284002545286226,0.0034058498541099658,0.01611580512509303,-0.0034058498541099658,1.189879897623886
cw_v17_base,2024,2022,a1_count,A1 볼카운트,2-1,11832,2.2979362371175913,2.857931798642094,0.003417978122901122,0.01757647609313734,-0.003417978122901122,1.1306105106905415
cw_v17_base,2024,2022,a1_count,A1 볼카운트,2-2,18384,-0.019628187228425676,-0.0826346205113333,-6.452660287992185e-05,0.004588343329699263,6.452660287992185e-05,0.983853551321129
cw_v17_base,2024,2022,a1_count,A1 볼카운트,3-0,2736,-1.3728266437174586,-8.748935551335313,0.007732169097593555,-0.01425548795599324,-0.007732169097593555,0.4574181023757431
cw_v17_base,2024,2022,a1_count,A1 볼카운트,3-1,5227,1.0361876714032088,1.4512121127163984,0.008327572134004646,0.010811389987461506,-0.008327572134004646,1.0527779215986859
cw_v17_base,2024,2022,a1_count,A1 볼카운트,3-2,10403,2.8796396879065345,3.072077136932183,0.00740398693591493,0.014142258560467524,-0.00740398693591493,0.9217247392303932
cw_v17_base,2024,2022,a1b_phase,A1b 카운트 국면,초구 0-0,57385,-0.42613999258039104,-0.5923908964325327,-0.0001656518221498926,0.012435760991100497,0.0001656518221498926,1.0387070333944326
cw_v17_base,2024,2022,a1b_phase,A1b 카운트 국면,투수우위 0-1,27768,-1.5020635327662757,-1.6649567927157534,-0.0034912442746929395,0.0025811206974960532,0.0034912442746929395,1.0609046544262466
cw_v17_base,2024,2022,a1b_phase,A1b 카운트 국면,평행 1-1,22332,-5.331118954406592,-5.142917241105021,-0.0035369664746178753,0.017079176318185618,0.0035369664746178753,1.0062919447702545
cw_v17_base,2024,2022,a1b_phase,A1b 카운트 국면,타자우위 1-0/2-0/2-1,43190,8.379227163952443,9.09263539109046,0.0039023314419057153,0.01583451421251808,-0.0039023314419057153,1.0884352928615522
cw_v17_base,2024,2022,a1b_phase,A1b 카운트 국면,2스트라이크,54456,0.9235072153776319,0.4024874803608414,0.0008651594997600709,0.005906468824323552,-0.0008651594997600709,0.8795844592143559
cw_v17_base,2024,2022,a1b_phase,A1b 카운트 국면,3볼,7963,-0.43267857102244534,-3.556914480830214,0.008130062178730302,0.002198683965448145,-0.008130062178730302,0.8537767292801431
cw_v17_base,2024,2022,a1b_phase,A1b 카운트 국면,풀카운트,10403,2.8796396879065345,3.072077136932183,0.00740398693591493,0.014142258560467524,-0.00740398693591493,0.9217247392303932
cw_v17_base,2024,2022,a2_li,A2 경기 중요도 li,li<0.10,24526,1.6051740512018606,-3.6447344181790853,0.007729345344429039,0.006229232530576556,-0.007729345344429039,0.8454478836481555
cw_v17_base,2024,2022,a2_li,A2 경기 중요도 li,0.10-0.35,28107,-0.4975400625828133,-0.6038087846989859,-0.0005216910797747332,0.00921455919877362,0.0005216910797747332,1.0713670080915338
cw_v17_base,2024,2022,a2_li,A2 경기 중요도 li,0.35-0.70,49973,0.7003484036623002,-1.4912583144195746,0.0002523002420989906,0.015637824225483987,-0.0002523002420989906,0.9416341749423811
cw_v17_base,2024,2022,a2_li,A2 경기 중요도 li,0.70-1.20,57499,-0.5607112226924221,-1.5029589962094607,-0.0003581419139371267,0.007424566907167529,0.0003581419139371267,1.0354309288759007
cw_v17_base,2024,2022,a2_li,A2 경기 중요도 li,1.20-2.00,41631,-1.1337762255439612,-0.8058927042463147,-0.0006714665178811918,0.010990454556811136,0.0006714665178811918,1.0449709650011547
cw_v17_base,2024,2022,a2_li,A2 경기 중요도 li,li>=2.00,21761,1.849642421893759,2.7487388291783033,0.002195121341251216,0.011910605770999616,-0.002195121341251216,1.0663673056191139
cw_v17_base,2024,2022,a3_load,A3 전시즌 경기당 대비 등판 투구수,<0.25,42782,-0.6373853136573896,-0.8807808680977552,-0.0005276302912210484,0.007621315013134178,0.0005276302912210484,1.0104236885385147
cw_v17_base,2024,2022,a3_load,A3 전시즌 경기당 대비 등판 투구수,0.25-0.50,39845,1.0381298131763184,0.724620500549256,0.0006747938978923784,0.011119520485642853,-0.0006747938978923784,1.0196903416700838
cw_v17_base,2024,2022,a3_load,A3 전시즌 경기당 대비 등판 투구수,0.50-0.75,33206,-2.6959562581026937,-3.5228330196471407,-0.001631427607159841,0.013081447188392992,0.001631427607159841,1.0237463325832625
cw_v17_base,2024,2022,a3_load,A3 전시즌 경기당 대비 등판 투구수,0.75-1.00,26002,-4.253975326470622,-4.709977425735407,-0.003497087206292604,0.011315552550360486,0.003497087206292604,1.1213364887231236
cw_v17_base,2024,2022,a3_load,A3 전시즌 경기당 대비 등판 투구수,1.00-1.25,12785,0.8895117061500873,1.662216268548462,0.0009723343613149416,0.020467889521119498,-0.0009723343613149416,1.0782727849715745
cw_v17_base,2024,2022,a3_load,A3 전시즌 경기당 대비 등판 투구수,1.25-1.50,5772,0.20351897289654708,-0.29035481965574733,0.004569905029338295,0.004439564259906381,-0.004569905029338295,0.9122746033423166
cw_v17_base,2024,2022,a3_load,A3 전시즌 경기당 대비 등판 투구수,>=1.50,12990,-0.21721905873149544,0.7923664149092952,-0.0008580352604919961,0.005013267093260665,0.0008580352604919961,1.0428601616989617
cw_v17_base,2024,2022,a3_load,A3 전시즌 경기당 대비 등판 투구수,전시즌없음,50115,7.059102977870331,5.521219421797666,0.005755394316142248,0.009712158905033907,-0.005755394316142248,0.9781480647871156
cw_v17_base,2024,2022,a3b_gp,A3b 등판 내 투구수,1-10,67227,4.072984344664326,4.018793586496619,0.001504215351295357,0.011999623447191576,-0.001504215351295357,0.9684639654968537
cw_v17_base,2024,2022,a3b_gp,A3b 등판 내 투구수,11-20,46277,-1.933584303694116,-1.5775518407169926,-0.001075614977049999,0.010309918135848417,0.001075614977049999,1.0680993583128824
cw_v17_base,2024,2022,a3b_gp,A3b 등판 내 투구수,21-35,33726,0.8009592828540107,-0.5022030960011424,0.0008981510102037404,0.007833112410252863,-0.0008981510102037404,0.9598460039355172
cw_v17_base,2024,2022,a3b_gp,A3b 등판 내 투구수,36-60,36847,2.48981750163609,2.7310141318311665,0.002671236378729902,0.008399617990633157,-0.002671236378729902,1.0262485705890465
cw_v17_base,2024,2022,a3b_gp,A3b 등판 내 투구수,61-80,24208,-0.6154162846768391,-1.1344265342294726,-0.0006827053279107043,0.010057235998191416,0.0006827053279107043,1.0662506889614003
cw_v17_base,2024,2022,a3b_gp,A3b 등판 내 투구수,81+,15212,-0.11787533612278246,0.46198373351088484,-0.00013890438119168458,0.015508784613939008,0.00013890438119168458,1.063731977904103
cw_v17_base,2024,2022,a4_prevp,A4 전시즌 투구수,없음,50115,7.059102977870331,5.521219421797666,0.005755394316142248,0.009712158905033907,-0.005755394316142248,0.9781480647871156
cw_v17_base,2024,2022,a4_prevp,A4 전시즌 투구수,1-200,12654,6.61096028187261,2.829465753807244,0.009368622172604535,0.02025682082433533,-0.009368622172604535,0.731696575383553
cw_v17_base,2024,2022,a4_prevp,A4 전시즌 투구수,201-600,24568,3.8118325344025785,3.366642535576374,0.0051693268394914504,0.010966277006893288,-0.0051693268394914504,0.8829507342587124
cw_v17_base,2024,2022,a4_prevp,A4 전시즌 투구수,601-1200,65402,-4.75344553545728,-4.0773760600197635,-0.002582648358391948,0.0065673599316763975,0.002582648358391948,1.0547945085841708
cw_v17_base,2024,2022,a4_prevp,A4 전시즌 투구수,1201-2000,27214,1.1841487356404719,-3.780103611745102,0.0009774640804717794,0.012919864268802428,-0.0009774640804717794,1.117905892561135
cw_v17_base,2024,2022,a4_prevp,A4 전시즌 투구수,2001-2600,23868,-0.6222009155122824,1.5100293681602397,-0.0005319645931210482,0.01341853577266472,0.0005319645931210482,0.9004458136483089
cw_v17_base,2024,2022,a4_prevp,A4 전시즌 투구수,2601+,19676,-10.344365359998545,-10.706778122723712,-0.009210699592303029,0.011334052697224983,0.009210699592303029,1.0856325133011402
cw_v17_base,2024,2022,a5_asofn,A5 투수 누적 이력,0-99,3959,1.466666714444318,1.3996464132406465,0.013656169451582212,0.014403643204398353,-0.013656169451582212,0.9609817328924091
cw_v17_base,2024,2022,a5_asofn,A5 투수 누적 이력,100-499,17177,0.6330555159291792,0.6965627265038175,0.001036299667472762,0.010449464460906277,-0.001036299667472762,1.0783505794505122
cw_v17_base,2024,2022,a5_asofn,A5 투수 누적 이력,500-1499,39741,3.3266695220587494,-6.068269042369079,0.0023218449528590868,0.011228738504697966,-0.0023218449528590868,0.859169056198141
cw_v17_base,2024,2022,a5_asofn,A5 투수 누적 이력,1500-3999,72150,2.499440872856788,3.25022027933309,0.0012684413017225449,0.008260869930566739,-0.0012684413017225449,1.0141656273906265
cw_v17_base,2024,2022,a5_asofn,A5 투수 누적 이력,4000-7999,51095,-6.660119379340628,-9.317611502559933,-0.002493589520903172,0.013350630623559567,0.002493589520903172,1.113687779657389
cw_v17_base,2024,2022,a5_asofn,A5 투수 누적 이력,8000+,39375,2.5309330418602594,3.370834278507917,0.0021139968123451425,0.009547891613712833,-0.0021139968123451425,0.8984450968222666
cw_v17_base,2024,2022,a6_psucc,A6 투수 수준 5분위,Q1 최저,54380,5.975783062087288,5.632059320429377,0.003714054052783633,0.010119404223112805,-0.003714054052783633,1.072803468721665
cw_v17_base,2024,2022,a6_psucc,A6 투수 수준 5분위,Q2,52532,4.980470735218566,5.263437029511713,0.0047612186785997435,0.007941264278332194,-0.0047612186785997435,0.9489606830946189
cw_v17_base,2024,2022,a6_psucc,A6 투수 수준 5분위,Q3,48603,-6.26500183555462,-5.70549211857423,-0.002382414882179662,0.013917884029811423,0.002382414882179662,0.9338905612540289
cw_v17_base,2024,2022,a6_psucc,A6 투수 수준 5분위,Q4,40380,-7.2024227330196595,-6.466462666041815,-0.0036375627960439916,0.011874243941352614,0.0036375627960439916,0.9287732410930887
cw_v17_base,2024,2022,a6_psucc,A6 투수 수준 5분위,Q5 최고,27565,1.81396435000263,3.395445267183044,0.0029739860376654104,0.007666153056803626,-0.0029739860376654104,1.0738005021607104
cw_v17_base,2024,2022,a7_inning,A7 이닝,1-3회,75125,2.5966029539459816,1.5828919861262178,0.0011783631809842987,0.008780230433028002,-0.0011783631809842987,0.9791907154690549
cw_v17_base,2024,2022,a7_inning,A7 이닝,4-6회,74465,1.6578285833582806,1.6516897415913931,0.0004757516003092155,0.013305745320180362,-0.0004757516003092155,0.999880260950992
cw_v17_base,2024,2022,a7_inning,A7 이닝,7-8회,51708,-8.340506719383985,-10.195630258018502,-0.003987029025031452,0.009304000239142629,0.003987029025031452,1.1088867369696713
cw_v17_base,2024,2022,a7_inning,A7 이닝,9회+,22199,3.3500246649212095,3.3337171571584423,0.010388016754779461,0.009250770754694881,-0.010388016754779461,0.9989961923928351
cw_v17_base,2024,2022,a8_hand,A8 손 매치업,1v1,28390,0.20233978879012665,1.2201985317983082,0.00012116118751276383,0.01648726814050072,-0.00012116118751276383,0.9492137938993652
cw_v17_base,2024,2022,a8_hand,A8 손 매치업,1v2,37565,0.49775474753602755,-0.35384648195377966,0.0021311746349205185,0.002801830674592276,-0.0021311746349205185,0.9838346782859465
cw_v17_base,2024,2022,a8_hand,A8 손 매치업,2v1,80544,-0.13037383997664276,-0.6895439808433159,-7.390950021224363e-05,0.006078864136562334,7.390950021224363e-05,1.0998796929309866
cw_v17_base,2024,2022,a8_hand,A8 손 매치업,2v2,76998,5.636807505840057,5.721701770187084,0.00128555955330667,0.016545051768648178,-0.00128555955330667,0.9892550645716638
cw_v17_base,2024,2022,a9_batn,A9 타자 누적 이력,0-99,1821,-0.2365909005486602,0.4309475261480506,-0.001147914410699058,0.031032527900150486,0.001147914410699058,1.2441971833361511
cw_v17_base,2024,2022,a9_batn,A9 타자 누적 이력,100-499,9837,-1.7460070483530388,-2.125396980922349,-0.0033726517474408357,0.013010022553699652,0.0033726517474408357,0.8765484124566475
cw_v17_base,2024,2022,a9_batn,A9 타자 누적 이력,500-1499,24706,-1.6652557693653227,-1.3697951433115427,-0.0014849092339500602,0.011933369948061656,0.0014849092339500602,1.0565543957648353
cw_v17_base,2024,2022,a9_batn,A9 타자 누적 이력,1500-3999,51239,0.003888092873825666,-1.3521237746002952,3.5890394635140765e-06,0.00590591714829769,-3.5890394635140765e-06,0.9674791499124525
cw_v17_base,2024,2022,a9_batn,A9 타자 누적 이력,4000+,135894,11.46803392374081,11.625230233077547,0.0022883702000719985,0.01144235425428769,-0.0022883702000719985,1.0302324492925787
cw_v17_base,2024,2022,a10_base,A10 주자 상황,___,116958,16.075110607644003,16.067969274288043,0.0036155941324401697,0.01242333439091492,-0.0036155941324401697,1.0034982743333218
cw_v17_base,2024,2022,a10_base,A10 주자 상황,1__,44920,-7.401936419401767,-6.991179568881464,-0.004220942933996885,0.008791216316352268,0.004220942933996885,1.0701730910503862
cw_v17_base,2024,2022,a10_base,A10 주자 상황,_2_,17468,-0.3095227609209605,-0.63245917585339,-0.003736027742652026,-0.0005435597082489307,0.003736027742652026,0.9637700929144555
cw_v17_base,2024,2022,a10_base,A10 주자 상황,__3,5733,-0.09194334140543647,0.04138001541996767,-0.001272299899334084,0.0028838808715717645,0.001272299899334084,1.041924195101598
cw_v17_base,2024,2022,a10_base,A10 주자 상황,12_,18986,1.0233571160396895,-0.36248662582188174,0.0011145808086611142,0.01406183036483205,-0.0011145808086611142,0.9497991771893872
cw_v17_base,2024,2022,a10_base,A10 주자 상황,1_3,7419,-0.9152696502669698,-0.7734420705065221,-0.0033464213167708756,0.008621655160186037,0.0033464213167708756,0.9431882087758784
cw_v17_base,2024,2022,a10_base,A10 주자 상황,_23,4798,-2.353047873064247,-2.5109011653830886,-0.01214407934850692,0.005205218970421477,0.01214407934850692,0.970987782377549
cw_v17_base,2024,2022,a10_base,A10 주자 상황,123,7215,2.4628267544372604,6.338441120983878,0.006769948089857314,0.01746520591283468,-0.006769948089857314,1.2436236904282103
cw_v17_base,2024,2022,a11_typemo,A11 game_type x 월블록,R|early,87355,-31.19899459073948,-28.35851825834319,-0.008094614242355136,0.0082739293261187,0.008094614242355136,1.1209300765885097
cw_v17_base,2024,2022,a11_typemo,A11 game_type x 월블록,R|mid,68816,5.437869822479857,4.350732540883025,0.0025424854035991373,0.009950419419173406,-0.0025424854035991373,0.9751322763655008
cw_v17_base,2024,2022,a11_typemo,A11 game_type x 월블록,R|late,67326,18.567089839340344,20.308718437883883,0.007760470375009654,0.01380386599329525,-0.007760470375009654,0.9244735930084912
cw_v17_base,2024,2022,a12_role,A12 투수 역할(전시즌),불펜(<30구/경기),79963,-4.0577333407905165,-3.67965797260325,-0.0011732481731098754,0.01149157420727237,0.0011732481731098754,1.0279144262600826
cw_v17_base,2024,2022,a12_role,A12 투수 역할(전시즌),스윙(30-70),31678,2.0375772120259157,2.7258943972758654,0.003952813012254974,0.006520504284477702,-0.003952813012254974,0.9517352076148152
cw_v17_base,2024,2022,a12_role,A12 투수 역할(전시즌),선발(>=70),61741,-6.839991537463933,-11.660568210005719,-0.0023919864708920047,0.011737647824167752,0.0023919864708920047,1.0852993653192946
cw_v17_base,2024,2022,a12_role,A12 투수 역할(전시즌),전시즌없음,50115,7.059102977870331,5.521219421797666,0.005755394316142248,0.009712158905033907,-0.005755394316142248,0.9781480647871156
cw_v17_base,2024,2022,a13_tens,A13 이닝 x 점수차,초반|0-1점,50063,4.397567750632878,4.508258967026333,0.002638651618388277,0.01061564939163595,-0.002638651618388277,1.002315752549799
cw_v17_base,2024,2022,a13_tens,A13 이닝 x 점수차,초반|2-3점,17952,0.534927871822888,0.34407576125547934,0.0010329728994340481,0.008571960028136982,-0.0010329728994340481,0.9115340850556107
cw_v17_base,2024,2022,a13_tens,A13 이닝 x 점수차,초반|4점+,7110,-0.8755461546477739,-1.0294403400504402,-0.0126652499483354,-0.003617478289361653,0.0126652499483354,0.9931212233479415
cw_v17_base,2024,2022,a13_tens,A13 이닝 x 점수차,중반|0-1점,27628,4.364272884112926,3.9074793543404898,0.0044265527866329535,0.012178669173853518,-0.0044265527866329535,1.0525292042807146
cw_v17_base,2024,2022,a13_tens,A13 이닝 x 점수차,중반|2-3점,24982,-12.943854538191797,-12.98982491663612,-0.007304975420644677,0.016154356179515106,0.007304975420644677,1.032823307503311
cw_v17_base,2024,2022,a13_tens,A13 이닝 x 점수차,중반|4점+,21855,3.262564789114154,-0.33268537585439106,0.004525559319656147,0.011474350366294073,-0.004525559319656147,0.8688544752775845
cw_v17_base,2024,2022,a13_tens,A13 이닝 x 점수차,후반|0-1점,22754,-1.9208349549548935,-1.9993858258842465,-0.0032594893273126813,0.005602620591547758,0.0032594893273126813,1.0135053121738864
cw_v17_base,2024,2022,a13_tens,A13 이닝 x 점수차,후반|2-3점,21063,3.2400222683303403,-1.459750074187585,0.0026376462854923455,0.017604613128491542,-0.0026376462854923455,1.2264006329471338
cw_v17_base,2024,2022,a13_tens,A13 이닝 x 점수차,후반|4점+,30090,1.326496136325039,0.5021378021139362,0.002447735089232461,0.0062532771380380825,-0.002447735089232461,0.9640262103500357
hw_v12_honest,2022,2024,a1_count,A1 볼카운트,0-0,56002,-12.812627157017035,-10.167697851677648,0.009738599569271367,-0.0015035290510329036,-0.009738599569271367,0.9062566575218844
hw_v12_honest,2022,2024,a1_count,A1 볼카운트,0-1,27455,2.2172373622435835,3.8193535344898275,-0.0026777986410171373,-0.009519909539575266,0.0026777986410171373,0.8889290812867944
hw_v12_honest,2022,2024,a1_count,A1 볼카운트,0-2,13808,-0.7090025420585511,4.856958184533635,0.003664896924290395,-0.001968127009847609,-0.003664896924290395,0.5939529353483181
hw_v12_honest,2022,2024,a1_count,A1 볼카운트,1-0,22089,-4.291800443941696,-4.5105695189040995,0.015716100827148582,0.004504438756299911,-0.015716100827148582,0.9239192031040674
hw_v12_honest,2022,2024,a1_count,A1 볼카운트,1-1,22133,-14.7642634226682,-15.3093766695701,0.015438693494511935,-0.004001394215664367,-0.015438693494511935,1.0234062440961798
hw_v12_honest,2022,2024,a1_count,A1 볼카운트,1-2,21152,-0.5561562595461158,6.320174688376711,0.0009164794957801092,-0.007324217624673168,-0.0009164794957801092,0.8441343264255516
hw_v12_honest,2022,2024,a1_count,A1 볼카운트,2-0,7519,-1.0064745470808343,-1.6514751172304072,0.013741528215217458,0.004228344462428091,-0.013741528215217458,0.8308529104566387
hw_v12_honest,2022,2024,a1_count,A1 볼카운트,2-1,11379,-3.683893769763415,-3.9017037956210587,0.017472716956897727,0.0037101942973531976,-0.017472716956897727,0.9358971542636971
hw_v12_honest,2022,2024,a1_count,A1 볼카운트,2-2,17854,-0.5509664559120679,2.553399546203791,0.0020584133035594365,-0.0030375778529542763,-0.0020584133035594365,0.8414085668463034
hw_v12_honest,2022,2024,a1_count,A1 볼카운트,3-0,2406,-2.266741520108059,-9.063547243780615,-0.016400799448743675,0.007382040532841916,0.016400799448743675,1.3839529056939848
hw_v12_honest,2022,2024,a1_count,A1 볼카운트,3-1,4847,0.8354532402461667,-0.2201549813747592,0.010457158903459274,0.009699835415021563,-0.010457158903459274,1.1599515934938016
hw_v12_honest,2022,2024,a1_count,A1 볼카운트,3-2,10380,0.2876939867349538,0.9656860867270558,0.013436251008224875,0.00727768907676668,-0.013436251008224875,0.8303458953694312
hw_v12_honest,2022,2024,a1b_phase,A1b 카운트 국면,초구 0-0,56002,-12.812627157017035,-10.167697851677648,0.009738599569271367,-0.0015035290510329036,-0.009738599569271367,0.9062566575218844
hw_v12_honest,2022,2024,a1b_phase,A1b 카운트 국면,투수우위 0-1,27455,2.2172373622435835,3.8193535344898275,-0.0026777986410171373,-0.009519909539575266,0.0026777986410171373,0.8889290812867944
hw_v12_honest,2022,2024,a1b_phase,A1b 카운트 국면,평행 1-1,22133,-14.7642634226682,-15.3093766695701,0.015438693494511935,-0.004001394215664367,-0.015438693494511935,1.0234062440961798
hw_v12_honest,2022,2024,a1b_phase,A1b 카운트 국면,타자우위 1-0/2-0/2-1,40987,-8.794681597292488,-9.716560625121437,0.01582349146848755,0.004233287886658721,-0.01582349146848755,0.9082351081963494
hw_v12_honest,2022,2024,a1b_phase,A1b 카운트 국면,2스트라이크,52814,-2.163115221581156,14.45644212761628,0.00202477604925283,-0.004474773051382441,-0.00202477604925283,0.7813227409669672
hw_v12_honest,2022,2024,a1b_phase,A1b 카운트 국면,3볼,7253,0.2732957907542669,-5.175267098312634,0.0012290571765187774,0.008930965363108778,-0.0012290571765187774,1.2261037460245012
hw_v12_honest,2022,2024,a1b_phase,A1b 카운트 국면,풀카운트,10380,0.2876939867349538,0.9656860867270558,0.013436251008224875,0.00727768907676668,-0.013436251008224875,0.8303458953694312
hw_v12_honest,2022,2024,a2_li,A2 경기 중요도 li,li<0.10,20377,1.4427937234487866,10.279724227376486,0.005591210870655283,0.006230807110492842,-0.005591210870655283,0.8483855080502591
hw_v12_honest,2022,2024,a2_li,A2 경기 중요도 li,0.10-0.35,24902,-5.169137669800994,-4.795826653188365,0.0069493212970276885,-0.004628148140252031,-0.0069493212970276885,0.8685313501514138
hw_v12_honest,2022,2024,a2_li,A2 경기 중요도 li,0.35-0.70,48047,-22.02891881773958,-19.736185991668865,0.013268708657217965,-0.002738942277211609,-0.013268708657217965,0.9454890634274351
hw_v12_honest,2022,2024,a2_li,A2 경기 중요도 li,0.70-1.20,58855,-5.384747590395988,-1.5939027689256682,0.0038629567422162614,-0.00449327193092619,-0.0038629567422162614,0.8993008395414821
hw_v12_honest,2022,2024,a2_li,A2 경기 중요도 li,1.20-2.00,41808,-5.301673001355999,-4.184994787310381,0.00767952396131244,-0.0006395710973043922,-0.00767952396131244,0.8965404402216902
hw_v12_honest,2022,2024,a2_li,A2 경기 중요도 li,li>=2.00,23035,-2.789514441727627,-2.148450922433767,0.010806361304401602,0.002363310553156084,-0.010806361304401602,0.9232393647265794
hw_v12_honest,2022,2024,a3_load,A3 전시즌 경기당 대비 등판 투구수,<0.25,43866,-2.7880036655468476,1.1780126649130653,0.008189869074906264,0.0019897873855154735,-0.008189869074906264,0.8497609748885911
hw_v12_honest,2022,2024,a3_load,A3 전시즌 경기당 대비 등판 투구수,0.25-0.50,40366,-4.845067944643809,-3.0562310438558207,0.010851403638970136,0.0024252106740515478,-0.010851403638970136,0.8636909718591045
hw_v12_honest,2022,2024,a3_load,A3 전시즌 경기당 대비 등판 투구수,0.50-0.75,34107,-10.386435994789213,-9.9398375271907,0.012175662168511514,-0.0006967736381008338,-0.012175662168511514,0.7720680377941408
hw_v12_honest,2022,2024,a3_load,A3 전시즌 경기당 대비 등판 투구수,0.75-1.00,25764,-8.130215293476853,-8.520118461365884,0.010324002193712822,-0.003129530867949648,-0.010324002193712822,1.020547087678195
hw_v12_honest,2022,2024,a3_load,A3 전시즌 경기당 대비 등판 투구수,1.00-1.25,11734,-7.799584325604818,-7.609071735705299,0.0209183958886463,0.0018395186466337865,-0.0209183958886463,0.951207567524221
hw_v12_honest,2022,2024,a3_load,A3 전시즌 경기당 대비 등판 투구수,1.25-1.50,5170,0.6380170690722677,1.3087751393079536,0.00649584455988006,0.00840139809610807,-0.00649584455988006,0.9180909940455224
hw_v12_honest,2022,2024,a3_load,A3 전시즌 경기당 대비 등판 투구수,>=1.50,8731,0.29048952599033206,-1.3052731765556298,0.004714598154176908,0.004271625173131899,-0.004714598154176908,1.1451954069123031
hw_v12_honest,2022,2024,a3_load,A3 전시즌 경기당 대비 등판 투구수,전시즌없음,47286,1.8682719807365664,-4.156624216844043,-0.0009811395129019629,-0.011414297520161543,0.0009811395129019629,1.0666275557731164
hw_v12_honest,2022,2024,a3b_gp,A3b 등판 내 투구수,1-10,63628,-12.495172644229498,-5.71408532613207,0.01124816409273205,0.000888139151227485,-0.01124816409273205,0.8734733590142352
hw_v12_honest,2022,2024,a3b_gp,A3b 등판 내 투구수,11-20,41971,-9.290983288931793,-7.02367412597686,0.009835360096207668,-0.0011877492839779125,-0.009835360096207668,0.8795030758984438
hw_v12_honest,2022,2024,a3b_gp,A3b 등판 내 투구수,21-35,31720,-2.0933245176454456,0.22052055267145237,0.005321798675362255,-0.000702969488306282,-0.005321798675362255,0.9186743186202823
hw_v12_honest,2022,2024,a3b_gp,A3b 등판 내 투구수,36-60,36939,-1.7662515220369672,-0.21728286729204715,0.0041215612739619045,-0.001086241268953625,-0.0041215612739619045,0.9121892939059412
hw_v12_honest,2022,2024,a3b_gp,A3b 등판 내 투구수,61-80,25270,-3.209295540199982,-1.0259534712642526,0.0041844250098933555,-0.006140876175672938,-0.0041844250098933555,0.8302023264688355
hw_v12_honest,2022,2024,a3b_gp,A3b 등판 내 투구수,81+,17496,-6.840421429666301,-8.65330624808805,0.008449476181622506,-0.008327131389134657,-0.008449476181622506,1.0715244945821976
hw_v12_honest,2022,2024,a4_prevp,A4 전시즌 투구수,없음,47286,1.8682719807365664,-4.156624216844043,-0.0009811395129019629,-0.011414297520161543,0.0009811395129019629,1.0666275557731164
hw_v12_honest,2022,2024,a4_prevp,A4 전시즌 투구수,1-200,12427,-2.960126749509833,4.0084218132971285,0.023160117926152857,0.008790102960198165,-0.023160117926152857,0.6850972625611219
hw_v12_honest,2022,2024,a4_prevp,A4 전시즌 투구수,201-600,23871,7.249665142087341,9.857361958235133,0.009747166764270287,0.013325652692484757,-0.009747166764270287,0.6378506871293128
hw_v12_honest,2022,2024,a4_prevp,A4 전시즌 투구수,601-1200,50346,-8.963489741368097,-7.260897579414332,0.008050571141982377,-0.0019737242641227892,-0.008050571141982377,0.9322807426134231
hw_v12_honest,2022,2024,a4_prevp,A4 전시즌 투구수,1201-2000,31403,-4.317453962435038,-0.6317037948011808,0.015389296380159734,0.005271210129962067,-0.015389296380159734,0.8029708842447805
hw_v12_honest,2022,2024,a4_prevp,A4 전시즌 투구수,2001-2600,25524,-2.037566929596558,-1.1579265150305147,0.009469138559339507,0.0024476713168359865,-0.009469138559339507,0.9766637913892965
hw_v12_honest,2022,2024,a4_prevp,A4 전시즌 투구수,2601+,26167,-9.958951502770438,-11.408749344438208,0.005987372741950048,-0.014249499079029615,-0.005987372741950048,0.842448400379059
hw_v12_honest,2022,2024,a5_asofn,A5 투수 누적 이력,0-99,4387,0.1149775139217311,0.950836651067926,0.02023211586171403,0.010467454962043654,-0.02023211586171403,0.8711201280529359
hw_v12_honest,2022,2024,a5_asofn,A5 투수 누적 이력,100-499,16944,1.623548057657827,4.987101667036939,-0.002154896591287092,-0.013139380505341025,0.002154896591287092,0.891427448482839
hw_v12_honest,2022,2024,a5_asofn,A5 투수 누적 이력,500-1499,42035,-2.8474630637943834,-1.1533120073830958,0.0035833901098286103,-0.0033362937530618253,-0.0035833901098286103,0.9743003820798068
hw_v12_honest,2022,2024,a5_asofn,A5 투수 누적 이력,1500-3999,76996,-8.435101141696673,-7.748322737497391,0.008666626502335406,0.0009043236994409343,-0.008666626502335406,0.9852445156764125
hw_v12_honest,2022,2024,a5_asofn,A5 투수 누적 이력,4000-7999,60064,-27.058506104556958,-28.468700746090136,0.014950999215494476,-0.0006981018490384017,-0.014950999215494476,0.8808846609155309
hw_v12_honest,2022,2024,a5_asofn,A5 투수 누적 이력,8000+,16598,-2.0198428536035036,0.4026908578688885,0.005023523250125672,-0.004059481218072869,-0.005023523250125672,0.8371272648435275
hw_v12_honest,2022,2024,a6_psucc,A6 투수 수준 5분위,Q1 최저,33663,1.1108222019752678,5.072757110454435,0.007409267428045818,0.00491275510987127,-0.007409267428045818,0.8018799736466549
hw_v12_honest,2022,2024,a6_psucc,A6 투수 수준 5분위,Q2,40640,3.00821411180893,29.667949945922945,0.0054866159423234695,0.006403000468649611,-0.0054866159423234695,0.6432495910848451
hw_v12_honest,2022,2024,a6_psucc,A6 투수 수준 5분위,Q3,44222,-22.411129303887343,-19.021953777110088,0.012025876289596948,-0.0054185492279054115,-0.012025876289596948,0.961715678628245
hw_v12_honest,2022,2024,a6_psucc,A6 투수 수준 5분위,Q4,52849,-20.84335935602461,-9.72490508415356,0.008805712146706779,-0.007746704465658838,-0.008805712146706779,0.8997239943734949
hw_v12_honest,2022,2024,a6_psucc,A6 투수 수준 5분위,Q5 최고,45604,-4.640643947980507,-0.5265587766206051,0.0050461071016267844,-0.0029472693106822323,-0.0050461071016267844,0.9116525249089942
hw_v12_honest,2022,2024,a7_inning,A7 이닝,1-3회,72677,-4.317973999000022,-0.740526837896572,0.005247153327695653,-0.00044794362061317816,-0.005247153327695653,0.9412589171086652
hw_v12_honest,2022,2024,a7_inning,A7 이닝,4-6회,72335,-21.523632163242805,-16.874987182800858,0.00965606889417192,-0.0035310907858585594,-0.00965606889417192,0.8825261243824386
hw_v12_honest,2022,2024,a7_inning,A7 이닝,7-8회,49396,-18.464940197835197,-18.336723932011225,0.009480772738142462,-0.005955246790200652,-0.009480772738142462,0.8546069880082563
hw_v12_honest,2022,2024,a7_inning,A7 이닝,9회+,22616,3.913192806484758,7.934132122450609,0.007615120890313298,0.009971136519680013,-0.007615120890313298,0.8891830493910154
hw_v12_honest,2022,2024,a8_hand,A8 손 매치업,1v1,26793,-5.0853667694619755,2.466388355805303,0.011265174899833696,0.0010621569453269086,-0.011265174899833696,0.827068114130749
hw_v12_honest,2022,2024,a8_hand,A8 손 매치업,1v2,27640,-0.3059420537681357,1.3651345149294238,-0.0007335756194799536,0.0037262934034650863,0.0007335756194799536,0.9682585336777848
hw_v12_honest,2022,2024,a8_hand,A8 손 매치업,2v1,83214,-20.401044335032147,-16.361789798671648,0.008059675109965414,-0.004221656239984384,-0.008059675109965414,0.9201058488718094
hw_v12_honest,2022,2024,a8_hand,A8 손 매치업,2v2,79377,-22.48825303352595,-23.679986682201204,0.01079367529050107,-0.0017232575655908855,-0.01079367529050107,0.833780134754111
hw_v12_honest,2022,2024,a9_batn,A9 타자 누적 이력,0-99,3441,-4.980983732793282,-5.368571565736485,0.024502661274422743,-0.00377415894627553,-0.024502661274422743,0.9224873470939066
hw_v12_honest,2022,2024,a9_batn,A9 타자 누적 이력,100-499,14808,-4.724980665380578,-4.293559728389273,0.007760385402722281,-0.007273391537746421,-0.007760385402722281,0.6825407625337231
hw_v12_honest,2022,2024,a9_batn,A9 타자 누적 이력,500-1499,34054,-10.187170703072875,-8.743550541304637,0.008758995346971776,-0.004885072347672104,-0.008758995346971776,0.8844460125997728
hw_v12_honest,2022,2024,a9_batn,A9 타자 누적 이력,1500-3999,50087,-4.235038726345464,-3.280495110731872,0.00329551085266111,-0.0053121563023491025,-0.00329551085266111,0.9857784529273266
hw_v12_honest,2022,2024,a9_batn,A9 타자 누적 이력,4000+,114634,-11.597325216344514,-5.681982704419269,0.009318253582398683,0.0017140001381652503,-0.009318253582398683,0.8947655252953219
hw_v12_honest,2022,2024,a10_base,A10 주자 상황,___,116959,-19.31622507011534,-9.446637354035026,0.009282183044558301,-0.000185411628724097,-0.009282183044558301,0.8609955606635804
hw_v12_honest,2022,2024,a10_base,A10 주자 상황,1__,43047,-9.42838661893624,-9.113956653230499,0.006499644118722614,-0.0058912898624873256,-0.006499644118722614,0.9877430793923835
hw_v12_honest,2022,2024,a10_base,A10 주자 상황,_2_,16187,0.423192986593559,2.5002777365854083,-0.0017804628708446013,-0.004873442185121202,0.0017804628708446013,0.886622979235016
hw_v12_honest,2022,2024,a10_base,A10 주자 상황,__3,5285,-0.07901284294676138,-0.13776044916726413,0.0015641705871202172,-0.001810676947968326,-0.0015641705871202172,0.8290678895042783
hw_v12_honest,2022,2024,a10_base,A10 주자 상황,12_,17551,-3.5642097288264556,-2.832611120665709,0.011450292913088245,0.0009141072037504028,-0.011450292913088245,0.9646606555104351
hw_v12_honest,2022,2024,a10_base,A10 주자 상황,1_3,6960,-1.3142519275624802,-1.0596283687130854,0.008410266779527442,-0.0018853774814259205,-0.008410266779527442,0.755941864842511
hw_v12_honest,2022,2024,a10_base,A10 주자 상황,_23,4595,-1.122269685018511,-0.7474406539312638,0.0053793401593404955,-0.009626532407978172,-0.0053793401593404955,0.8387525321313951
hw_v12_honest,2022,2024,a10_base,A10 주자 상황,123,6440,-0.07515190267167407,-0.8207414526464525,0.015447606636084077,0.007518882055484566,-0.015447606636084077,1.135324803613116
hw_v12_honest,2022,2024,a11_typemo,A11 game_type x 월블록,R|early,75061,-7.836664631596979,-6.622070709093111,0.0030636599798517516,-0.007712394084167795,-0.0030636599798517516,0.9525043790104624
hw_v12_honest,2022,2024,a11_typemo,A11 game_type x 월블록,R|mid,64405,-14.84390043720435,-12.837112710563346,0.007625655395659625,-0.004385879647038182,-0.007625655395659625,0.955833936135126
hw_v12_honest,2022,2024,a11_typemo,A11 game_type x 월블록,R|late,77558,-3.2091935258437756,14.047699467588656,0.01455779802881374,0.006507875313818967,-0.01455779802881374,0.774133226777517
hw_v12_honest,2022,2024,a12_role,A12 투수 역할(전시즌),불펜(<30구/경기),65155,-12.214839225618972,-8.865003709164911,0.010850401739700755,0.0007382726821587027,-0.010850401739700755,0.8881054882118293
hw_v12_honest,2022,2024,a12_role,A12 투수 역할(전시즌),스윙(30-70),33492,0.4018343873270647,2.17911090533515,0.012032579622087314,0.006286773688941871,-0.012032579622087314,0.6708075725271089
hw_v12_honest,2022,2024,a12_role,A12 투수 역할(전시즌),선발(>=70),71091,-13.866173559982675,-11.349604156693252,0.009278801840664763,-0.001062822381001416,-0.009278801840664763,0.9241941739263846
hw_v12_honest,2022,2024,a12_role,A12 투수 역할(전시즌),전시즌없음,47286,1.8682719807365664,-4.156624216844043,-0.0009811395129019629,-0.011414297520161543,0.0009811395129019629,1.0666275557731164
hw_v12_honest,2022,2024,a13_tens,A13 이닝 x 점수차,초반|0-1점,52862,-2.833293848814665,-1.8359538078688769,0.00679206321061443,0.0012554074530930492,-0.00679206321061443,0.9628029202113443
hw_v12_honest,2022,2024,a13_tens,A13 이닝 x 점수차,초반|2-3점,14390,-0.7599855551156607,2.854682061730389,0.005781313259064169,0.00041259471219246,-0.005781313259064169,0.828883779930568
hw_v12_honest,2022,2024,a13_tens,A13 이닝 x 점수차,초반|4점+,5425,2.210792287755795,1.0202348185935075,-0.006979578396142272,-0.019328255338092237,0.006979578396142272,1.122892903061781
hw_v12_honest,2022,2024,a13_tens,A13 이닝 x 점수차,중반|0-1점,30302,-2.4750441926165303,-1.1251580144276838,0.006983819622732479,0.0003193284985750777,-0.006983819622732479,0.8756662771938916
hw_v12_honest,2022,2024,a13_tens,A13 이닝 x 점수차,중반|2-3점,24508,-20.733823202475428,-20.062854341514665,0.013122680193506542,-0.010926778353105404,-0.013122680193506542,0.8598529710197976
hw_v12_honest,2022,2024,a13_tens,A13 이닝 x 점수차,중반|4점+,17525,-2.568124696748149,-0.1357515917947268,0.009071581106084525,0.00015382252319617873,-0.009071581106084525,0.9078540189059954
hw_v12_honest,2022,2024,a13_tens,A13 이닝 x 점수차,후반|0-1점,24933,-4.511400476525953,-0.5231532131147725,0.006934916492261023,-0.003610202146422159,-0.006934916492261023,0.8053523941384754
hw_v12_honest,2022,2024,a13_tens,A13 이닝 x 점수차,후반|2-3점,21189,-11.043573683651948,-11.899919935906684,0.01687427055659435,5.85966579652597e-05,-0.01687427055659435,0.9355588257191302
hw_v12_honest,2022,2024,a13_tens,A13 이닝 x 점수차,후반|4점+,25890,-0.7644981921944324,4.299915553340555,0.004854104845113949,0.0007768798227675289,-0.004854104845113949,0.8834790199731825
hw_v12_honest,2024,2022,a1_count,A1 볼카운트,0-0,57385,-3.2411800248664884,-4.074681017126105,-0.0015035290510329036,0.009738599569271367,0.0015035290510329036,0.8405645624413025
hw_v12_honest,2024,2022,a1_count,A1 볼카운트,0-1,27768,-1.9710293714126133,-1.0992813184507277,-0.009519909539575266,-0.0026777986410171373,0.009519909539575266,0.8506295365329
hw_v12_honest,2024,2022,a1_count,A1 볼카운트,0-2,14321,-0.4692288408515985,7.395094469371456,-0.001968127009847609,0.003664896924290395,0.001968127009847609,0.6087703084362301
hw_v12_honest,2024,2022,a1_count,A1 볼카운트,1-0,23181,5.03437444842033,5.159121023573744,0.004504438756299911,0.015716100827148582,-0.004504438756299911,0.9324987053889082
hw_v12_honest,2024,2022,a1_count,A1 볼카운트,1-1,22332,-5.580494009162891,-10.782281591897844,-0.004001394215664367,0.015438693494511935,0.004001394215664367,0.8057595755296604
hw_v12_honest,2024,2022,a1_count,A1 볼카운트,1-2,21751,-2.6120076552220954,-7.466305082014067,-0.007324217624673168,0.0009164794957801092,0.007324217624673168,0.562176185687118
hw_v12_honest,2024,2022,a1_count,A1 볼카운트,2-0,8177,1.4396194607605668,1.8931028646876384,0.004228344462428091,0.013741528215217458,-0.004228344462428091,0.9411637545105536
hw_v12_honest,2024,2022,a1_count,A1 볼카운트,2-1,11832,2.455116148586098,2.4716388941965017,0.0037101942973531976,0.017472716956897727,-0.0037101942973531976,0.9539492663052374
hw_v12_honest,2024,2022,a1_count,A1 볼카운트,2-2,18384,-0.7153413071154675,0.05457620341636585,-0.0030375778529542763,0.0020584133035594365,0.0030375778529542763,0.742692614243844
hw_v12_honest,2024,2022,a1_count,A1 볼카운트,3-0,2736,-1.4531624703181016,-12.66537639214065,0.007382040532841916,-0.016400799448743675,-0.007382040532841916,0.2434077342470598
hw_v12_honest,2024,2022,a1_count,A1 볼카운트,3-1,5227,1.018048539478199,-0.1743456919529538,0.009699835415021563,0.010457158903459274,-0.009699835415021563,0.8761349273218554
hw_v12_honest,2024,2022,a1_count,A1 볼카운트,3-2,10403,2.6562295520160255,3.3225847847366836,0.00727768907676668,0.013436251008224875,-0.00727768907676668,0.8121829565690821
hw_v12_honest,2024,2022,a1b_phase,A1b 카운트 국면,초구 0-0,57385,-3.2411800248664884,-4.074681017126105,-0.0015035290510329036,0.009738599569271367,0.0015035290510329036,0.8405645624413025
hw_v12_honest,2024,2022,a1b_phase,A1b 카운트 국면,투수우위 0-1,27768,-1.9710293714126133,-1.0992813184507277,-0.009519909539575266,-0.0026777986410171373,0.009519909539575266,0.8506295365329
hw_v12_honest,2024,2022,a1b_phase,A1b 카운트 국면,평행 1-1,22332,-5.580494009162891,-10.782281591897844,-0.004001394215664367,0.015438693494511935,0.004001394215664367,0.8057595755296604
hw_v12_honest,2024,2022,a1b_phase,A1b 카운트 국면,타자우위 1-0/2-0/2-1,43190,8.974308024629474,9.568100811804069,0.004233287886658721,0.01582349146848755,-0.004233287886658721,0.9401238913647606
hw_v12_honest,2024,2022,a1b_phase,A1b 카운트 국면,2스트라이크,54456,-3.719196675316121,0.711814179667519,-0.004474773051382441,0.00202477604925283,0.004474773051382441,0.6425020537657717
hw_v12_honest,2024,2022,a1b_phase,A1b 카운트 국면,3볼,7963,-0.8242199416419338,-8.858264311429881,0.008930965363108778,0.0012290571765187774,-0.008930965363108778,0.6640600455557063
hw_v12_honest,2024,2022,a1b_phase,A1b 카운트 국면,풀카운트,10403,2.6562295520160255,3.3225847847366836,0.00727768907676668,0.013436251008224875,-0.00727768907676668,0.8121829565690821
hw_v12_honest,2024,2022,a2_li,A2 경기 중요도 li,li<0.10,24526,1.3548470020714023,-7.382450197305071,0.006230807110492842,0.005591210870655283,-0.006230807110492842,0.5050946319784733
hw_v12_honest,2024,2022,a2_li,A2 경기 중요도 li,0.10-0.35,28107,-4.315134408896438,-2.9728425980283903,-0.004628148140252031,0.0069493212970276885,0.004628148140252031,0.9007590428269371
hw_v12_honest,2024,2022,a2_li,A2 경기 중요도 li,0.35-0.70,49973,-7.1747663211476995,-13.690172135387787,-0.002738942277211609,0.013268708657217965,0.002738942277211609,0.7864971608622209
hw_v12_honest,2024,2022,a2_li,A2 경기 중요도 li,0.70-1.20,57499,-5.652461795835057,-4.953746230697393,-0.00449327193092619,0.0038629567422162614,0.00449327193092619,0.8345929197486432
hw_v12_honest,2024,2022,a2_li,A2 경기 중요도 li,1.20-2.00,41631,-0.7627119579378433,-0.02166575626904829,-0.0006395710973043922,0.00767952396131244,0.0006395710973043922,0.877032189919394
hw_v12_honest,2024,2022,a2_li,A2 경기 중요도 li,li>=2.00,21761,1.7725132846627045,1.563879660312588,0.002363310553156084,0.010806361304401602,-0.002363310553156084,0.8780973306649962
hw_v12_honest,2024,2022,a3_load,A3 전시즌 경기당 대비 등판 투구수,<0.25,42782,2.193307133214814,5.667313835230125,0.0019897873855154735,0.008189869074906264,-0.0019897873855154735,0.8232149928440572
hw_v12_honest,2024,2022,a3_load,A3 전시즌 경기당 대비 등판 투구수,0.25-0.50,39845,3.335405009842376,6.130891071521785,0.0024252106740515478,0.010851403638970136,-0.0024252106740515478,0.8634346024879905
hw_v12_honest,2024,2022,a3_load,A3 전시즌 경기당 대비 등판 투구수,0.50-0.75,33206,-1.0376608092263193,5.090685660274472,-0.0006967736381008338,0.012175662168511514,0.0006967736381008338,0.8742979671778515
hw_v12_honest,2024,2022,a3_load,A3 전시즌 경기당 대비 등판 투구수,0.75-1.00,26002,-3.464377538836402,-4.244638105655122,-0.003129530867949648,0.010324002193712822,0.003129530867949648,0.9336823482276144
hw_v12_honest,2024,2022,a3_load,A3 전시즌 경기당 대비 등판 투구수,1.00-1.25,12785,1.6842544248206055,1.6669757934422613,0.0018395186466337865,0.0209183958886463,-0.0018395186466337865,0.8990103824842908
hw_v12_honest,2024,2022,a3_load,A3 전시즌 경기당 대비 등판 투구수,1.25-1.50,5772,0.3985570479670081,-0.006307580595731161,0.00840139809610807,0.00649584455988006,-0.00840139809610807,0.7464331297088764
hw_v12_honest,2024,2022,a3_load,A3 전시즌 경기당 대비 등판 투구수,>=1.50,12990,0.5124127191813569,-0.8829604761992877,0.004271625173131899,0.004714598154176908,-0.004271625173131899,0.8969947779556228
hw_v12_honest,2024,2022,a3_load,A3 전시즌 경기당 대비 등판 투구수,전시즌없음,50115,-9.680858500352246,-36.440705687849395,-0.011414297520161543,-0.0009811395129019629,0.011414297520161543,0.6657584461333641
hw_v12_honest,2024,2022,a3b_gp,A3b 등판 내 투구수,1-10,67227,2.310018741807827,1.359699912449701,0.000888139151227485,0.01124816409273205,-0.000888139151227485,0.7877158159415613
hw_v12_honest,2024,2022,a3b_gp,A3b 등판 내 투구수,11-20,46277,-2.052791303046172,-1.6042788623451474,-0.0011877492839779125,0.009835360096207668,0.0011877492839779125,0.8378223284066301
hw_v12_honest,2024,2022,a3b_gp,A3b 등판 내 투구수,21-35,33726,-0.4816573291993324,-3.0473763885364367,-0.000702969488306282,0.005321798675362255,0.000702969488306282,0.787084833607333
hw_v12_honest,2024,2022,a3b_gp,A3b 등판 내 투구수,36-60,36847,-0.6685791811891161,-0.28420114512714223,-0.001086241268953625,0.0041215612739619045,0.001086241268953625,0.8609028390264749
hw_v12_honest,2024,2022,a3b_gp,A3b 등판 내 투구수,61-80,24208,-3.8620763456370364,-1.333197793193633,-0.006140876175672938,0.0041844250098933555,0.006140876175672938,0.8164109499850687
hw_v12_honest,2024,2022,a3b_gp,A3b 등판 내 투구수,81+,15212,-5.721421631856917,-7.792924455247945,-0.008327131389134657,0.008449476181622506,0.008327131389134657,0.8433631767452231
hw_v12_honest,2024,2022,a4_prevp,A4 전시즌 투구수,없음,50115,-9.680858500352246,-36.440705687849395,-0.011414297520161543,-0.0009811395129019629,0.011414297520161543,0.6657584461333641
hw_v12_honest,2024,2022,a4_prevp,A4 전시즌 투구수,1-200,12654,7.474364632809131,0.7125353559213592,0.008790102960198165,0.023160117926152857,-0.008790102960198165,0.3845073930978239
hw_v12_honest,2024,2022,a4_prevp,A4 전시즌 투구수,201-600,24568,3.6159546957320394,12.241066616705043,0.013325652692484757,0.009747166764270287,-0.013325652692484757,0.7524397203208705
hw_v12_honest,2024,2022,a4_prevp,A4 전시즌 투구수,601-1200,65402,-4.177582116609201,-6.667980019142308,-0.0019737242641227892,0.008050571141982377,0.0019737242641227892,0.8582116770203446
hw_v12_honest,2024,2022,a4_prevp,A4 전시즌 투구수,1201-2000,27214,6.551503735550029,10.906492022904267,0.005271210129962067,0.015389296380159734,-0.005271210129962067,0.9330262641906873
hw_v12_honest,2024,2022,a4_prevp,A4 전시즌 투구수,2001-2600,23868,1.7249564083585633,-5.5053203902544405,0.0024476713168359865,0.009469138559339507,-0.0024476713168359865,0.7258390921314851
hw_v12_honest,2024,2022,a4_prevp,A4 전시즌 투구수,2601+,19676,-13.164724782443905,-12.245127687942883,-0.014249499079029615,0.005987372741950048,0.014249499079029615,0.9502358388889541
hw_v12_honest,2024,2022,a5_asofn,A5 투수 누적 이력,0-99,3959,2.2257356404759787,2.176432095509021,0.010467454962043654,0.02023211586171403,-0.010467454962043654,0.7504272622377784
hw_v12_honest,2024,2022,a5_asofn,A5 투수 누적 이력,100-499,17177,-3.5680834058480366,-11.165304261567476,-0.013139380505341025,-0.002154896591287092,0.013139380505341025,0.5696001051583811
hw_v12_honest,2024,2022,a5_asofn,A5 투수 누적 이력,500-1499,39741,-2.4933995912944265,-30.91366417102956,-0.0033362937530618253,0.0035833901098286103,0.0033362937530618253,0.5785909379227472
hw_v12_honest,2024,2022,a5_asofn,A5 투수 누적 이력,1500-3999,72150,1.9192957213131052,-1.3810113872725462,0.0009043236994409343,0.008666626502335406,-0.0009043236994409343,0.885069324983386
hw_v12_honest,2024,2022,a5_asofn,A5 투수 누적 이력,4000-7999,51095,-1.9543053815180174,-0.7717069254510504,-0.0006981018490384017,0.014950999215494476,0.0006981018490384017,0.9588282312260578
hw_v12_honest,2024,2022,a5_asofn,A5 투수 누적 이력,8000+,39375,-4.037231156548982,-3.3806043904310865,-0.004059481218072869,0.005023523250125672,0.004059481218072869,0.706278582723678
hw_v12_honest,2024,2022,a6_psucc,A6 투수 수준 5분위,Q1 최저,54380,4.738330754931616,8.749093840207014,0.00491275510987127,0.007409267428045818,-0.00491275510987127,0.7675928196674194
hw_v12_honest,2024,2022,a6_psucc,A6 투수 수준 5분위,Q2,52532,2.752441180969719,5.773883875446915,0.006403000468649611,0.0054866159423234695,-0.006403000468649611,0.331766774493471
hw_v12_honest,2024,2022,a6_psucc,A6 투수 수준 5분위,Q3,48603,-13.896424428356084,-22.830584979334,-0.0054185492279054115,0.012025876289596948,0.0054185492279054115,0.518932528273185
hw_v12_honest,2024,2022,a6_psucc,A6 투수 수준 5분위,Q4,40380,-14.202764691563374,-15.294270391970423,-0.007746704465658838,0.008805712146706779,0.007746704465658838,0.519081515194427
hw_v12_honest,2024,2022,a6_psucc,A6 투수 수준 5분위,Q5 최고,27565,-1.8967521924323865,-2.304064666931395,-0.0029472693106822323,0.0050461071016267844,0.0029472693106822323,0.7484715691697288
hw_v12_honest,2024,2022,a7_inning,A7 이닝,1-3회,75125,-0.6593057620818666,-6.526386925192366,-0.00044794362061317816,0.005247153327695653,0.00044794362061317816,0.8076129392501805
hw_v12_honest,2024,2022,a7_inning,A7 이닝,4-6회,74465,-10.754517962940957,-11.11116714220533,-0.0035310907858585594,0.00965606889417192,0.0035310907858585594,0.8125220412241457
hw_v12_honest,2024,2022,a7_inning,A7 이닝,7-8회,51708,-13.73795285687068,-11.397078219360248,-0.005955246790200652,0.009480772738142462,0.005955246790200652,0.8873438151659322
hw_v12_honest,2024,2022,a7_inning,A7 이닝,9회+,22199,2.084310053653505,1.0480851288378337,0.009971136519680013,0.007615120890313298,-0.009971136519680013,0.7301171228260344
hw_v12_honest,2024,2022,a8_hand,A8 손 매치업,1v1,28390,1.159102814073553,3.067498645883967,0.0010621569453269086,0.011265174899833696,-0.0010621569453269086,0.7061697827749495
hw_v12_honest,2024,2022,a8_hand,A8 손 매치업,1v2,37565,-1.3016323509042977,-13.48963394365218,0.0037262934034650863,-0.0007335756194799536,-0.0037262934034650863,0.6478817244962644
hw_v12_honest,2024,2022,a8_hand,A8 손 매치업,2v1,80544,-12.383998330786296,-11.813494346067985,-0.004221656239984384,0.008059675109965414,0.004221656239984384,0.8426662478362232
hw_v12_honest,2024,2022,a8_hand,A8 손 매치업,2v2,76998,-5.538034141690764,-3.663783060490603,-0.0017232575655908855,0.01079367529050107,0.0017232575655908855,0.8434327108459542
hw_v12_honest,2024,2022,a9_batn,A9 타자 누적 이력,0-99,1821,-0.649482775403567,-0.8688482532407336,-0.00377415894627553,0.024502661274422743,0.00377415894627553,0.9074552999231668
hw_v12_honest,2024,2022,a9_batn,A9 타자 누적 이력,100-499,9837,-2.920086132271144,-0.6566310491378439,-0.007273391537746421,0.007760385402722281,0.007273391537746421,0.7193292111144568
hw_v12_honest,2024,2022,a9_batn,A9 타자 누적 이력,500-1499,24706,-4.8412022276911975,-4.681376756073713,-0.004885072347672104,0.008758995346971776,0.004885072347672104,0.8477033476400943
hw_v12_honest,2024,2022,a9_batn,A9 타자 누적 이력,1500-3999,51239,-5.801052623064785,-17.378133355328647,-0.0053121563023491025,0.00329551085266111,0.0053121563023491025,0.754991308240937
hw_v12_honest,2024,2022,a9_batn,A9 타자 누적 이력,4000+,135894,7.057456732448231,9.602123522363796,0.0017140001381652503,0.009318253582398683,-0.0017140001381652503,0.8528758852902658
hw_v12_honest,2024,2022,a10_base,A10 주자 상황,___,116958,-0.7280067599009499,4.029959168301102,-0.000185411628724097,0.009282183044558301,0.000185411628724097,0.810985381736532
hw_v12_honest,2024,2022,a10_base,A10 주자 상황,1__,44920,-8.95092202874806,-12.100750830932204,-0.0058912898624873256,0.006499644118722614,0.0058912898624873256,0.8713398724739781
hw_v12_honest,2024,2022,a10_base,A10 주자 상황,_2_,17468,-0.20005810050335246,-0.611847384238491,-0.004873442185121202,-0.0017804628708446013,0.004873442185121202,0.7642146063247724
hw_v12_honest,2024,2022,a10_base,A10 주자 상황,__3,5733,-0.09179857093507403,0.3420267500247841,-0.001810676947968326,0.0015641705871202172,0.001810676947968326,0.9305426258038958
hw_v12_honest,2024,2022,a10_base,A10 주자 상황,12_,18986,0.6832170129710411,-4.1522984310473205,0.0009141072037504028,0.011450292913088245,-0.0009141072037504028,0.7528542909236008
hw_v12_honest,2024,2022,a10_base,A10 주자 상황,1_3,7419,-0.46848418840093425,0.845607812143343,-0.0018853774814259205,0.008410266779527442,0.0018853774814259205,0.8212201780611684
hw_v12_honest,2024,2022,a10_base,A10 주자 상황,_23,4798,-1.685845438229689,-1.757557150563493,-0.009626532407978172,0.0053793401593404955,0.009626532407978172,0.7791035121960392
hw_v12_honest,2024,2022,a10_base,A10 주자 상황,123,7215,2.270588041866562,0.8142139820043209,0.007518882055484566,0.015447606636084077,-0.007518882055484566,0.8934395284676533
hw_v12_honest,2024,2022,a11_typemo,A11 game_type x 월블록,R|early,87355,-16.69461792243751,-21.514493176670232,-0.007712394084167795,0.0030636599798517516,0.007712394084167795,0.8753104056407226
hw_v12_honest,2024,2022,a11_typemo,A11 game_type x 월블록,R|mid,68816,-10.612015448015216,-15.09966940504093,-0.004385879647038182,0.007625655395659625,0.004385879647038182,0.8446490735570309
hw_v12_honest,2024,2022,a11_typemo,A11 game_type x 월블록,R|late,67326,17.735817152636596,28.4340030418627,0.006507875313818967,0.01455779802881374,-0.006507875313818967,0.7176089238781891
hw_v12_honest,2024,2022,a12_role,A12 투수 역할(전시즌),불펜(<30구/경기),79963,2.2157562255527457,3.1240809392441213,0.0007382726821587027,0.010850401739700755,-0.0007382726821587027,0.853010727153238
hw_v12_honest,2024,2022,a12_role,A12 투수 역할(전시즌),스윙(30-70),31678,6.339431130953028,15.253864125681226,0.006286773688941871,0.012032579622087314,-0.006286773688941871,0.7745868596436698
hw_v12_honest,2024,2022,a12_role,A12 투수 역할(전시즌),선발(>=70),61741,-2.3052348204631805,0.3774970322074964,-0.001062822381001416,0.009278801840664763,0.001062822381001416,0.9062421029130004
hw_v12_honest,2024,2022,a12_role,A12 투수 역할(전시즌),전시즌없음,50115,-9.680858500352246,-36.440705687849395,-0.011414297520161543,-0.0009811395129019629,0.011414297520161543,0.6657584461333641
hw_v12_honest,2024,2022,a13_tens,A13 이닝 x 점수차,초반|0-1점,50063,1.3873687661092091,-0.7968466162882898,0.0012554074530930492,0.00679206321061443,-0.0012554074530930492,0.8698075478276651
hw_v12_honest,2024,2022,a13_tens,A13 이닝 x 점수차,초반|2-3점,17952,0.14787167420350703,-0.8301075282108029,0.00041259471219246,0.005781313259064169,-0.00041259471219246,0.6462088759873293
hw_v12_honest,2024,2022,a13_tens,A13 이닝 x 점수차,초반|4점+,7110,-1.3211009857455718,-4.196092309146381,-0.019328255338092237,-0.006979578396142272,0.019328255338092237,0.7443741141392775
hw_v12_honest,2024,2022,a13_tens,A13 이닝 x 점수차,중반|0-1점,27628,0.2155948660450941,1.6413021668726686,0.0003193284985750777,0.006983819622732479,-0.0003193284985750777,0.8603389645633281
hw_v12_honest,2024,2022,a13_tens,A13 이닝 x 점수차,중반|2-3점,24982,-18.16809003696265,-17.140872009346378,-0.010926778353105404,0.013122680193506542,0.010926778353105404,0.852357268736498
hw_v12_honest,2024,2022,a13_tens,A13 이닝 x 점수차,중반|4점+,21855,0.10828251910979475,-4.914248730602634,0.00015382252319617873,0.009071581106084525,-0.00015382252319617873,0.6845323202017193
hw_v12_honest,2024,2022,a13_tens,A13 이닝 x 점수차,후반|0-1점,22754,-2.5710111575974217,-0.574614340202862,-0.003610202146422159,0.006934916492261023,0.003610202146422159,0.7591225985556765
hw_v12_honest,2024,2022,a13_tens,A13 이닝 x 점수차,후반|2-3점,21063,0.07445018067996736,-0.5505502898616467,5.85966579652597e-05,0.01687427055659435,-5.85966579652597e-05,1.048903422968926
hw_v12_honest,2024,2022,a13_tens,A13 이닝 x 점수차,후반|4점+,30090,0.37382173255142753,-2.958133133203933,0.0007768798227675289,0.004854104845113949,-0.0007768798227675289,0.6895776119765885
ye_hand,2022,2024,a1_count,A1 볼카운트,0-0,56002,2.762863023300142,1.7094913654191173,0.012256199770725174,0.007220028123891553,-0.012256199770725174,1.011815742416263
ye_hand,2022,2024,a1_count,A1 볼카운트,0-1,27455,0.3345207825480874,1.8771479332303374,-0.0038897593709681377,-0.002794594190821842,0.0038897593709681377,0.9508478016049227
ye_hand,2022,2024,a1_count,A1 볼카운트,0-2,13808,2.5845305066151365,11.603706185623746,0.007511149634151448,0.010515448525322546,-0.007511149634151448,0.66914164849191
ye_hand,2022,2024,a1_count,A1 볼카운트,1-0,22089,3.30154695708803,3.1116026750157326,0.017221379177198848,0.010965021049203272,-0.017221379177198848,1.0374993983593597
ye_hand,2022,2024,a1_count,A1 볼카운트,1-1,22133,-6.150463896745032,-9.766281227560361,0.015836694581328692,0.0031584546193796914,-0.015836694581328692,1.1480661108426495
ye_hand,2022,2024,a1_count,A1 볼카운트,1-2,21152,0.014892147636755115,1.3576635019299317,0.0011943366355687823,0.0007570774449708884,-0.0011943366355687823,0.9632377792298581
ye_hand,2022,2024,a1_count,A1 볼카운트,2-0,7519,2.132129069574147,2.0016917540813806,0.020357494159612133,0.013957279905965292,-0.020357494159612133,1.000939770133434
ye_hand,2022,2024,a1_count,A1 볼카운트,2-1,11379,1.5808495805603295,1.567707572064179,0.021390189163760343,0.012456932438623447,-0.021390189163760343,1.0957233018586474
ye_hand,2022,2024,a1_count,A1 볼카운트,2-2,17854,0.7906172894408853,0.6551974993782255,0.0030309679730514683,0.005478661648342098,-0.0030309679730514683,1.0041271081337686
ye_hand,2022,2024,a1_count,A1 볼카운트,3-0,2406,-2.5468271046688247,-13.691007670410437,-0.011122495325143311,0.020255154638979755,0.011122495325143311,1.5875610234336766
ye_hand,2022,2024,a1_count,A1 볼카운트,3-1,4847,4.2009589738605495,-0.8747756702112542,0.016398373192043847,0.02253653261159594,-0.016398373192043847,1.3695005982359243
ye_hand,2022,2024,a1_count,A1 볼카운트,3-2,10380,6.258371764517797,7.172395729898749,0.01949106362535924,0.01813670291935643,-0.01949106362535924,0.863239883639659
ye_hand,2022,2024,a1b_phase,A1b 카운트 국면,초구 0-0,56002,2.762863023300142,1.7094913654191173,0.012256199770725174,0.007220028123891553,-0.012256199770725174,1.011815742416263
ye_hand,2022,2024,a1b_phase,A1b 카운트 국면,투수우위 0-1,27455,0.3345207825480874,1.8771479332303374,-0.0038897593709681377,-0.002794594190821842,0.0038897593709681377,0.9508478016049227
ye_hand,2022,2024,a1b_phase,A1b 카운트 국면,평행 1-1,22133,-6.150463896745032,-9.766281227560361,0.015836694581328692,0.0031584546193796914,-0.015836694581328692,1.1480661108426495
ye_hand,2022,2024,a1b_phase,A1b 카운트 국면,타자우위 1-0/2-0/2-1,40987,7.016352743431985,6.76679185202565,0.018957183112651155,0.011928137501839575,-0.018957183112651155,1.0483032816531856
ye_hand,2022,2024,a1b_phase,A1b 카운트 국면,2스트라이크,52814,2.142855485571921,10.692089157569763,0.0034755858911326154,0.004904514720020736,-0.0034755858911326154,0.90165006074872
ye_hand,2022,2024,a1b_phase,A1b 카운트 국면,3볼,7253,3.3985384761115034,-10.530193203811743,0.0069425027584102406,0.021779742951853087,-0.0069425027584102406,1.4281656079121967
ye_hand,2022,2024,a1b_phase,A1b 카운트 국면,풀카운트,10380,6.258371764517797,7.172395729898749,0.01949106362535924,0.01813670291935643,-0.01949106362535924,0.863239883639659
ye_hand,2022,2024,a2_li,A2 경기 중요도 li,li<0.10,20377,8.55348296547941,11.333543910221946,0.007310419505756838,0.01923116037236222,-0.007310419505756838,0.9652291353630185
ye_hand,2022,2024,a2_li,A2 경기 중요도 li,0.10-0.35,24902,2.653947149899667,3.1215994429316964,0.008203561464866727,0.007625892850345484,-0.008203561464866727,0.9787549683745569
ye_hand,2022,2024,a2_li,A2 경기 중요도 li,0.35-0.70,48047,-3.728044673493622,-6.7501017808583486,0.015045488028215592,0.00612379249478523,-0.015045488028215592,1.053384823691344
ye_hand,2022,2024,a2_li,A2 경기 중요도 li,0.70-1.20,58855,1.334269349785538,1.0855639104449708,0.006485418364817641,0.004190944791793827,-0.006485418364817641,1.001477699419971
ye_hand,2022,2024,a2_li,A2 경기 중요도 li,1.20-2.00,41808,-1.2396329056136348,-2.283151730200853,0.010018548075865663,0.0042064450804867315,-0.010018548075865663,1.048912195365786
ye_hand,2022,2024,a2_li,A2 경기 중요도 li,li>=2.00,23035,2.398827039333278,1.842864261340749,0.012100726422166475,0.008384860577807407,-0.012100726422166475,1.0276257989008344
ye_hand,2022,2024,a3_load,A3 전시즌 경기당 대비 등판 투구수,<0.25,43866,3.828742035135499,5.224584609382973,0.007745570666214785,0.006929597570736079,-0.007745570666214785,0.9654585630263349
ye_hand,2022,2024,a3_load,A3 전시즌 경기당 대비 등판 투구수,0.25-0.50,40366,3.7262166678367628,5.086212043208947,0.010546072941327977,0.007647446561754423,-0.010546072941327977,0.9614485213424635
ye_hand,2022,2024,a3_load,A3 전시즌 경기당 대비 등판 투구수,0.50-0.75,34107,-3.464432786879409,-2.3235935717818146,0.011531243924847279,0.0033761245111286753,-0.011531243924847279,0.9327420897994734
ye_hand,2022,2024,a3_load,A3 전시즌 경기당 대비 등판 투구수,0.75-1.00,25764,-3.9398165160775096,-4.849935446795293,0.00905524540618513,-5.3338283731885205e-05,-0.00905524540618513,1.0899851529071782
ye_hand,2022,2024,a3_load,A3 전시즌 경기당 대비 등판 투구수,1.00-1.25,11734,-2.230549136164954,-4.6666632910162615,0.019087291846120624,0.006842080379109716,-0.019087291846120624,1.0920219568392249
ye_hand,2022,2024,a3_load,A3 전시즌 경기당 대비 등판 투구수,1.25-1.50,5170,1.1891756985767907,2.145534309911942,0.005494575218377318,0.014103028415770158,-0.005494575218377318,0.92986408504597
ye_hand,2022,2024,a3_load,A3 전시즌 경기당 대비 등판 투구수,>=1.50,8731,0.6487231302303847,0.5470113384528047,0.0033550619800781223,0.0076849643100476706,-0.0033550619800781223,1.009827843519427
ye_hand,2022,2024,a3_load,A3 전시즌 경기당 대비 등판 투구수,전시즌없음,47286,11.482119226225022,3.2877288821411477,0.010491548445761556,0.011524102147399962,-0.010491548445761556,1.1312165350328696
ye_hand,2022,2024,a3b_gp,A3b 등판 내 투구수,1-10,63628,13.662903967060911,15.60724661967232,0.013066319647306035,0.010991113762606253,-0.013066319647306035,0.9726161876544728
ye_hand,2022,2024,a3b_gp,A3b 등판 내 투구수,11-20,41971,2.127088577079121,2.9159576308365467,0.0107055153074328,0.006636928462632863,-0.0107055153074328,0.971190072331432
ye_hand,2022,2024,a3b_gp,A3b 등판 내 투구수,21-35,31720,3.9996148482044447,2.7643695491187823,0.007694195616826938,0.008292549360900625,-0.007694195616826938,1.0261346967639726
ye_hand,2022,2024,a3b_gp,A3b 등판 내 투구수,36-60,36939,2.3641484808304396,1.0553261203935116,0.006910456384986441,0.005967559997498317,-0.006910456384986441,1.0465661699534978
ye_hand,2022,2024,a3b_gp,A3b 등판 내 투구수,61-80,25270,-1.1215341561824335,-1.3472110722852764,0.0071052564668658835,0.001858206099797477,-0.0071052564668658835,1.0072896095290182
ye_hand,2022,2024,a3b_gp,A3b 등판 내 투구수,81+,17496,-3.9785949174164696,-5.715662706235387,0.01019560203463643,-0.0009524332355875798,-0.01019560203463643,1.133997306916417
ye_hand,2022,2024,a4_prevp,A4 전시즌 투구수,없음,47286,11.482119226225022,3.2877288821411477,0.010491548445761556,0.011524102147399962,-0.010491548445761556,1.1312165350328696
ye_hand,2022,2024,a4_prevp,A4 전시즌 투구수,1-200,12427,13.841068216172223,27.213292714252535,0.03347756835541871,0.025763707424478755,-0.03347756835541871,0.610639540023585
ye_hand,2022,2024,a4_prevp,A4 전시즌 투구수,201-600,23871,18.020791898401452,27.767797008834872,0.015589100384371835,0.020930948763814516,-0.015589100384371835,0.6556014736934276
ye_hand,2022,2024,a4_prevp,A4 전시즌 투구수,601-1200,50346,0.8678700234216878,-0.1881699806988227,0.004790529084101103,0.003371378104571443,-0.004790529084101103,1.0156377691087486
ye_hand,2022,2024,a4_prevp,A4 전시즌 투구수,1201-2000,31403,6.677143502976967,8.769344430242098,0.011244535616382167,0.010751733841117939,-0.011244535616382167,0.916698875522963
ye_hand,2022,2024,a4_prevp,A4 전시즌 투구수,2001-2600,25524,-1.393336186193366,-3.7739758950427222,0.0065148804680879024,0.0009844642856113306,-0.0065148804680879024,1.095937256788085
ye_hand,2022,2024,a4_prevp,A4 전시즌 투구수,2601+,26167,-9.642492932041632,-7.495957110640863,0.005480479584062503,-0.01549917678062529,-0.005480479584062503,1.115053093192
ye_hand,2022,2024,a5_asofn,A5 투수 누적 이력,0-99,4387,7.46934817369238,7.244393090310326,0.024141040118440704,0.031202204263394206,-0.024141040118440704,1.0120477408165014
ye_hand,2022,2024,a5_asofn,A5 투수 누적 이력,100-499,16944,7.2281386881754255,10.654405226050807,0.01508133355389324,0.015213661518977906,-0.01508133355389324,0.8912788454853453
ye_hand,2022,2024,a5_asofn,A5 투수 누적 이력,500-1499,42035,14.504129269066247,11.768940971659918,0.012695503736608493,0.013720421679036143,-0.012695503736608493,1.0190185806062668
ye_hand,2022,2024,a5_asofn,A5 투수 누적 이력,1500-3999,76996,5.858912800133389,1.8816947167516318,0.008633805664220784,0.00670768888311557,-0.008633805664220784,1.042185439553759
ye_hand,2022,2024,a5_asofn,A5 투수 누적 이력,4000-7999,60064,-10.58575029486523,-11.41729464061686,0.011124775326385117,0.0012649433540521393,-0.011124775326385117,0.9777435344925218
ye_hand,2022,2024,a5_asofn,A5 투수 누적 이력,8000+,16598,-1.6461433706655735,-1.6818954325678759,0.0041789014615147835,-0.004348444107834082,-0.0041789014615147835,0.9966959458035044
ye_hand,2022,2024,a6_psucc,A6 투수 수준 5분위,Q1 최저,33663,4.121914563568938,4.257029316183159,0.008278055618479552,0.008151499122478867,-0.008278055618479552,0.976934133495846
ye_hand,2022,2024,a6_psucc,A6 투수 수준 5분위,Q2,40640,10.397450877901932,16.96973575748784,0.008669808086836595,0.012339838967085237,-0.008669808086836595,0.8722758721562901
ye_hand,2022,2024,a6_psucc,A6 투수 수준 5분위,Q3,44222,-3.973893535377511,-18.69240396285749,0.01404712670373054,0.005288223822997318,-0.01404712670373054,1.204107261702512
ye_hand,2022,2024,a6_psucc,A6 투수 수준 5분위,Q4,52849,-5.8205854336134,-11.023767096421814,0.008516241772103084,0.0007499880995400776,-0.008516241772103084,1.0786282359030364
ye_hand,2022,2024,a6_psucc,A6 투수 수준 5분위,Q5 최고,45604,7.820138886844454,-12.302319767917401,0.01016134539593827,0.009658447531694203,-0.01016134539593827,1.241558558816054
ye_hand,2022,2024,a7_inning,A7 이닝,1-3회,72677,2.8701703821581885,-3.3307659385439794,0.007552879675604918,0.0051948186409838115,-0.007552879675604918,1.0819489664172819
ye_hand,2022,2024,a7_inning,A7 이닝,4-6회,72335,-0.5306149922762249,-2.901145912815061,0.012287360277960069,0.005981735509501984,-0.012287360277960069,1.0232438463670395
ye_hand,2022,2024,a7_inning,A7 이닝,7-8회,49396,0.5382061183347034,-0.5534111288696966,0.009960382027376646,0.005276930243002187,-0.009960382027376646,0.8882326985817186
ye_hand,2022,2024,a7_inning,A7 이닝,9회+,22616,11.20061654093438,11.966009812486762,0.009803701729956094,0.018605308320911396,-0.009803701729956094,0.9857669787687863
ye_hand,2022,2024,a8_hand,A8 손 매치업,1v1,26793,18.352499030835506,19.012940747522173,0.01943941784832165,0.019278098395830556,-0.01943941784832165,0.9847619000348468
ye_hand,2022,2024,a8_hand,A8 손 매치업,1v2,27640,0.9298639099675836,-4.00755802975359,0.0012137892272529038,0.00812541162277558,-0.0012137892272529038,1.0750364942130977
ye_hand,2022,2024,a8_hand,A8 손 매치업,2v1,83214,-3.794580421699376,-3.243912303011719,0.006479870231784313,0.0013309824216276578,-0.006479870231784313,0.988638724298033
ye_hand,2022,2024,a8_hand,A8 손 매치업,2v2,79377,3.937100470155515,4.42059022773127,0.014229674073593546,0.008060379365727344,-0.014229674073593546,0.9363680966260111
ye_hand,2022,2024,a9_batn,A9 타자 누적 이력,0-99,3441,5.8943859575329824,5.153185196646455,0.035669287895794544,0.030861918605758376,-0.035669287895794544,1.0209130445264019
ye_hand,2022,2024,a9_batn,A9 타자 누적 이력,100-499,14808,6.539469670687194,15.530337099705301,0.013984328845162541,0.015558569521776588,-0.013984328845162541,0.7504204951879085
ye_hand,2022,2024,a9_batn,A9 타자 누적 이력,500-1499,34054,9.964035209651021,8.638040483968089,0.013015499676374498,0.012605931925422587,-0.013015499676374498,1.0290612365191234
ye_hand,2022,2024,a9_batn,A9 타자 누적 이력,1500-3999,50087,2.0010788866914955,-10.003267536053967,0.00486536562874218,0.004660183358367598,-0.00486536562874218,1.1191784536312737
ye_hand,2022,2024,a9_batn,A9 타자 누적 이력,4000+,114634,-4.524145805757596,-4.859095104239047,0.010608835980538134,0.004295282400159528,-0.010608835980538134,1.0019049991188536
ye_hand,2022,2024,a10_base,A10 주자 상황,___,116959,18.010400787854756,21.36278498975848,0.011541570979907823,0.009390038264031952,-0.011541570979907823,0.9653549755462819
ye_hand,2022,2024,a10_base,A10 주자 상황,1__,43047,-1.8312705333287382,-3.5541544304025603,0.007108845883501469,0.0019311011087107532,-0.007108845883501469,1.061790050801663
ye_hand,2022,2024,a10_base,A10 주자 상황,_2_,16187,0.28261953791302696,-1.5298940170955007,0.0016324755890603226,0.0037174749533277485,-0.0016324755890603226,1.0669767585163996
ye_hand,2022,2024,a10_base,A10 주자 상황,__3,5285,-0.0237593897471538,0.12675109593241637,-0.001043831971578757,0.0006463824820839292,0.001043831971578757,0.9444878349864784
ye_hand,2022,2024,a10_base,A10 주자 상황,12_,17551,1.0914296953064861,-2.823520464835912,0.015870130714291275,0.008998002314960618,-0.015870130714291275,1.1276499607475559
ye_hand,2022,2024,a10_base,A10 주자 상황,1_3,6960,-0.3645519795214128,0.17868584233909693,0.0084319286202163,0.0025308963864275613,-0.0084319286202163,0.9154450313651749
ye_hand,2022,2024,a10_base,A10 주자 상황,_23,4595,-0.9776812696221587,-1.220948527236014,0.007210193005470988,-0.004399860451878235,-0.007210193005470988,0.8916914700717441
ye_hand,2022,2024,a10_base,A10 주자 상황,123,6440,2.274763514690251,1.8771321162115617,0.017304321612785056,0.014189357108654321,-0.017304321612785056,1.2777217818733806
ye_hand,2022,2024,a11_typemo,A11 game_type x 월블록,R|early,75061,-5.980942826882408,-13.471811202868219,0.007976370650690456,0.0012783425749550714,-0.007976370650690456,1.0568304433329399
ye_hand,2022,2024,a11_typemo,A11 game_type x 월블록,R|mid,64405,6.08675006059954,0.4491981649782778,0.00903940560930494,0.00735579354438376,-0.00903940560930494,1.0740470386037673
ye_hand,2022,2024,a11_typemo,A11 game_type x 월블록,R|late,77558,19.911319439181604,22.503584111204287,0.013311656458159016,0.011887439290272306,-0.013311656458159016,0.8776697296065507
ye_hand,2022,2024,a12_role,A12 투수 역할(전시즌),불펜(<30구/경기),65155,9.638326204044505,13.459632762571427,0.011102111659208602,0.00916550725344667,-0.011102111659208602,0.9435878014055964
ye_hand,2022,2024,a12_role,A12 투수 역할(전시즌),스윙(30-70),33492,13.527936332032832,31.329222982898756,0.011192612420463377,0.015385639496894254,-0.011192612420463377,0.7621123268101788
ye_hand,2022,2024,a12_role,A12 투수 역할(전시즌),선발(>=70),71091,-11.28977056859413,-12.673089055409173,0.007239119808278405,-0.0023312878641540413,-0.007239119808278405,1.0700672181374535
ye_hand,2022,2024,a12_role,A12 투수 역할(전시즌),전시즌없음,47286,11.482119226225022,3.2877288821411477,0.010491548445761556,0.011524102147399962,-0.010491548445761556,1.1312165350328696
ye_hand,2022,2024,a13_tens,A13 이닝 x 점수차,초반|0-1점,52862,2.4862593090462166,-4.201302482923419,0.009630769426933528,0.006140140905924629,-0.009630769426933528,1.1277126877882648
ye_hand,2022,2024,a13_tens,A13 이닝 x 점수차,초반|2-3점,14390,1.132781042736067,1.8941008509597392,0.006660694214686624,0.006536319617769792,-0.006660694214686624,0.9497598846039805
ye_hand,2022,2024,a13_tens,A13 이닝 x 점수차,초반|4점+,5425,0.4981621298532741,-0.47880444554070484,-0.004825303337948061,-0.00757491861712789,0.004825303337948061,1.1453774124427774
ye_hand,2022,2024,a13_tens,A13 이닝 x 점수차,중반|0-1점,30302,3.505389165458542,2.9492574868378805,0.010540929165407775,0.008247473688699936,-0.010540929165407775,1.0159831503714596
ye_hand,2022,2024,a13_tens,A13 이닝 x 점수차,중반|2-3점,24508,-13.801805338638353,-14.144170084664099,0.015557462728665539,-0.0020406328458573153,-0.015557462728665539,1.0160819175928577
ye_hand,2022,2024,a13_tens,A13 이닝 x 점수차,중반|4점+,17525,5.493317299187916,2.9246715113474777,0.010757124604387325,0.01328306534385737,-0.010757124604387325,1.0444918197666355
ye_hand,2022,2024,a13_tens,A13 이닝 x 점수차,후반|0-1점,24933,0.001316089670531011,2.9146781911783894,0.005686945455292802,0.0028459905552612463,-0.005686945455292802,0.9056541215292542
ye_hand,2022,2024,a13_tens,A13 이닝 x 점수차,후반|2-3점,21189,1.8324268388562481,-2.587669985030318,0.017653322165782914,0.010155535216368305,-0.017653322165782914,0.8491523468987103
ye_hand,2022,2024,a13_tens,A13 이닝 x 점수차,후반|4점+,25890,8.38491024091934,9.185183804829276,0.007691297005891329,0.01526814140807703,-0.007691297005891329,0.9865453954902479
ye_hand,2024,2022,a1_count,A1 볼카운트,0-0,57385,12.828155529284173,3.108980961723758,0.007220028123891553,0.012256199770725174,-0.007220028123891553,0.8105065791851612
ye_hand,2024,2022,a1_count,A1 볼카운트,0-1,27768,0.6926188843854227,-1.3763034946313226,-0.002794594190821842,-0.0038897593709681377,0.002794594190821842,0.7891162350408475
ye_hand,2024,2022,a1_count,A1 볼카운트,0-2,14321,1.2151970550589613,4.162980915288625,0.010515448525322546,0.007511149634151448,-0.010515448525322546,0.4737401860322165
ye_hand,2024,2022,a1_count,A1 볼카운트,1-0,23181,10.684895081616435,10.365296976783611,0.010965021049203272,0.017221379177198848,-0.010965021049203272,0.9764757996285828
ye_hand,2024,2022,a1_count,A1 볼카운트,1-1,22332,3.6011982126724082,-4.721731066548724,0.0031584546193796914,0.015836694581328692,-0.0031584546193796914,0.8152604745904551
ye_hand,2024,2022,a1_count,A1 볼카운트,1-2,21751,0.04810658278898365,-6.105178822539601,0.0007570774449708884,0.0011943366355687823,-0.0007570774449708884,0.656249633810751
ye_hand,2024,2022,a1_count,A1 볼카운트,2-0,8177,5.467843668074658,5.5186939660812415,0.013957279905965292,0.020357494159612133,-0.013957279905965292,1.0103183198191574
ye_hand,2024,2022,a1_count,A1 볼카운트,2-1,11832,8.002399127518087,8.042254832904332,0.012456932438623447,0.021390189163760343,-0.012456932438623447,1.0039513815654304
ye_hand,2024,2022,a1_count,A1 볼카운트,2-2,18384,0.1051864304323277,-2.467304808370977,0.005478661648342098,0.0030309679730514683,-0.005478661648342098,0.7756736095925649
ye_hand,2024,2022,a1_count,A1 볼카운트,3-0,2736,-4.217105416406507,-9.799884859344607,0.020255154638979755,-0.011122495325143311,-0.020255154638979755,0.43851282629364235
ye_hand,2024,2022,a1_count,A1 볼카운트,3-1,5227,2.1640554961235274,-0.10183814346800131,0.02253653261159594,0.016398373192043847,-0.02253653261159594,0.8313492325464495
ye_hand,2024,2022,a1_count,A1 볼카운트,3-2,10403,7.042065565563159,7.120278860326841,0.01813670291935643,0.01949106362535924,-0.01813670291935643,0.7887970734525764
ye_hand,2024,2022,a1b_phase,A1b 카운트 국면,초구 0-0,57385,12.828155529284173,3.108980961723758,0.007220028123891553,0.012256199770725174,-0.007220028123891553,0.8105065791851612
ye_hand,2024,2022,a1b_phase,A1b 카운트 국면,투수우위 0-1,27768,0.6926188843854227,-1.3763034946313226,-0.002794594190821842,-0.0038897593709681377,0.002794594190821842,0.7891162350408475
ye_hand,2024,2022,a1b_phase,A1b 카운트 국면,평행 1-1,22332,3.6011982126724082,-4.721731066548724,0.0031584546193796914,0.015836694581328692,-0.0031584546193796914,0.8152604745904551
ye_hand,2024,2022,a1b_phase,A1b 카운트 국면,타자우위 1-0/2-0/2-1,43190,23.970190411663726,23.756999994815764,0.011928137501839575,0.018957183112651155,-0.011928137501839575,0.991707765061988
ye_hand,2024,2022,a1b_phase,A1b 카운트 국면,2스트라이크,54456,0.978721761375997,-7.175582465299652,0.004904514720020736,0.0034755858911326154,-0.004904514720020736,0.653016650847048
ye_hand,2024,2022,a1b_phase,A1b 카운트 국면,3볼,7963,-2.451543155442033,-9.373967332960968,0.021779742951853087,0.0069425027584102406,-0.021779742951853087,0.6973317349907169
ye_hand,2024,2022,a1b_phase,A1b 카운트 국면,풀카운트,10403,7.042065565563159,7.120278860326841,0.01813670291935643,0.01949106362535924,-0.01813670291935643,0.7887970734525764
ye_hand,2024,2022,a2_li,A2 경기 중요도 li,li<0.10,24526,-3.893460729879361,-12.406880565677696,0.01923116037236222,0.007310419505756838,-0.01923116037236222,0.48577879329638785
ye_hand,2024,2022,a2_li,A2 경기 중요도 li,0.10-0.35,28107,3.3700235461227765,0.15063045217318297,0.007625892850345484,0.008203561464866727,-0.007625892850345484,0.7904309071497749
ye_hand,2024,2022,a2_li,A2 경기 중요도 li,0.35-0.70,49973,13.132435506625178,-1.1777165666029668,0.00612379249478523,0.015045488028215592,-0.00612379249478523,0.7883010747926557
ye_hand,2024,2022,a2_li,A2 경기 중요도 li,0.70-1.20,57499,3.788207753157435,-1.2072647829103165,0.004190944791793827,0.006485418364817641,-0.004190944791793827,0.849962647030189
ye_hand,2024,2022,a2_li,A2 경기 중요도 li,1.20-2.00,41631,4.963673755242204,2.418821802946426,0.0042064450804867315,0.010018548075865663,-0.0042064450804867315,0.9168184635646318
ye_hand,2024,2022,a2_li,A2 경기 중요도 li,li>=2.00,21761,5.167256260970563,3.6136898129679964,0.008384860577807407,0.012100726422166475,-0.008384860577807407,0.8912527708009633
ye_hand,2024,2022,a3_load,A3 전시즌 경기당 대비 등판 투구수,<0.25,42782,4.544578032135876,-0.007014990197872741,0.006929597570736079,0.007745570666214785,-0.006929597570736079,0.7889289294753793
ye_hand,2024,2022,a3_load,A3 전시즌 경기당 대비 등판 투구수,0.25-0.50,39845,7.335230449934198,2.3323869447274173,0.007647446561754423,0.010546072941327977,-0.007647446561754423,0.7817656834879068
ye_hand,2024,2022,a3_load,A3 전시즌 경기당 대비 등판 투구수,0.50-0.75,33206,3.9515993134877205,2.4737506633289383,0.0033761245111286753,0.011531243924847279,-0.0033761245111286753,0.8324458682592034
ye_hand,2024,2022,a3_load,A3 전시즌 경기당 대비 등판 투구수,0.75-1.00,26002,-0.045105093207045574,-1.0034325706124145,-5.3338283731885205e-05,0.00905524540618513,5.3338283731885205e-05,0.9556870395033649
ye_hand,2024,2022,a3_load,A3 전시즌 경기당 대비 등판 투구수,1.00-1.25,12785,4.907455666471154,-1.7550579375646431,0.006842080379109716,0.019087291846120624,-0.006842080379109716,0.6867534889244812
ye_hand,2024,2022,a3_load,A3 전시즌 경기당 대비 등판 투구수,1.25-1.50,5772,-0.45385035555872727,-1.0200418372448083,0.014103028415770158,0.005494575218377318,-0.014103028415770158,0.6316710931051561
ye_hand,2024,2022,a3_load,A3 전시즌 경기당 대비 등판 투구수,>=1.50,12990,-0.17424362164850168,-0.16329892010354727,0.0076849643100476706,0.0033550619800781223,-0.0076849643100476706,0.8969757299453034
ye_hand,2024,2022,a3_load,A3 전시즌 경기당 대비 등판 투구수,전시즌없음,50115,9.781201468601743,2.0297829273001335,0.011524102147399962,0.010491548445761556,-0.011524102147399962,0.8747437127570054
ye_hand,2024,2022,a3b_gp,A3b 등판 내 투구수,1-10,67227,20.032144946826268,9.164981412075452,0.010991113762606253,0.013066319647306035,-0.010991113762606253,0.7654441881765044
ye_hand,2024,2022,a3b_gp,A3b 등판 내 투구수,11-20,46277,8.124671635242805,2.713221451851142,0.006636928462632863,0.0107055153074328,-0.006636928462632863,0.8119446950215757
ye_hand,2024,2022,a3b_gp,A3b 등판 내 투구수,21-35,33726,3.5532782399009073,-2.901145752325729,0.008292549360900625,0.007694195616826938,-0.008292549360900625,0.7833560339588895
ye_hand,2024,2022,a3b_gp,A3b 등판 내 투구수,36-60,36847,3.091906990955075,0.16662920081335228,0.005967559997498317,0.006910456384986441,-0.005967559997498317,0.8856872759754342
ye_hand,2024,2022,a3b_gp,A3b 등판 내 투구수,61-80,24208,0.9948858397084052,-1.3776405968697423,0.001858206099797477,0.0071052564668658835,-0.001858206099797477,0.8509652294017439
ye_hand,2024,2022,a3b_gp,A3b 등판 내 투구수,81+,15212,-0.5536836221204932,-1.8569919488066582,-0.0009524332355875798,0.01019560203463643,0.0009524332355875798,0.9270914304527265
ye_hand,2024,2022,a4_prevp,A4 전시즌 투구수,없음,50115,9.781201468601743,2.0297829273001335,0.011524102147399962,0.010491548445761556,-0.011524102147399962,0.8747437127570054
ye_hand,2024,2022,a4_prevp,A4 전시즌 투구수,1-200,12654,24.044482635144487,15.419074961145787,0.025763707424478755,0.03347756835541871,-0.025763707424478755,0.27693290435835516
ye_hand,2024,2022,a4_prevp,A4 전시즌 투구수,201-600,24568,9.434926497521534,16.28183597247781,0.020930948763814516,0.015589100384371835,-0.020930948763814516,0.6679802951444319
ye_hand,2024,2022,a4_prevp,A4 전시즌 투구수,601-1200,65402,2.4515463161526223,-5.700572522004632,0.003371378104571443,0.004790529084101103,-0.003371378104571443,0.8133457835916045
ye_hand,2024,2022,a4_prevp,A4 전시즌 투구수,1201-2000,27214,6.149118471022524,5.074464995773315,0.010751733841117939,0.011244535616382167,-0.010751733841117939,0.798651034044088
ye_hand,2024,2022,a4_prevp,A4 전시즌 투구수,2001-2600,23868,0.5067641467742755,-6.900828210240575,0.0009844642856113306,0.0065148804680879024,-0.0009844642856113306,0.7980935864003701
ye_hand,2024,2022,a4_prevp,A4 전시즌 투구수,2601+,19676,-14.448072201768644,-13.706447639059666,-0.01549917678062529,0.005480479584062503,0.01549917678062529,1.2304337328011408
ye_hand,2024,2022,a5_asofn,A5 투수 누적 이력,0-99,3959,3.777703569296018,2.2779284051058846,0.031202204263394206,0.024141040118440704,-0.031202204263394206,0.7123262311598454
ye_hand,2024,2022,a5_asofn,A5 투수 누적 이력,100-499,17177,6.994646262135253,3.2426495644979134,0.015213661518977906,0.01508133355389324,-0.015213661518977906,0.6559920962858592
ye_hand,2024,2022,a5_asofn,A5 투수 누적 이력,500-1499,39741,11.39387084191165,-14.701899623800836,0.013720421679036143,0.012695503736608493,-0.013720421679036143,0.5964582418737345
ye_hand,2024,2022,a5_asofn,A5 투수 누적 이력,1500-3999,72150,9.150448084866822,-0.44245994841377834,0.00670768888311557,0.008633805664220784,-0.00670768888311557,0.8391036386591842
ye_hand,2024,2022,a5_asofn,A5 투수 누적 이력,4000-7999,51095,2.428413921253895,2.539763106763098,0.0012649433540521393,0.011124775326385117,-0.0012649433540521393,1.043349093377171
ye_hand,2024,2022,a5_asofn,A5 투수 누적 이력,8000+,39375,-3.895328963103494,-3.8511670634355397,-0.004348444107834082,0.0041789014615147835,0.004348444107834082,1.0128114140372286
ye_hand,2024,2022,a6_psucc,A6 투수 수준 5분위,Q1 최저,54380,6.670628439424164,6.3568148830322135,0.008151499122478867,0.008278055618479552,-0.008151499122478867,0.9101271146690411
ye_hand,2024,2022,a6_psucc,A6 투수 수준 5분위,Q2,52532,5.803052058491655,-2.1539233252247985,0.012339838967085237,0.008669808086836595,-0.012339838967085237,0.4960608306469555
ye_hand,2024,2022,a6_psucc,A6 투수 수준 5분위,Q3,48603,10.495302845441328,-23.89041384421507,0.005288223822997318,0.01404712670373054,-0.005288223822997318,0.43196764926204084
ye_hand,2024,2022,a6_psucc,A6 투수 수준 5분위,Q4,40380,0.8829051267472309,-11.634453940562317,0.0007499880995400776,0.008516241772103084,-0.0007499880995400776,0.5225593146931127
ye_hand,2024,2022,a6_psucc,A6 투수 수준 5분위,Q5 최고,27565,5.083557629419945,-26.546747013601497,0.009658447531694203,0.01016134539593827,-0.009658447531694203,0.44813843221095506
ye_hand,2024,2022,a7_inning,A7 이닝,1-3회,75125,6.925356581134615,-6.571219356985264,0.0051948186409838115,0.007552879675604918,-0.0051948186409838115,0.8384378135777616
ye_hand,2024,2022,a7_inning,A7 이닝,4-6회,74465,14.82862581931945,-3.9735780730341674,0.005981735509501984,0.012287360277960069,-0.005981735509501984,0.782944551389891
ye_hand,2024,2022,a7_inning,A7 이닝,7-8회,51708,7.154285567772611,7.614169204357077,0.005276930243002187,0.009960382027376646,-0.005276930243002187,0.9220456215670721
ye_hand,2024,2022,a7_inning,A7 이닝,9회+,22199,0.7410570179103878,-5.349897093015138,0.018605308320911396,0.009803701729956094,-0.018605308320911396,0.6083990719263637
ye_hand,2024,2022,a8_hand,A8 손 매치업,1v1,28390,19.207656464242504,12.033679854974737,0.019278098395830556,0.01943941784832165,-0.019278098395830556,0.711422262650123
ye_hand,2024,2022,a8_hand,A8 손 매치업,1v2,37565,-3.1139445843121387,-19.84945738460602,0.00812541162277558,0.0012137892272529038,-0.00812541162277558,0.6676929133978033
ye_hand,2024,2022,a8_hand,A8 손 매치업,2v1,80544,2.2320875975645578,-6.62296366735159,0.0013309824216276578,0.006479870231784313,-0.0013309824216276578,0.8083878634354755
ye_hand,2024,2022,a8_hand,A8 손 매치업,2v2,76998,22.66812124853525,16.338391237198817,0.008060379365727344,0.014229674073593546,-0.008060379365727344,0.8491497260521829
ye_hand,2024,2022,a9_batn,A9 타자 누적 이력,0-99,1821,4.0729576306609125,0.09263545250571996,0.030861918605758376,0.035669287895794544,-0.030861918605758376,0.5168834411188546
ye_hand,2024,2022,a9_batn,A9 타자 누적 이력,100-499,9837,3.4007882356267616,0.758539594794782,0.015558569521776588,0.013984328845162541,-0.015558569521776588,0.4967372325122035
ye_hand,2024,2022,a9_batn,A9 타자 누적 이력,500-1499,24706,7.486283278317584,3.734639080372452,0.012605931925422587,0.013015499676374498,-0.012605931925422587,0.8149402697725264
ye_hand,2024,2022,a9_batn,A9 타자 누적 이력,1500-3999,51239,2.167858472130538,-22.48381228506342,0.004660183358367598,0.00486536562874218,-0.004660183358367598,0.7088126328705641
ye_hand,2024,2022,a9_batn,A9 타자 누적 이력,4000+,135894,17.685855793181986,17.165785357807348,0.004295282400159528,0.010608835980538134,-0.004295282400159528,0.9792629163027509
ye_hand,2024,2022,a10_base,A10 주자 상황,___,116958,26.925983703712962,12.843045130298652,0.009390038264031952,0.011541570979907823,-0.009390038264031952,0.788677944167163
ye_hand,2024,2022,a10_base,A10 주자 상황,1__,44920,1.9083082889272975,-2.145751990091332,0.0019311011087107532,0.007108845883501469,-0.0019311011087107532,0.8990667218577677
ye_hand,2024,2022,a10_base,A10 주자 상황,_2_,17468,-0.052614448483761615,-4.419942399235947,0.0037174749533277485,0.0016324755890603226,-0.0037174749533277485,0.768255343035716
ye_hand,2024,2022,a10_base,A10 주자 상황,__3,5733,-0.01814052245998377,-0.04037210968457945,0.0006463824820839292,-0.001043831971578757,-0.0006463824820839292,0.8738430326579867
ye_hand,2024,2022,a10_base,A10 주자 상황,12_,18986,6.956416345340464,-2.1815995184616965,0.008998002314960618,0.015870130714291275,-0.008998002314960618,0.7481166920610419
ye_hand,2024,2022,a10_base,A10 주자 상황,1_3,7419,0.4818679461146597,-0.342496057798518,0.0025308963864275613,0.0084319286202163,-0.0025308963864275613,0.7654133093036035
ye_hand,2024,2022,a10_base,A10 주자 상황,_23,4798,-0.7113721176600099,-0.7272698998621933,-0.004399860451878235,0.007210193005470988,0.004399860451878235,0.9315045567287267
ye_hand,2024,2022,a10_base,A10 주자 상황,123,7215,3.742932501447576,4.901034233623074,0.014189357108654321,0.017304321612785056,-0.014189357108654321,1.096040111421998
ye_hand,2024,2022,a11_typemo,A11 game_type x 월블록,R|early,87355,2.934051436155943,-32.64758109769168,0.0012783425749550714,0.007976370650690456,-0.0012783425749550714,0.7375296288788914
ye_hand,2024,2022,a11_typemo,A11 game_type x 월블록,R|mid,68816,9.71870421641253,-2.345246402671735,0.00735579354438376,0.00903940560930494,-0.00735579354438376,0.8415235902011714
ye_hand,2024,2022,a11_typemo,A11 game_type x 월블록,R|late,67326,21.11637663512021,23.426730798549812,0.011887439290272306,0.013311656458159016,-0.011887439290272306,0.8630984563403933
ye_hand,2024,2022,a12_role,A12 투수 역할(전시즌),불펜(<30구/경기),79963,17.110109908955952,10.538945974720312,0.00916550725344667,0.011102111659208602,-0.00916550725344667,0.7937044477043057
ye_hand,2024,2022,a12_role,A12 투수 역할(전시즌),스윙(30-70),31678,6.108266913900114,6.323734143472955,0.015385639496894254,0.011192612420463377,-0.015385639496894254,0.5298112782042729
ye_hand,2024,2022,a12_role,A12 투수 역할(전시즌),선발(>=70),61741,-4.332089836074826,-4.1687115652502404,-0.0023312878641540413,0.007239119808278405,0.0023312878641540413,1.0084410690967347
ye_hand,2024,2022,a12_role,A12 투수 역할(전시즌),전시즌없음,50115,9.781201468601743,2.0297829273001335,0.011524102147399962,0.010491548445761556,-0.011524102147399962,0.8747437127570054
ye_hand,2024,2022,a13_tens,A13 이닝 x 점수차,초반|0-1점,50063,7.221837332475414,-1.682756512308096,0.006140140905924629,0.009630769426933528,-0.006140140905924629,0.8660083172352657
ye_hand,2024,2022,a13_tens,A13 이닝 x 점수차,초반|2-3점,17952,1.4255181885619856,-0.5288723451570286,0.006536319617769792,0.006660694214686624,-0.006536319617769792,0.7658598464895663
ye_hand,2024,2022,a13_tens,A13 이닝 x 점수차,초반|4점+,7110,0.20016219056952303,-2.159934518835803,-0.00757491861712789,-0.004825303337948061,0.00757491861712789,0.797400917143341
ye_hand,2024,2022,a13_tens,A13 이닝 x 점수차,중반|0-1점,27628,5.236219253920539,3.257024038797716,0.008247473688699936,0.010540929165407775,-0.008247473688699936,0.8768678942135122
ye_hand,2024,2022,a13_tens,A13 이닝 x 점수차,중반|2-3점,24982,-3.026361535615283,-7.02490754549647,-0.0020406328458573153,0.015557462728665539,0.0020406328458573153,0.8605104344261013
ye_hand,2024,2022,a13_tens,A13 이닝 x 점수차,중반|4점+,21855,4.278423876345368,-14.503736691119963,0.01328306534385737,0.010757124604387325,-0.01328306534385737,0.5296826174803922
ye_hand,2024,2022,a13_tens,A13 이닝 x 점수차,후반|0-1점,22754,0.9887937481581552,-1.693638370936006,0.0028459905552612463,0.005686945455292802,-0.0028459905552612463,0.7245972429461698
ye_hand,2024,2022,a13_tens,A13 이닝 x 점수차,후반|2-3점,21063,9.632800635484966,8.365243600770713,0.010155535216368305,0.017653322165782914,-0.010155535216368305,1.0777970573208655
ye_hand,2024,2022,a13_tens,A13 이닝 x 점수차,후반|4점+,30090,0.09414698676751149,-4.798545736454721,0.01526814140807703,0.007691297005891329,-0.01526814140807703,0.6685705482262256
sj_cb_ft_fonly,2022,2024,a1_count,A1 볼카운트,0-0,56002,-1.0015285464773858,-1.1184303607394428,0.001846702281689372,-0.0017036304008266612,-0.001846702281689372,0.9906455398124293
sj_cb_ft_fonly,2022,2024,a1_count,A1 볼카운트,0-1,27455,1.8477202768983956,1.762960927806581,-0.009014108727002479,-0.00653233913132345,0.009014108727002479,1.0199533721455902
sj_cb_ft_fonly,2022,2024,a1_count,A1 볼카운트,0-2,13808,-0.7337380116272847,2.395872827223004,-0.0023196321597930836,0.005054383977914856,0.0023196321597930836,0.7076113558709642
sj_cb_ft_fonly,2022,2024,a1_count,A1 볼카운트,1-0,22089,0.04809869129701981,0.06348689361094041,0.004423541874767678,0.002345301652165066,-0.004423541874767678,1.0555564140707567
sj_cb_ft_fonly,2022,2024,a1_count,A1 볼카운트,1-1,22133,-4.197628612393827,-5.601791876221388,0.0061136001177659605,-0.0053583295744416,-0.0061136001177659605,1.181549732861514
sj_cb_ft_fonly,2022,2024,a1_count,A1 볼카운트,1-2,21152,1.1781629616678255,0.8089533734610628,-0.007216694190021189,-0.0057020243606494825,0.007216694190021189,1.014826754386468
sj_cb_ft_fonly,2022,2024,a1_count,A1 볼카운트,2-0,7519,-0.02177542200820476,-0.3207396751781571,0.006529233090597164,0.0031442963759811815,-0.006529233090597164,0.9755532931150185
sj_cb_ft_fonly,2022,2024,a1_count,A1 볼카운트,2-1,11379,-0.2568944640473351,0.49011223304542595,0.007003674725533093,0.002627419960513744,-0.007003674725533093,1.07227479171764
sj_cb_ft_fonly,2022,2024,a1_count,A1 볼카운트,2-2,17854,-0.8103070320703519,-0.7948674464196216,-0.0065083266612005475,-0.0013625217724162475,0.0065083266612005475,1.0000951357505463
sj_cb_ft_fonly,2022,2024,a1_count,A1 볼카운트,3-0,2406,-3.722239613023079,-15.681720187278964,-0.022074202973152768,0.007974459800492384,0.022074202973152768,1.6104532529931639
sj_cb_ft_fonly,2022,2024,a1_count,A1 볼카운트,3-1,4847,0.37064113047189745,-1.7871467636818448,0.0025606835483170665,0.009380971711126729,-0.0025606835483170665,1.321037157788616
sj_cb_ft_fonly,2022,2024,a1_count,A1 볼카운트,3-2,10380,0.9360785630124053,1.1917200401833357,0.004510624293184107,0.007678721719625192,-0.004510624293184107,0.9211331377635733
sj_cb_ft_fonly,2022,2024,a1b_phase,A1b 카운트 국면,초구 0-0,56002,-1.0015285464773858,-1.1184303607394428,0.001846702281689372,-0.0017036304008266612,-0.001846702281689372,0.9906455398124293
sj_cb_ft_fonly,2022,2024,a1b_phase,A1b 카운트 국면,투수우위 0-1,27455,1.8477202768983956,1.762960927806581,-0.009014108727002479,-0.00653233913132345,0.009014108727002479,1.0199533721455902
sj_cb_ft_fonly,2022,2024,a1b_phase,A1b 카운트 국면,평행 1-1,22133,-4.197628612393827,-5.601791876221388,0.0061136001177659605,-0.0053583295744416,-0.0061136001177659605,1.181549732861514
sj_cb_ft_fonly,2022,2024,a1b_phase,A1b 카운트 국면,타자우위 1-0/2-0/2-1,40987,-0.16233754241341594,0.8192139620463206,0.005529037798872649,0.002570198950310021,-0.005529037798872649,1.046259880152735
sj_cb_ft_fonly,2022,2024,a1b_phase,A1b 카운트 국면,2스트라이크,52814,-1.5752726693385508,0.7962398373953075,-0.005689709946141097,-0.001422818741889098,0.005689709946141097,0.9385937833041533
sj_cb_ft_fonly,2022,2024,a1b_phase,A1b 카운트 국면,3볼,7253,-1.8730594920638937,-12.980576591339483,-0.005903594929987821,0.008914396823909543,0.005903594929987821,1.416233529465345
sj_cb_ft_fonly,2022,2024,a1b_phase,A1b 카운트 국면,풀카운트,10380,0.9360785630124053,1.1917200401833357,0.004510624293184107,0.007678721719625192,-0.004510624293184107,0.9211331377635733
sj_cb_ft_fonly,2022,2024,a2_li,A2 경기 중요도 li,li<0.10,20377,-1.9091414555597848,-8.628304719776674,-0.0029941355135948977,0.006991228366857172,0.0029941355135948977,1.1583247292302334
sj_cb_ft_fonly,2022,2024,a2_li,A2 경기 중요도 li,0.10-0.35,24902,0.14788358997825835,0.20921713433259959,-0.000880116412106613,-0.0022704318272064317,0.000880116412106613,1.0086420905590607
sj_cb_ft_fonly,2022,2024,a2_li,A2 경기 중요도 li,0.35-0.70,48047,-3.1761322315210236,-4.6818645028433155,0.004532909124596474,-0.0016894827271941582,-0.004532909124596474,1.0562968476224226
sj_cb_ft_fonly,2022,2024,a2_li,A2 경기 중요도 li,0.70-1.20,58855,0.2849731664719893,-0.0035801421468142523,-0.0037955828758277077,-0.002243839353204824,0.0037955828758277077,0.9525838645954452
sj_cb_ft_fonly,2022,2024,a2_li,A2 경기 중요도 li,1.20-2.00,41808,0.04437894924279157,0.5969354142683158,-0.00012236400869009012,-0.0024143776630046743,0.00012236400869009012,1.0450261934200178
sj_cb_ft_fonly,2022,2024,a2_li,A2 경기 중요도 li,li>=2.00,23035,0.002635233285293046,-0.305150425909148,0.0007378815622021695,0.00041099778241671103,-0.0007378815622021695,1.1103503161547785
sj_cb_ft_fonly,2022,2024,a3_load,A3 전시즌 경기당 대비 등판 투구수,<0.25,43866,0.15311962221815145,-0.15602268745619083,-0.0035774617121575036,-0.0020534113473390514,0.0035774617121575036,0.9379271128609089
sj_cb_ft_fonly,2022,2024,a3_load,A3 전시즌 경기당 대비 등판 투구수,0.25-0.50,40366,-0.0008827678191881927,-0.06451028734254743,6.072187230310444e-06,-0.0009739305469779191,-6.072187230310444e-06,0.9830123242864932
sj_cb_ft_fonly,2022,2024,a3_load,A3 전시즌 경기당 대비 등판 투구수,0.50-0.75,34107,-1.0854878032755297,-2.410095643977523,0.0019785741329105266,-0.0033740946915100656,-0.0019785741329105266,0.9041126626610989
sj_cb_ft_fonly,2022,2024,a3_load,A3 전시즌 경기당 대비 등판 투구수,0.75-1.00,25764,-0.2512232656265272,0.6650670371127658,0.0004614369138429275,-0.005501574056285707,-0.0004614369138429275,1.0711121209799797
sj_cb_ft_fonly,2022,2024,a3_load,A3 전시즌 경기당 대비 등판 투구수,1.00-1.25,11734,-2.537018464085055,-2.1883752926214144,0.01000352895510559,-0.0008612156529162474,-0.01000352895510559,1.150662017793333
sj_cb_ft_fonly,2022,2024,a3_load,A3 전시즌 경기당 대비 등판 투구수,1.25-1.50,5170,-0.664328791387049,-1.800024169980967,-0.005587696157868471,0.003444273877390658,0.005587696157868471,1.143086845459819
sj_cb_ft_fonly,2022,2024,a3_load,A3 전시즌 경기당 대비 등판 투구수,>=1.50,8731,-0.10712467237034015,-4.405138579849309,-0.005840505942111995,-0.002350391676724739,0.005840505942111995,1.3635243276053068
sj_cb_ft_fonly,2022,2024,a3_load,A3 전시즌 경기당 대비 등판 투구수,전시즌없음,47286,-0.33212018102042196,-12.721989112880905,-0.0004707653390714217,0.003811795466584278,0.0004707653390714217,1.1745708495950458
sj_cb_ft_fonly,2022,2024,a3b_gp,A3b 등판 내 투구수,1-10,63628,-0.20012440000796747,-0.01284011369410475,0.0011881915878163007,-0.00012396201405912022,-0.0011881915878163007,0.9725250305920919
sj_cb_ft_fonly,2022,2024,a3b_gp,A3b 등판 내 투구수,11-20,41971,0.2640093364846001,0.6563136478777603,-0.0006689769161876136,-0.002885150671675718,0.0006689769161876136,1.0421752791035095
sj_cb_ft_fonly,2022,2024,a3b_gp,A3b 등판 내 투구수,21-35,31720,-0.24531203288099587,-3.107313156759065,-0.0031409273677271976,-0.0009025476165402946,0.0031409273677271976,1.1087265367299273
sj_cb_ft_fonly,2022,2024,a3b_gp,A3b 등판 내 투구수,36-60,36939,-0.6390324171020543,-1.1761921437734735,-0.0023547965283395866,0.0008154694922286598,0.0023547965283395866,1.044688178599376
sj_cb_ft_fonly,2022,2024,a3b_gp,A3b 등판 내 투구수,61-80,25270,0.07715891144479235,-0.007533471491191709,-0.0004020766772281914,-0.0022610329278595076,0.0004020766772281914,0.9861584027979405
sj_cb_ft_fonly,2022,2024,a3b_gp,A3b 등판 내 투구수,81+,17496,-1.3927164007056507,-1.99183225616115,0.004902933085482619,-0.0019526830870628675,-0.004902933085482619,1.1379073221392155
sj_cb_ft_fonly,2022,2024,a4_prevp,A4 전시즌 투구수,없음,47286,-0.33212018102042196,-12.721989112880905,-0.0004707653390714217,0.003811795466584278,0.0004707653390714217,1.1745708495950458
sj_cb_ft_fonly,2022,2024,a4_prevp,A4 전시즌 투구수,1-200,12427,0.9674168025108654,1.4718424318445575,0.011166524405362477,0.007474401068588099,-0.011166524405362477,0.9160364994134051
sj_cb_ft_fonly,2022,2024,a4_prevp,A4 전시즌 투구수,201-600,23871,0.3214503490762022,1.1470424863112394,0.001038998145888148,0.00403528665779973,-0.001038998145888148,0.9057665526830427
sj_cb_ft_fonly,2022,2024,a4_prevp,A4 전시즌 투구수,601-1200,50346,1.5775800182082431,1.4738200337060023,-0.004296986795234048,-0.004126631089027666,0.004296986795234048,1.0253712595602782
sj_cb_ft_fonly,2022,2024,a4_prevp,A4 전시즌 투구수,1201-2000,31403,-0.15295213360922721,0.6686627881238203,0.0013255732222446914,-0.00033393709994988807,-0.0013255732222446914,1.0438585210762152
sj_cb_ft_fonly,2022,2024,a4_prevp,A4 전시즌 투구수,2001-2600,25524,-0.5479776158228618,0.5413307308850102,0.001814310142545017,-0.002302783090219529,-0.001814310142545017,0.9498865284885494
sj_cb_ft_fonly,2022,2024,a4_prevp,A4 전시즌 투구수,2601+,26167,1.1434765997437142,0.5445140171397056,-0.0010423522129783258,-0.011893598090757962,0.0010423522129783258,0.9680732889647307
sj_cb_ft_fonly,2022,2024,a5_asofn,A5 투수 누적 이력,0-99,4387,0.44581895743953365,-0.09956154590566393,0.0026532268915187007,0.011716495534867977,-0.0026532268915187007,1.0693287917526837
sj_cb_ft_fonly,2022,2024,a5_asofn,A5 투수 누적 이력,100-499,16944,0.002425143485459024,-0.16026053731985174,-5.42591551370708e-05,-0.000742683853026449,5.42591551370708e-05,0.9777116051243578
sj_cb_ft_fonly,2022,2024,a5_asofn,A5 투수 누적 이력,500-1499,42035,0.11922688790204851,-5.922777076801626,0.001988887971137554,0.0013812978565789225,-0.001988887971137554,1.1066365751654355
sj_cb_ft_fonly,2022,2024,a5_asofn,A5 투수 누적 이력,1500-3999,76996,-0.4715322988887175,-5.494419615337221,-0.002859979268785229,-0.0008491255701874034,0.002859979268785229,1.1119779840802941
sj_cb_ft_fonly,2022,2024,a5_asofn,A5 투수 누적 이력,4000-7999,60064,-1.7898890675229977,-2.434720970528903,0.001814797350119579,-0.0035468846699772127,-0.001814797350119579,0.9874939027975022
sj_cb_ft_fonly,2022,2024,a5_asofn,A5 투수 누적 이력,8000+,16598,0.13065625280227985,0.7869507345591787,-0.0013693949471537126,-0.0022440339173613877,0.0013693949471537126,0.929446999471178
sj_cb_ft_fonly,2022,2024,a6_psucc,A6 투수 수준 5분위,Q1 최저,33663,-0.006144014471997396,-0.23752949618456967,-0.0006335667200738082,-0.00023863836496679225,0.0006335667200738082,0.9842146691069908
sj_cb_ft_fonly,2022,2024,a6_psucc,A6 투수 수준 5분위,Q2,40640,-1.4548648396020978,-1.5436962368752443,-0.0027983882321890863,0.0020710105939349965,0.0027983882321890863,1.0067155340449685
sj_cb_ft_fonly,2022,2024,a6_psucc,A6 투수 수준 5분위,Q3,44222,-2.224457687299176,-3.025037265312037,0.0025080261865194076,-0.004186599645860378,-0.0025080261865194076,1.0892190606309353
sj_cb_ft_fonly,2022,2024,a6_psucc,A6 투수 수준 5분위,Q4,52849,-1.8108860864029357,-3.8306621354660404,0.001633137472282442,-0.0048749179711630175,-0.001633137472282442,1.0740417714599868
sj_cb_ft_fonly,2022,2024,a6_psucc,A6 투수 수준 5분위,Q5 최고,45604,-2.5440375683392724,-5.051507614211012,-0.0031633379591661237,0.003202087928336317,0.0031633379591661237,1.2041986767977868
sj_cb_ft_fonly,2022,2024,a7_inning,A7 이닝,1-3회,72677,-0.3121575865611037,-4.131973891935142,-0.002646051435675756,-0.0008827013379560933,0.002646051435675756,1.0758818226642617
sj_cb_ft_fonly,2022,2024,a7_inning,A7 이닝,4-6회,72335,-1.6941598774030024,-1.703232179768797,0.0025745178837380256,-0.001180507790252694,-0.0025745178837380256,0.9994007579319782
sj_cb_ft_fonly,2022,2024,a7_inning,A7 이닝,7-8회,49396,1.0548670481131246,0.0005564342214672462,-0.0011583199082641493,-0.0055803290083181745,0.0011583199082641493,0.9786382652784812
sj_cb_ft_fonly,2022,2024,a7_inning,A7 이닝,9회+,22616,-0.42205099881352365,-3.257213358550695,-0.0005387765825868307,0.009126428447492396,0.0005387765825868307,1.1241680152191906
sj_cb_ft_fonly,2022,2024,a8_hand,A8 손 매치업,1v1,26793,-0.33815403478297856,-0.11524493631996344,0.0040747435779753816,0.0011971633147174754,-0.0040747435779753816,0.9655534464201705
sj_cb_ft_fonly,2022,2024,a8_hand,A8 손 매치업,1v2,27640,-1.5374459361629462,-8.724187405302686,-0.006730187832619694,-0.0011231293681202015,0.006730187832619694,1.2188021800900888
sj_cb_ft_fonly,2022,2024,a8_hand,A8 손 매치업,2v1,83214,0.23767970008993963,0.24535657140469466,-0.0016149779812014708,-0.0012872480657047936,0.0016149779812014708,1.0423071453410238
sj_cb_ft_fonly,2022,2024,a8_hand,A8 손 매치업,2v2,79377,-1.8908441186864522,-4.373733027414885,0.002445342414161056,-0.001419831720646747,-0.002445342414161056,0.9293506198088907
sj_cb_ft_fonly,2022,2024,a9_batn,A9 타자 누적 이력,0-99,3441,-3.23134962899787,-1.7030918117133016,0.021796927318437298,-0.0007884036716048204,-0.021796927318437298,1.162299952813792
sj_cb_ft_fonly,2022,2024,a9_batn,A9 타자 누적 이력,100-499,14808,-1.3854048707964004,-1.2971063601135429,0.0036847671730007026,-0.005045160070888732,-0.0036847671730007026,0.9277363829691595
sj_cb_ft_fonly,2022,2024,a9_batn,A9 타자 누적 이력,500-1499,34054,-0.8741184696539763,-0.5374756167800069,0.0016683838647844063,-0.0033393068949016946,-0.0016683838647844063,1.0408701656704864
sj_cb_ft_fonly,2022,2024,a9_batn,A9 타자 누적 이력,1500-3999,50087,-0.92382598055275,-4.52218123809552,-0.005059710629244041,-0.0015409981063713163,0.005059710629244041,1.093261901799671
sj_cb_ft_fonly,2022,2024,a9_batn,A9 타자 누적 이력,4000+,114634,0.03922844242854296,-0.0657783131965005,0.00046483520078016705,0.0004321197414691724,-0.00046483520078016705,1.0154722639398106
sj_cb_ft_fonly,2022,2024,a10_base,A10 주자 상황,___,116959,0.8019242026080173,1.0760058386007494,0.0017471995849294153,0.001938113525470353,-0.0017471995849294153,0.977337730834216
sj_cb_ft_fonly,2022,2024,a10_base,A10 주자 상황,1__,43047,1.5315713688284085,2.473836895420119,-0.0020228866320651795,-0.005782525704235764,0.0020228866320651795,1.061383029622116
sj_cb_ft_fonly,2022,2024,a10_base,A10 주자 상황,_2_,16187,-0.4663621754300674,-1.034079432741958,-0.011650867503513185,-0.005154634142132242,0.011650867503513185,1.037816398722793
sj_cb_ft_fonly,2022,2024,a10_base,A10 주자 상황,__3,5285,-0.0031869504257824627,-0.14117394791607002,-0.00789830294944971,-0.003928440972028491,0.00789830294944971,1.1078545849137005
sj_cb_ft_fonly,2022,2024,a10_base,A10 주자 상황,12_,17551,-0.47687661187005886,-2.5871652347143006,0.0030799785296138915,-0.0008530541614560905,-0.0030799785296138915,1.1523830368039791
sj_cb_ft_fonly,2022,2024,a10_base,A10 주자 상황,1_3,6960,0.2551454501796182,0.26189351751896656,-0.0021065792368956116,-0.005773864608826007,0.0021065792368956116,0.9422644167770682
sj_cb_ft_fonly,2022,2024,a10_base,A10 주자 상황,_23,4595,1.1425648465550393,1.1587386097216341,-0.005756977401695285,-0.014594908642624804,0.005756977401695285,1.0838408553505052
sj_cb_ft_fonly,2022,2024,a10_base,A10 주자 상황,123,6440,0.2419600746563202,-0.06095251496441787,0.005705307321054343,0.004639029808335082,-0.005705307321054343,1.3607554485540099
sj_cb_ft_fonly,2022,2024,a11_typemo,A11 game_type x 월블록,R|early,75061,3.148615830798702,6.716308023245678,-0.0017420462655390323,-0.007402926566870693,0.0017420462655390323,1.0939013303950182
sj_cb_ft_fonly,2022,2024,a11_typemo,A11 game_type x 월블록,R|mid,64405,-0.07890895640942021,-1.8883859492899688,-0.00017626733648706816,0.0017973769606426382,0.00017626733648706816,1.0543044160418686
sj_cb_ft_fonly,2022,2024,a11_typemo,A11 game_type x 월블록,R|late,77558,0.8038355633100904,4.25877597118763,0.0012681373835947696,0.002851082619623413,-0.0012681373835947696,0.9070426702041384
sj_cb_ft_fonly,2022,2024,a12_role,A12 투수 역할(전시즌),불펜(<30구/경기),65155,-0.5380752500747126,-0.1330275627612456,0.0007859173387662066,-0.002457485300705997,-0.0007859173387662066,1.028719003003332
sj_cb_ft_fonly,2022,2024,a12_role,A12 투수 역할(전시즌),스윙(30-70),33492,-1.8484799852947345,-0.5583361950481538,-0.003341599518649818,0.002809565098333189,0.003341599518649818,0.8713270055764535
sj_cb_ft_fonly,2022,2024,a12_role,A12 투수 역할(전시즌),선발(>=70),71091,0.23983346057822688,0.3781176228336585,-0.00019961712162686052,-0.004684303245301336,0.00019961712162686052,1.0100154092211582
sj_cb_ft_fonly,2022,2024,a12_role,A12 투수 역할(전시즌),전시즌없음,47286,-0.33212018102042196,-12.721989112880905,-0.0004707653390714217,0.003811795466584278,0.0004707653390714217,1.1745708495950458
sj_cb_ft_fonly,2022,2024,a13_tens,A13 이닝 x 점수차,초반|0-1점,52862,-0.2197785420446214,-2.7605286198274657,-0.0011111929668552456,0.0004593574373292775,0.0011111929668552456,1.0845910906204512
sj_cb_ft_fonly,2022,2024,a13_tens,A13 이닝 x 점수차,초반|2-3점,14390,-0.0792127929833161,0.2904154466831929,-0.0026566062770308485,-0.0007662188449626406,0.0026566062770308485,0.9626918003612761
sj_cb_ft_fonly,2022,2024,a13_tens,A13 이닝 x 점수차,초반|4점+,5425,2.028805927029757,-0.4914506432672243,-0.01342666170467105,-0.014268893790177928,0.01342666170467105,1.3300015240972212
sj_cb_ft_fonly,2022,2024,a13_tens,A13 이닝 x 점수차,중반|0-1점,30302,0.19257864867866528,-0.08435032264813544,0.0008409352732250963,0.002470536187840433,-0.0008409352732250963,0.9678730898411516
sj_cb_ft_fonly,2022,2024,a13_tens,A13 이닝 x 점수차,중반|2-3점,24508,-5.76510236704337,-6.270893336080955,0.005402009171743605,-0.009111390006481312,-0.005402009171743605,0.9719842749770257
sj_cb_ft_fonly,2022,2024,a13_tens,A13 이닝 x 점수차,중반|4점+,17525,0.28051861186760324,-1.4532085342377599,0.0015339794717630917,0.0035975878862753996,-0.0015339794717630917,1.0692811519792758
sj_cb_ft_fonly,2022,2024,a13_tens,A13 이닝 x 점수차,후반|0-1점,24933,1.2640837107833411,1.2674343741626097,-0.005343755669425632,-0.00524552387383892,0.005343755669425632,0.9798401902616783
sj_cb_ft_fonly,2022,2024,a13_tens,A13 이닝 x 점수차,후반|2-3점,21189,-1.442628039517289,-3.183385612370546,0.006962891305382468,0.0008289883342127435,-0.006962891305382468,0.9588004985049452
sj_cb_ft_fonly,2022,2024,a13_tens,A13 이닝 x 점수차,후반|4점+,25890,-1.017334337551671,-3.708090293137945,-0.0032210791039057884,0.001698670799783697,0.0032210791039057884,1.1083654942940526
sj_cb_ft_fonly,2024,2022,a1_count,A1 볼카운트,0-0,57385,-0.9447162492534172,-0.9552544491329569,-0.0017036304008266612,0.001846702281689372,0.0017036304008266612,1.0009050357728517
sj_cb_ft_fonly,2024,2022,a1_count,A1 볼카운트,0-1,27768,3.73360069611362,3.7006328331452956,-0.00653233913132345,-0.009014108727002479,0.00653233913132345,0.9955557994811945
sj_cb_ft_fonly,2024,2022,a1_count,A1 볼카운트,0-2,14321,-1.2563227428286547,3.058152362609418,0.005054383977914856,-0.0023196321597930836,-0.005054383977914856,0.7516697714091379
sj_cb_ft_fonly,2024,2022,a1_count,A1 볼카운트,1-0,23181,0.63290084165563,0.8444188193166673,0.002345301652165066,0.004423541874767678,-0.002345301652165066,1.020625703577302
sj_cb_ft_fonly,2024,2022,a1_count,A1 볼카운트,1-1,22332,-3.7677743472648633,-4.850517695086641,-0.0053583295744416,0.0061136001177659605,0.0053583295744416,0.9748089765652149
sj_cb_ft_fonly,2024,2022,a1_count,A1 볼카운트,1-2,21751,1.938932891679165,-0.21968278236567051,-0.0057020243606494825,-0.007216694190021189,0.0057020243606494825,0.8314577737138799
sj_cb_ft_fonly,2024,2022,a1_count,A1 볼카운트,2-0,8177,0.4564006059467586,-0.5612995051518596,0.0031442963759811815,0.006529233090597164,-0.0031442963759811815,1.1655117337210166
sj_cb_ft_fonly,2024,2022,a1_count,A1 볼카운트,2-1,11832,0.6334314370964895,1.0320508554085863,0.002627419960513744,0.007003674725533093,-0.002627419960513744,1.1264707752078262
sj_cb_ft_fonly,2024,2022,a1_count,A1 볼카운트,2-2,18384,0.5226798581974551,0.5742154760919576,-0.0013625217724162475,-0.0065083266612005475,0.0013625217724162475,0.9829292634969139
sj_cb_ft_fonly,2024,2022,a1_count,A1 볼카운트,3-0,2736,-2.036188770654498,-9.486753052606703,0.007974459800492384,-0.022074202973152768,-0.007974459800492384,0.43451117350568286
sj_cb_ft_fonly,2024,2022,a1_count,A1 볼카운트,3-1,5227,-0.3739745098841507,0.032354134789780456,0.009380971711126729,0.0025606835483170665,-0.009380971711126729,1.0485969309991572
sj_cb_ft_fonly,2024,2022,a1_count,A1 볼카운트,3-2,10403,0.19201842332026653,0.511711097612833,0.007678721719625192,0.004510624293184107,-0.007678721719625192,0.939941859355744
sj_cb_ft_fonly,2024,2022,a1b_phase,A1b 카운트 국면,초구 0-0,57385,-0.9447162492534172,-0.9552544491329569,-0.0017036304008266612,0.001846702281689372,0.0017036304008266612,1.0009050357728517
sj_cb_ft_fonly,2024,2022,a1b_phase,A1b 카운트 국면,투수우위 0-1,27768,3.73360069611362,3.7006328331452956,-0.00653233913132345,-0.009014108727002479,0.00653233913132345,0.9955557994811945
sj_cb_ft_fonly,2024,2022,a1b_phase,A1b 카운트 국면,평행 1-1,22332,-3.7677743472648633,-4.850517695086641,-0.0053583295744416,0.0061136001177659605,0.0053583295744416,0.9748089765652149
sj_cb_ft_fonly,2024,2022,a1b_phase,A1b 카운트 국면,타자우위 1-0/2-0/2-1,43190,1.6870245079690633,2.3148461546272876,0.002570198950310021,0.005529037798872649,-0.002570198950310021,1.0770474535859513
sj_cb_ft_fonly,2024,2022,a1b_phase,A1b 카운트 국면,2스트라이크,54456,1.3812707378683289,2.3447455161149127,-0.001422818741889098,-0.005689709946141097,0.001422818741889098,0.8719450306173768
sj_cb_ft_fonly,2024,2022,a1b_phase,A1b 카운트 국면,3볼,7963,-2.6336864652193857,-6.024893374559318,0.008914396823909543,-0.005903594929987821,-0.008914396823909543,0.84335836777745
sj_cb_ft_fonly,2024,2022,a1b_phase,A1b 카운트 국면,풀카운트,10403,0.19201842332026653,0.511711097612833,0.007678721719625192,0.004510624293184107,-0.007678721719625192,0.939941859355744
sj_cb_ft_fonly,2024,2022,a2_li,A2 경기 중요도 li,li<0.10,24526,-3.984836817201203,-7.95642209224233,0.006991228366857172,-0.0029941355135948977,-0.006991228366857172,0.830946689133996
sj_cb_ft_fonly,2024,2022,a2_li,A2 경기 중요도 li,0.10-0.35,28107,-0.05829548929442273,-0.07850063025504198,-0.0022704318272064317,-0.000880116412106613,0.0022704318272064317,1.0362161654650792
sj_cb_ft_fonly,2024,2022,a2_li,A2 경기 중요도 li,0.35-0.70,49973,-1.6258636916143565,-6.800846530762619,-0.0016894827271941582,0.004532909124596474,0.0016894827271941582,0.9055132358748027
sj_cb_ft_fonly,2024,2022,a2_li,A2 경기 중요도 li,0.70-1.20,57499,1.2352678340945713,1.2064912422069292,-0.002243839353204824,-0.0037955828758277077,0.002243839353204824,1.000180830370273
sj_cb_ft_fonly,2024,2022,a2_li,A2 경기 중요도 li,1.20-2.00,41631,-0.39046673745102106,0.07942781130735346,-0.0024143776630046743,-0.00012236400869009012,0.0024143776630046743,1.0528973120413514
sj_cb_ft_fonly,2024,2022,a2_li,A2 경기 중요도 li,li>=2.00,21761,0.01705079450816368,0.607133081826398,0.00041099778241671103,0.0007378815622021695,-0.00041099778241671103,1.041199667259269
sj_cb_ft_fonly,2024,2022,a3_load,A3 전시즌 경기당 대비 등판 투구수,<0.25,42782,0.8024321978264541,0.8896624659835543,-0.0020534113473390514,-0.0035774617121575036,0.0020534113473390514,0.9950865640998783
sj_cb_ft_fonly,2024,2022,a3_load,A3 전시즌 경기당 대비 등판 투구수,0.25-0.50,39845,-0.06851475652813774,-0.07541792398561119,-0.0009739305469779191,6.072187230310444e-06,0.0009739305469779191,0.9987229554060053
sj_cb_ft_fonly,2024,2022,a3_load,A3 전시즌 경기당 대비 등판 투구수,0.50-0.75,33206,-1.4706991073709113,-1.2603857715146727,-0.0033740946915100656,0.0019785741329105266,0.0033740946915100656,0.9897507241611716
sj_cb_ft_fonly,2024,2022,a3_load,A3 전시즌 경기당 대비 등판 투구수,0.75-1.00,26002,-1.6455152598489164,-0.8176019089813056,-0.005501574056285707,0.0004614369138429275,0.005501574056285707,1.0890421355994664
sj_cb_ft_fonly,2024,2022,a3_load,A3 전시즌 경기당 대비 등판 투구수,1.00-1.25,12785,-0.41140688433016104,0.5031120699460285,-0.0008612156529162474,0.01000352895510559,0.0008612156529162474,1.0626012757173182
sj_cb_ft_fonly,2024,2022,a3_load,A3 전시즌 경기당 대비 등판 투구수,1.25-1.50,5772,-0.5203958724583785,-0.8367978664353464,0.003444273877390658,-0.005587696157868471,-0.003444273877390658,0.9262862874562386
sj_cb_ft_fonly,2024,2022,a3_load,A3 전시즌 경기당 대비 등판 투구수,>=1.50,12990,0.5100729470894456,1.5551542482910652,-0.002350391676724739,-0.005840505942111995,0.002350391676724739,1.0765138661705387
sj_cb_ft_fonly,2024,2022,a3_load,A3 전시즌 경기당 대비 등판 투구수,전시즌없음,50115,-1.625800767809725,-5.140064564732589,0.003811795466584278,-0.0004707653390714217,-0.003811795466584278,0.9338231567227114
sj_cb_ft_fonly,2024,2022,a3b_gp,A3b 등판 내 투구수,1-10,67227,-0.037308235685448006,-0.14015548724320281,-0.00012396201405912022,0.0011881915878163007,0.00012396201405912022,0.9591110239846241
sj_cb_ft_fonly,2024,2022,a3b_gp,A3b 등판 내 투구수,11-20,46277,-0.3698721667452752,0.0893762444458,-0.002885150671675718,-0.0006689769161876136,0.002885150671675718,1.0398168651349724
sj_cb_ft_fonly,2024,2022,a3b_gp,A3b 등판 내 투구수,21-35,33726,0.293179558005025,-1.0990761724728408,-0.0009025476165402946,-0.0031409273677271976,0.0009025476165402946,0.9514412086497105
sj_cb_ft_fonly,2024,2022,a3b_gp,A3b 등판 내 투구수,36-60,36847,-0.2972483399888891,-0.3368664889509068,0.0008154694922286598,-0.0023547965283395866,-0.0008154694922286598,0.9944435529595952
sj_cb_ft_fonly,2024,2022,a3b_gp,A3b 등판 내 투구수,61-80,24208,-0.14277817891897326,-0.18725739516382517,-0.0022610329278595076,-0.0004020766772281914,0.0022610329278595076,1.018588499924499
sj_cb_ft_fonly,2024,2022,a3b_gp,A3b 등판 내 투구수,81+,15212,-0.6253803204200263,-0.3838137033294764,-0.0019526830870628675,0.004902933085482619,0.0019526830870628675,1.0148647727363105
sj_cb_ft_fonly,2024,2022,a4_prevp,A4 전시즌 투구수,없음,50115,-1.625800767809725,-5.140064564732589,0.003811795466584278,-0.0004707653390714217,-0.003811795466584278,0.9338231567227114
sj_cb_ft_fonly,2024,2022,a4_prevp,A4 전시즌 투구수,1-200,12654,2.5162622451933627,-0.2446352280209543,0.007474401068588099,0.011166524405362477,-0.007474401068588099,0.7346832130636247
sj_cb_ft_fonly,2024,2022,a4_prevp,A4 전시즌 투구수,201-600,24568,-0.3474336187262906,0.4815508018102785,0.00403528665779973,0.001038998145888148,-0.00403528665779973,0.9272334929468529
sj_cb_ft_fonly,2024,2022,a4_prevp,A4 전시즌 투구수,601-1200,65402,2.158779630708914,2.2086857423234947,-0.004126631089027666,-0.004296986795234048,0.004126631089027666,1.0045829997693554
sj_cb_ft_fonly,2024,2022,a4_prevp,A4 전시즌 투구수,1201-2000,27214,-0.04857199352924998,-2.5619396197341118,-0.00033393709994988807,0.0013255732222446914,0.00033393709994988807,1.1693669695464557
sj_cb_ft_fonly,2024,2022,a4_prevp,A4 전시즌 투구수,2001-2600,23868,-0.583712383854291,-2.2318750808864727,-0.002302783090219529,0.001814310142545017,0.002302783090219529,0.8278146457521649
sj_cb_ft_fonly,2024,2022,a4_prevp,A4 전시즌 투구수,2601+,19676,-4.110006280449656,-4.060599580795372,-0.011893598090757962,-0.0010423522129783258,0.011893598090757962,1.0255336625962082
sj_cb_ft_fonly,2024,2022,a5_asofn,A5 투수 누적 이력,0-99,3959,-0.5323735593333452,-0.6042832450727413,0.011716495534867977,0.0026532268915187007,-0.011716495534867977,0.9200767373136781
sj_cb_ft_fonly,2024,2022,a5_asofn,A5 투수 누적 이력,100-499,17177,-0.014485261003254864,-0.2354107201917292,-0.000742683853026449,-5.42591551370708e-05,0.000742683853026449,1.0463719969662608
sj_cb_ft_fonly,2024,2022,a5_asofn,A5 투수 누적 이력,500-1499,39741,0.2552014730478183,-8.338345907194418,0.0013812978565789225,0.001988887971137554,-0.0013812978565789225,0.8395425755167968
sj_cb_ft_fonly,2024,2022,a5_asofn,A5 투수 누적 이력,1500-3999,72150,0.5342984052192481,0.2684488994738442,-0.0008491255701874034,-0.002859979268785229,0.0008491255701874034,0.9947718274172181
sj_cb_ft_fonly,2024,2022,a5_asofn,A5 투수 누적 이력,4000-7999,51095,-2.3286772367948787,-2.9886610498544233,-0.0035468846699772127,0.001814797350119579,0.0035468846699772127,1.0903667069652547
sj_cb_ft_fonly,2024,2022,a5_asofn,A5 투수 누적 이력,8000+,39375,0.0782732595154617,-1.1875579397381761,-0.0022440339173613877,-0.0013693949471537126,0.0022440339173613877,0.8335624703634711
sj_cb_ft_fonly,2024,2022,a6_psucc,A6 투수 수준 5분위,Q1 최저,54380,0.02389758807778213,-2.084638138488729,-0.00023863836496679225,-0.0006335667200738082,0.00023863836496679225,1.1312177092764346
sj_cb_ft_fonly,2024,2022,a6_psucc,A6 투수 수준 5분위,Q2,52532,-1.4936494595899275,-2.0507814396162325,0.0020710105939349965,-0.0027983882321890863,-0.0020710105939349965,0.9141586524410429
sj_cb_ft_fonly,2024,2022,a6_psucc,A6 투수 수준 5분위,Q3,48603,-3.3528173548795484,-4.255284885459051,-0.004186599645860378,0.0025080261865194076,0.004186599645860378,0.9627581905715384
sj_cb_ft_fonly,2024,2022,a6_psucc,A6 투수 수준 5분위,Q4,40380,-2.869419592699036,-5.205585001559002,-0.0048749179711630175,0.001633137472282442,0.0048749179711630175,0.8931331727898195
sj_cb_ft_fonly,2024,2022,a6_psucc,A6 투수 수준 5분위,Q5 최고,27565,-1.5059141027617051,-0.1058784769438355,0.003202087928336317,-0.0031633379591661237,-0.003202087928336317,1.0787502564896414
sj_cb_ft_fonly,2024,2022,a7_inning,A7 이닝,1-3회,75125,0.5235405261148582,-2.295381954634019,-0.0008827013379560933,-0.002646051435675756,0.0008827013379560933,0.9471599886012988
sj_cb_ft_fonly,2024,2022,a7_inning,A7 이닝,4-6회,74465,-0.9962442561845601,-1.5726261709649119,-0.001180507790252694,0.0025745178837380256,0.001180507790252694,0.9726323616363297
sj_cb_ft_fonly,2024,2022,a7_inning,A7 이닝,7-8회,51708,-1.686159776218971,-3.292642013266543,-0.0055803290083181745,-0.0011583199082641493,0.0055803290083181745,1.1060815256156027
sj_cb_ft_fonly,2024,2022,a7_inning,A7 이닝,9회+,22199,-3.701487764917658,-4.100763051706347,0.009126428447492396,-0.0005387765825868307,-0.009126428447492396,0.9650246838173762
sj_cb_ft_fonly,2024,2022,a8_hand,A8 손 매치업,1v1,28390,0.42307871097245103,0.3391936677284586,0.0011971633147174754,0.0040747435779753816,-0.0011971633147174754,0.9362941720772269
sj_cb_ft_fonly,2024,2022,a8_hand,A8 손 매치업,1v2,37565,0.9319740030035678,-2.7680691687691596,-0.0011231293681202015,-0.006730187832619694,0.0011231293681202015,0.9304853259288339
sj_cb_ft_fonly,2024,2022,a8_hand,A8 손 매치업,2v1,80544,0.3606411952187773,0.6743022136566794,-0.0012872480657047936,-0.0016149779812014708,0.0012872480657047936,1.0258655381392514
sj_cb_ft_fonly,2024,2022,a8_hand,A8 손 매치업,2v2,76998,-1.2352464534028287,-1.0020177606374854,-0.001419831720646747,0.002445342414161056,0.001419831720646747,0.9798262305012171
sj_cb_ft_fonly,2024,2022,a9_batn,A9 타자 누적 이력,0-99,1821,-0.11408810512891564,0.6668814341361605,-0.0007884036716048204,0.021796927318437298,0.0007884036716048204,1.2762383172409597
sj_cb_ft_fonly,2024,2022,a9_batn,A9 타자 누적 이력,100-499,9837,-1.1031791414588683,-1.8852722901594303,-0.005045160070888732,0.0036847671730007026,0.005045160070888732,0.8605018406063996
sj_cb_ft_fonly,2024,2022,a9_batn,A9 타자 누적 이력,500-1499,24706,-0.9861712565822798,-0.7688768652634709,-0.0033393068949016946,0.0016683838647844063,0.0033393068949016946,1.0215772846796725
sj_cb_ft_fonly,2024,2022,a9_batn,A9 타자 누적 이력,1500-3999,51239,1.2127816070155208,0.025178167599873253,-0.0015409981063713163,-0.005059710629244041,0.0015409981063713163,0.963465332230325
sj_cb_ft_fonly,2024,2022,a9_batn,A9 타자 누적 이력,4000+,135894,0.05231353682689327,0.05857829778492238,0.0004321197414691724,0.00046483520078016705,-0.0004321197414691724,1.0000132274469014
sj_cb_ft_fonly,2024,2022,a10_base,A10 주자 상황,___,116958,0.631641772208197,0.8745879021481302,0.001938113525470353,0.0017471995849294153,-0.001938113525470353,0.9724378293788937
sj_cb_ft_fonly,2024,2022,a10_base,A10 주자 상황,1__,44920,-0.8077326230102427,0.1461007774795234,-0.005782525704235764,-0.0020228866320651795,0.005782525704235764,1.0604775533124036
sj_cb_ft_fonly,2024,2022,a10_base,A10 주자 상황,_2_,17468,2.925638542628937,2.704085887611899,-0.005154634142132242,-0.011650867503513185,0.005154634142132242,0.9349908466868079
sj_cb_ft_fonly,2024,2022,a10_base,A10 주자 상황,__3,5733,0.47858395348460897,0.5911474935706773,-0.003928440972028491,-0.00789830294944971,0.003928440972028491,1.0356338061378016
sj_cb_ft_fonly,2024,2022,a10_base,A10 주자 상황,12_,18986,-0.2033700533939447,-1.9595199881586713,-0.0008530541614560905,0.0030799785296138915,0.0008530541614560905,0.9392694407487349
sj_cb_ft_fonly,2024,2022,a10_base,A10 주자 상황,1_3,7419,-0.11970312571979891,-0.09816172415442946,-0.005773864608826007,-0.0021065792368956116,0.005773864608826007,0.9415007780684225
sj_cb_ft_fonly,2024,2022,a10_base,A10 주자 상황,_23,4798,-0.3862951027305474,-0.4576846694567418,-0.014594908642624804,-0.005756977401695285,0.014594908642624804,0.9847170861963285
sj_cb_ft_fonly,2024,2022,a10_base,A10 주자 상황,123,7215,0.40581323667428293,3.073608949640749,0.004639029808335082,0.005705307321054343,-0.004639029808335082,1.1794071583210655
sj_cb_ft_fonly,2024,2022,a11_typemo,A11 game_type x 월블록,R|early,87355,-4.537540007347301,0.06000076250628386,-0.007402926566870693,-0.0017420462655390323,0.007402926566870693,1.0869028336966247
sj_cb_ft_fonly,2024,2022,a11_typemo,A11 game_type x 월블록,R|mid,68816,-0.47612566457730754,-1.1337197694142223,0.0017973769606426382,-0.00017626733648706816,-0.0017973769606426382,0.9755991465095416
sj_cb_ft_fonly,2024,2022,a11_typemo,A11 game_type x 월블록,R|late,67326,-0.10819583887451457,2.0362283144255446,0.002851082619623413,0.0012681373835947696,-0.002851082619623413,0.8854810290327275
sj_cb_ft_fonly,2024,2022,a12_role,A12 투수 역할(전시즌),불펜(<30구/경기),79963,-1.4176993874410155,-0.9091699720402026,-0.002457485300705997,0.0007859173387662066,0.002457485300705997,1.0282803776231877
sj_cb_ft_fonly,2024,2022,a12_role,A12 투수 역할(전시즌),스윙(30-70),31678,-1.5127317784179357,0.2520825396520591,0.002809565098333189,-0.003341599518649818,-0.002809565098333189,0.9424438109518248
sj_cb_ft_fonly,2024,2022,a12_role,A12 투수 역할(전시즌),선발(>=70),61741,-2.218956903587928,-2.338380711491756,-0.004684303245301336,-0.00019961712162686052,0.004684303245301336,1.0341359303060251
sj_cb_ft_fonly,2024,2022,a12_role,A12 투수 역할(전시즌),전시즌없음,50115,-1.625800767809725,-5.140064564732589,0.003811795466584278,-0.0004707653390714217,-0.003811795466584278,0.9338231567227114
sj_cb_ft_fonly,2024,2022,a13_tens,A13 이닝 x 점수차,초반|0-1점,50063,-0.11042241099726945,-1.114301553534635,0.0004593574373292775,-0.0011111929668552456,-0.0004593574373292775,0.9703924191421477
sj_cb_ft_fonly,2024,2022,a13_tens,A13 이닝 x 점수차,초반|2-3점,17952,0.11198565860210397,-0.13402573745264887,-0.0007662188449626406,-0.0026566062770308485,0.0007662188449626406,0.886370629427412
sj_cb_ft_fonly,2024,2022,a13_tens,A13 이닝 x 점수차,초반|4점+,7110,2.2859452719334006,0.7370276862244262,-0.014268893790177928,-0.01342666170467105,0.014268893790177928,0.9225600380732442
sj_cb_ft_fonly,2024,2022,a13_tens,A13 이닝 x 점수차,중반|0-1점,27628,-0.09638422828097541,-0.513950851105308,0.002470536187840433,0.0008409352732250963,-0.002470536187840433,1.0338862097516124
sj_cb_ft_fonly,2024,2022,a13_tens,A13 이닝 x 점수차,중반|2-3점,24982,-8.116586901343908,-8.184308905094577,-0.009111390006481312,0.005402009171743605,0.009111390006481312,0.9930344195904185
sj_cb_ft_fonly,2024,2022,a13_tens,A13 이닝 x 점수차,중반|4점+,21855,-0.0745600721367761,-3.7933765657643255,0.0035975878862753996,0.0015339794717630917,-0.0035975878862753996,0.8418626599900884
sj_cb_ft_fonly,2024,2022,a13_tens,A13 이닝 x 점수차,후반|0-1점,22754,1.1629915124147647,1.1711056524327086,-0.00524552387383892,-0.005343755669425632,0.00524552387383892,0.9905850162258671
sj_cb_ft_fonly,2024,2022,a13_tens,A13 이닝 x 점수차,후반|2-3점,21063,0.4094548681337027,-3.531341121669647,0.0008289883342127435,0.006962891305382468,-0.0008289883342127435,1.2306283282210828
sj_cb_ft_fonly,2024,2022,a13_tens,A13 이닝 x 점수차,후반|4점+,30090,-0.745027714095105,-1.7683235585771013,0.001698670799783697,-0.0032210791039057884,-0.001698670799783697,0.9433722771476737
